encounter_id,party_size,party_level,monster_count,monster_name,monster_challenge_rating,encounter_description,feasibility_label
encounter_4228,5,17,1,Troll,5.0,A group of 1 Troll(s) confronts a party of 5 adventurers at level 17.,Possible
encounter_4677,1,13,9,Goblin,0.25,A group of 9 Goblin(s) confronts a party of 1 adventurers at level 13.,Possible
encounter_801,4,6,9,Young Red Dragon,10.0,A group of 9 Young Red Dragon(s) confronts a party of 4 adventurers at level 6.,Not Possible
encounter_3672,5,17,8,Bugbear,1.0,A group of 8 Bugbear(s) confronts a party of 5 adventurers at level 17.,Possible
encounter_4194,4,5,2,Young Red Dragon,10.0,A group of 2 Young Red Dragon(s) confronts a party of 4 adventurers at level 5.,Possible
encounter_2969,5,6,6,Troll,5.0,A group of 6 Troll(s) confronts a party of 5 adventurers at level 6.,Possible
encounter_4794,5,17,7,Young Red Dragon,10.0,A group of 7 Young Red Dragon(s) confronts a party of 5 adventurers at level 17.,Possible
encounter_4369,4,2,1,Troll,5.0,A group of 1 Troll(s) confronts a party of 4 adventurers at level 2.,Possible
encounter_2777,1,4,8,Young Red Dragon,10.0,A group of 8 Young Red Dragon(s) confronts a party of 1 adventurers at level 4.,Not Possible
encounter_2971,2,6,1,Goblin,0.25,A group of 1 Goblin(s) confronts a party of 2 adventurers at level 6.,Possible
encounter_3868,3,2,5,Orc,0.5,A group of 5 Orc(s) confronts a party of 3 adventurers at level 2.,Possible
encounter_1744,3,7,7,Troll,5.0,A group of 7 Troll(s) confronts a party of 3 adventurers at level 7.,Not Possible
encounter_3949,1,15,2,Ogre,2.0,A group of 2 Ogre(s) confronts a party of 1 adventurers at level 15.,Possible
encounter_3803,4,11,1,Bugbear,1.0,A group of 1 Bugbear(s) confronts a party of 4 adventurers at level 11.,Possible
encounter_2025,4,15,3,Ogre,2.0,A group of 3 Ogre(s) confronts a party of 4 adventurers at level 15.,Possible
encounter_2275,3,14,7,Bugbear,1.0,A group of 7 Bugbear(s) confronts a party of 3 adventurers at level 14.,Possible
encounter_100,2,15,1,Ogre,2.0,A group of 1 Ogre(s) confronts a party of 2 adventurers at level 15.,Possible
encounter_4922,2,10,5,Bugbear,1.0,A group of 5 Bugbear(s) confronts a party of 2 adventurers at level 10.,Possible
encounter_3408,2,7,2,Young Red Dragon,10.0,A group of 2 Young Red Dragon(s) confronts a party of 2 adventurers at level 7.,Not Possible
encounter_4246,5,3,3,Troll,5.0,A group of 3 Troll(s) confronts a party of 5 adventurers at level 3.,Possible
encounter_4620,1,5,9,Orc,0.5,A group of 9 Orc(s) confronts a party of 1 adventurers at level 5.,Possible
encounter_4917,3,14,9,Bugbear,1.0,A group of 9 Bugbear(s) confronts a party of 3 adventurers at level 14.,Possible
encounter_192,3,12,8,Young Red Dragon,10.0,A group of 8 Young Red Dragon(s) confronts a party of 3 adventurers at level 12.,Not Possible
encounter_4697,3,14,8,Orc,0.5,A group of 8 Orc(s) confronts a party of 3 adventurers at level 14.,Possible
encounter_1785,2,3,5,Orc,0.5,A group of 5 Orc(s) confronts a party of 2 adventurers at level 3.,Possible
encounter_1533,5,18,7,Bugbear,1.0,A group of 7 Bugbear(s) confronts a party of 5 adventurers at level 18.,Possible
encounter_2835,5,18,2,Bugbear,1.0,A group of 2 Bugbear(s) confronts a party of 5 adventurers at level 18.,Possible
encounter_4445,4,8,6,Young Red Dragon,10.0,A group of 6 Young Red Dragon(s) confronts a party of 4 adventurers at level 8.,Not Possible
encounter_4916,4,10,1,Goblin,0.25,A group of 1 Goblin(s) confronts a party of 4 adventurers at level 10.,Possible
encounter_1599,4,3,7,Bugbear,1.0,A group of 7 Bugbear(s) confronts a party of 4 adventurers at level 3.,Possible
encounter_1780,3,19,9,Ogre,2.0,A group of 9 Ogre(s) confronts a party of 3 adventurers at level 19.,Possible
encounter_4901,2,8,5,Troll,5.0,A group of 5 Troll(s) confronts a party of 2 adventurers at level 8.,Not Possible
encounter_2575,5,6,6,Young Red Dragon,10.0,A group of 6 Young Red Dragon(s) confronts a party of 5 adventurers at level 6.,Not Possible
encounter_3399,3,6,3,Bugbear,1.0,A group of 3 Bugbear(s) confronts a party of 3 adventurers at level 6.,Possible
encounter_3976,2,8,5,Troll,5.0,A group of 5 Troll(s) confronts a party of 2 adventurers at level 8.,Not Possible
encounter_3771,5,3,8,Young Red Dragon,10.0,A group of 8 Young Red Dragon(s) confronts a party of 5 adventurers at level 3.,Not Possible
encounter_167,4,3,5,Bugbear,1.0,A group of 5 Bugbear(s) confronts a party of 4 adventurers at level 3.,Possible
encounter_1752,4,6,4,Ogre,2.0,A group of 4 Ogre(s) confronts a party of 4 adventurers at level 6.,Possible
encounter_1480,4,9,7,Orc,0.5,A group of 7 Orc(s) confronts a party of 4 adventurers at level 9.,Possible
encounter_1025,1,16,1,Bugbear,1.0,A group of 1 Bugbear(s) confronts a party of 1 adventurers at level 16.,Possible
encounter_1789,3,13,4,Goblin,0.25,A group of 4 Goblin(s) confronts a party of 3 adventurers at level 13.,Possible
encounter_2265,5,6,1,Ogre,2.0,A group of 1 Ogre(s) confronts a party of 5 adventurers at level 6.,Possible
encounter_2474,3,2,3,Goblin,0.25,A group of 3 Goblin(s) confronts a party of 3 adventurers at level 2.,Possible
encounter_1823,5,7,3,Bugbear,1.0,A group of 3 Bugbear(s) confronts a party of 5 adventurers at level 7.,Possible
encounter_1221,1,6,2,Goblin,0.25,A group of 2 Goblin(s) confronts a party of 1 adventurers at level 6.,Possible
encounter_1667,2,14,8,Bugbear,1.0,A group of 8 Bugbear(s) confronts a party of 2 adventurers at level 14.,Possible
encounter_2961,3,1,5,Goblin,0.25,A group of 5 Goblin(s) confronts a party of 3 adventurers at level 1.,Possible
encounter_153,2,8,4,Goblin,0.25,A group of 4 Goblin(s) confronts a party of 2 adventurers at level 8.,Possible
encounter_2535,1,19,9,Bugbear,1.0,A group of 9 Bugbear(s) confronts a party of 1 adventurers at level 19.,Possible
encounter_4689,1,10,5,Troll,5.0,A group of 5 Troll(s) confronts a party of 1 adventurers at level 10.,Not Possible
encounter_1979,4,17,4,Ogre,2.0,A group of 4 Ogre(s) confronts a party of 4 adventurers at level 17.,Possible
encounter_1470,5,10,2,Goblin,0.25,A group of 2 Goblin(s) confronts a party of 5 adventurers at level 10.,Possible
encounter_2808,4,2,6,Bugbear,1.0,A group of 6 Bugbear(s) confronts a party of 4 adventurers at level 2.,Possible
encounter_2513,5,19,6,Troll,5.0,A group of 6 Troll(s) confronts a party of 5 adventurers at level 19.,Possible
encounter_2944,5,17,3,Bugbear,1.0,A group of 3 Bugbear(s) confronts a party of 5 adventurers at level 17.,Possible
encounter_2981,1,5,7,Goblin,0.25,A group of 7 Goblin(s) confronts a party of 1 adventurers at level 5.,Possible
encounter_4823,4,18,9,Ogre,2.0,A group of 9 Ogre(s) confronts a party of 4 adventurers at level 18.,Possible
encounter_3018,4,19,7,Orc,0.5,A group of 7 Orc(s) confronts a party of 4 adventurers at level 19.,Possible
encounter_1567,2,1,3,Orc,0.5,A group of 3 Orc(s) confronts a party of 2 adventurers at level 1.,Possible
encounter_32,2,11,1,Young Red Dragon,10.0,A group of 1 Young Red Dragon(s) confronts a party of 2 adventurers at level 11.,Possible
encounter_938,4,11,6,Bugbear,1.0,A group of 6 Bugbear(s) confronts a party of 4 adventurers at level 11.,Possible
encounter_1216,2,1,7,Ogre,2.0,A group of 7 Ogre(s) confronts a party of 2 adventurers at level 1.,Not Possible
encounter_1938,1,13,1,Orc,0.5,A group of 1 Orc(s) confronts a party of 1 adventurers at level 13.,Possible
encounter_1130,5,12,3,Bugbear,1.0,A group of 3 Bugbear(s) confronts a party of 5 adventurers at level 12.,Possible
encounter_310,4,2,8,Orc,0.5,A group of 8 Orc(s) confronts a party of 4 adventurers at level 2.,Possible
encounter_4902,1,8,7,Bugbear,1.0,A group of 7 Bugbear(s) confronts a party of 1 adventurers at level 8.,Possible
encounter_2169,4,2,2,Goblin,0.25,A group of 2 Goblin(s) confronts a party of 4 adventurers at level 2.,Possible
encounter_3114,5,4,3,Goblin,0.25,A group of 3 Goblin(s) confronts a party of 5 adventurers at level 4.,Possible
encounter_496,5,4,5,Ogre,2.0,A group of 5 Ogre(s) confronts a party of 5 adventurers at level 4.,Possible
encounter_206,1,6,2,Orc,0.5,A group of 2 Orc(s) confronts a party of 1 adventurers at level 6.,Possible
encounter_2674,1,8,2,Goblin,0.25,A group of 2 Goblin(s) confronts a party of 1 adventurers at level 8.,Possible
encounter_3358,2,17,6,Troll,5.0,A group of 6 Troll(s) confronts a party of 2 adventurers at level 17.,Possible
encounter_3831,4,8,1,Bugbear,1.0,A group of 1 Bugbear(s) confronts a party of 4 adventurers at level 8.,Possible
encounter_306,2,7,3,Ogre,2.0,A group of 3 Ogre(s) confronts a party of 2 adventurers at level 7.,Possible
encounter_3794,3,16,9,Goblin,0.25,A group of 9 Goblin(s) confronts a party of 3 adventurers at level 16.,Possible
encounter_2202,5,7,8,Troll,5.0,A group of 8 Troll(s) confronts a party of 5 adventurers at level 7.,Not Possible
encounter_1062,2,7,5,Goblin,0.25,A group of 5 Goblin(s) confronts a party of 2 adventurers at level 7.,Possible
encounter_844,3,19,5,Ogre,2.0,A group of 5 Ogre(s) confronts a party of 3 adventurers at level 19.,Possible
encounter_3873,3,1,6,Young Red Dragon,10.0,A group of 6 Young Red Dragon(s) confronts a party of 3 adventurers at level 1.,Not Possible
encounter_2252,3,7,4,Ogre,2.0,A group of 4 Ogre(s) confronts a party of 3 adventurers at level 7.,Possible
encounter_212,2,15,9,Bugbear,1.0,A group of 9 Bugbear(s) confronts a party of 2 adventurers at level 15.,Possible
encounter_3998,1,6,3,Young Red Dragon,10.0,A group of 3 Young Red Dragon(s) confronts a party of 1 adventurers at level 6.,Not Possible
encounter_680,4,16,5,Young Red Dragon,10.0,A group of 5 Young Red Dragon(s) confronts a party of 4 adventurers at level 16.,Possible
encounter_566,3,12,5,Troll,5.0,A group of 5 Troll(s) confronts a party of 3 adventurers at level 12.,Possible
encounter_3291,2,8,5,Troll,5.0,A group of 5 Troll(s) confronts a party of 2 adventurers at level 8.,Not Possible
encounter_4355,2,10,9,Goblin,0.25,A group of 9 Goblin(s) confronts a party of 2 adventurers at level 10.,Possible
encounter_681,1,2,5,Bugbear,1.0,A group of 5 Bugbear(s) confronts a party of 1 adventurers at level 2.,Not Possible
encounter_181,5,4,2,Troll,5.0,A group of 2 Troll(s) confronts a party of 5 adventurers at level 4.,Possible
encounter_4280,3,17,1,Ogre,2.0,A group of 1 Ogre(s) confronts a party of 3 adventurers at level 17.,Possible
encounter_2496,5,5,8,Young Red Dragon,10.0,A group of 8 Young Red Dragon(s) confronts a party of 5 adventurers at level 5.,Not Possible
encounter_2317,3,19,9,Troll,5.0,A group of 9 Troll(s) confronts a party of 3 adventurers at level 19.,Possible
encounter_4274,2,2,7,Ogre,2.0,A group of 7 Ogre(s) confronts a party of 2 adventurers at level 2.,Not Possible
encounter_279,3,3,6,Orc,0.5,A group of 6 Orc(s) confronts a party of 3 adventurers at level 3.,Possible
encounter_3684,1,12,3,Young Red Dragon,10.0,A group of 3 Young Red Dragon(s) confronts a party of 1 adventurers at level 12.,Not Possible
encounter_4763,5,16,5,Orc,0.5,A group of 5 Orc(s) confronts a party of 5 adventurers at level 16.,Possible
encounter_433,1,7,3,Bugbear,1.0,A group of 3 Bugbear(s) confronts a party of 1 adventurers at level 7.,Possible
encounter_290,1,13,3,Troll,5.0,A group of 3 Troll(s) confronts a party of 1 adventurers at level 13.,Not Possible
encounter_1028,4,8,7,Goblin,0.25,A group of 7 Goblin(s) confronts a party of 4 adventurers at level 8.,Possible
encounter_536,4,17,8,Goblin,0.25,A group of 8 Goblin(s) confronts a party of 4 adventurers at level 17.,Possible
encounter_3632,3,1,3,Bugbear,1.0,A group of 3 Bugbear(s) confronts a party of 3 adventurers at level 1.,Possible
encounter_189,3,5,5,Young Red Dragon,10.0,A group of 5 Young Red Dragon(s) confronts a party of 3 adventurers at level 5.,Not Possible
encounter_2175,2,17,9,Goblin,0.25,A group of 9 Goblin(s) confronts a party of 2 adventurers at level 17.,Possible
encounter_3916,1,3,3,Orc,0.5,A group of 3 Orc(s) confronts a party of 1 adventurers at level 3.,Possible
encounter_1863,3,13,2,Bugbear,1.0,A group of 2 Bugbear(s) confronts a party of 3 adventurers at level 13.,Possible
encounter_271,1,14,8,Ogre,2.0,A group of 8 Ogre(s) confronts a party of 1 adventurers at level 14.,Not Possible
encounter_1729,3,6,7,Troll,5.0,A group of 7 Troll(s) confronts a party of 3 adventurers at level 6.,Not Possible
encounter_4076,4,15,9,Goblin,0.25,A group of 9 Goblin(s) confronts a party of 4 adventurers at level 15.,Possible
encounter_2158,5,18,6,Goblin,0.25,A group of 6 Goblin(s) confronts a party of 5 adventurers at level 18.,Possible
encounter_3932,2,9,1,Young Red Dragon,10.0,A group of 1 Young Red Dragon(s) confronts a party of 2 adventurers at level 9.,Possible
encounter_112,4,2,7,Bugbear,1.0,A group of 7 Bugbear(s) confronts a party of 4 adventurers at level 2.,Possible
encounter_2385,1,16,3,Young Red Dragon,10.0,A group of 3 Young Red Dragon(s) confronts a party of 1 adventurers at level 16.,Not Possible
encounter_221,1,5,7,Ogre,2.0,A group of 7 Ogre(s) confronts a party of 1 adventurers at level 5.,Not Possible
encounter_628,5,2,9,Ogre,2.0,A group of 9 Ogre(s) confronts a party of 5 adventurers at level 2.,Not Possible
encounter_1182,1,15,1,Orc,0.5,A group of 1 Orc(s) confronts a party of 1 adventurers at level 15.,Possible
encounter_3382,3,14,9,Young Red Dragon,10.0,A group of 9 Young Red Dragon(s) confronts a party of 3 adventurers at level 14.,Not Possible
encounter_2423,3,12,4,Bugbear,1.0,A group of 4 Bugbear(s) confronts a party of 3 adventurers at level 12.,Possible
encounter_791,2,12,9,Ogre,2.0,A group of 9 Ogre(s) confronts a party of 2 adventurers at level 12.,Possible
encounter_4276,4,17,7,Orc,0.5,A group of 7 Orc(s) confronts a party of 4 adventurers at level 17.,Possible
encounter_462,1,18,8,Goblin,0.25,A group of 8 Goblin(s) confronts a party of 1 adventurers at level 18.,Possible
encounter_4403,1,11,8,Young Red Dragon,10.0,A group of 8 Young Red Dragon(s) confronts a party of 1 adventurers at level 11.,Not Possible
encounter_552,5,8,3,Goblin,0.25,A group of 3 Goblin(s) confronts a party of 5 adventurers at level 8.,Possible
encounter_3130,5,13,6,Bugbear,1.0,A group of 6 Bugbear(s) confronts a party of 5 adventurers at level 13.,Possible
encounter_1445,2,16,2,Young Red Dragon,10.0,A group of 2 Young Red Dragon(s) confronts a party of 2 adventurers at level 16.,Possible
encounter_199,1,10,4,Goblin,0.25,A group of 4 Goblin(s) confronts a party of 1 adventurers at level 10.,Possible
encounter_2590,5,17,1,Bugbear,1.0,A group of 1 Bugbear(s) confronts a party of 5 adventurers at level 17.,Possible
encounter_403,3,19,8,Orc,0.5,A group of 8 Orc(s) confronts a party of 3 adventurers at level 19.,Possible
encounter_3960,1,16,6,Orc,0.5,A group of 6 Orc(s) confronts a party of 1 adventurers at level 16.,Possible
encounter_4190,2,13,3,Orc,0.5,A group of 3 Orc(s) confronts a party of 2 adventurers at level 13.,Possible
encounter_4764,2,16,7,Troll,5.0,A group of 7 Troll(s) confronts a party of 2 adventurers at level 16.,Not Possible
encounter_2096,4,10,9,Orc,0.5,A group of 9 Orc(s) confronts a party of 4 adventurers at level 10.,Possible
encounter_2901,1,17,9,Young Red Dragon,10.0,A group of 9 Young Red Dragon(s) confronts a party of 1 adventurers at level 17.,Not Possible
encounter_4463,2,5,4,Orc,0.5,A group of 4 Orc(s) confronts a party of 2 adventurers at level 5.,Possible
encounter_651,3,10,9,Young Red Dragon,10.0,A group of 9 Young Red Dragon(s) confronts a party of 3 adventurers at level 10.,Not Possible
encounter_709,5,3,9,Goblin,0.25,A group of 9 Goblin(s) confronts a party of 5 adventurers at level 3.,Possible
encounter_1481,2,15,8,Goblin,0.25,A group of 8 Goblin(s) confronts a party of 2 adventurers at level 15.,Possible
encounter_4415,5,2,8,Orc,0.5,A group of 8 Orc(s) confronts a party of 5 adventurers at level 2.,Possible
encounter_3066,4,16,3,Bugbear,1.0,A group of 3 Bugbear(s) confronts a party of 4 adventurers at level 16.,Possible
encounter_2396,1,13,8,Orc,0.5,A group of 8 Orc(s) confronts a party of 1 adventurers at level 13.,Possible
encounter_1770,4,14,4,Orc,0.5,A group of 4 Orc(s) confronts a party of 4 adventurers at level 14.,Possible
encounter_315,4,17,2,Orc,0.5,A group of 2 Orc(s) confronts a party of 4 adventurers at level 17.,Possible
encounter_3762,1,9,3,Goblin,0.25,A group of 3 Goblin(s) confronts a party of 1 adventurers at level 9.,Possible
encounter_4910,5,10,7,Orc,0.5,A group of 7 Orc(s) confronts a party of 5 adventurers at level 10.,Possible
encounter_114,4,12,2,Ogre,2.0,A group of 2 Ogre(s) confronts a party of 4 adventurers at level 12.,Possible
encounter_961,3,19,4,Bugbear,1.0,A group of 4 Bugbear(s) confronts a party of 3 adventurers at level 19.,Possible
encounter_2911,4,3,9,Young Red Dragon,10.0,A group of 9 Young Red Dragon(s) confronts a party of 4 adventurers at level 3.,Not Possible
encounter_3406,3,18,7,Young Red Dragon,10.0,A group of 7 Young Red Dragon(s) confronts a party of 3 adventurers at level 18.,Not Possible
encounter_1624,4,4,9,Orc,0.5,A group of 9 Orc(s) confronts a party of 4 adventurers at level 4.,Possible
encounter_3323,2,15,3,Bugbear,1.0,A group of 3 Bugbear(s) confronts a party of 2 adventurers at level 15.,Possible
encounter_5000,1,5,9,Orc,0.5,A group of 9 Orc(s) confronts a party of 1 adventurers at level 5.,Possible
encounter_1819,1,10,8,Goblin,0.25,A group of 8 Goblin(s) confronts a party of 1 adventurers at level 10.,Possible
encounter_3195,4,9,4,Young Red Dragon,10.0,A group of 4 Young Red Dragon(s) confronts a party of 4 adventurers at level 9.,Not Possible
encounter_3008,5,7,7,Young Red Dragon,10.0,A group of 7 Young Red Dragon(s) confronts a party of 5 adventurers at level 7.,Not Possible
encounter_3415,1,9,9,Ogre,2.0,A group of 9 Ogre(s) confronts a party of 1 adventurers at level 9.,Not Possible
encounter_4529,2,17,5,Ogre,2.0,A group of 5 Ogre(s) confronts a party of 2 adventurers at level 17.,Possible
encounter_1898,4,13,5,Troll,5.0,A group of 5 Troll(s) confronts a party of 4 adventurers at level 13.,Possible
encounter_1919,3,12,2,Troll,5.0,A group of 2 Troll(s) confronts a party of 3 adventurers at level 12.,Possible
encounter_1271,3,4,9,Troll,5.0,A group of 9 Troll(s) confronts a party of 3 adventurers at level 4.,Not Possible
encounter_4177,1,5,1,Ogre,2.0,A group of 1 Ogre(s) confronts a party of 1 adventurers at level 5.,Possible
encounter_4963,3,10,3,Bugbear,1.0,A group of 3 Bugbear(s) confronts a party of 3 adventurers at level 10.,Possible
encounter_4884,4,9,3,Orc,0.5,A group of 3 Orc(s) confronts a party of 4 adventurers at level 9.,Possible
encounter_4095,3,17,6,Troll,5.0,A group of 6 Troll(s) confronts a party of 3 adventurers at level 17.,Possible
encounter_3160,3,19,5,Orc,0.5,A group of 5 Orc(s) confronts a party of 3 adventurers at level 19.,Possible
encounter_1814,4,9,7,Bugbear,1.0,A group of 7 Bugbear(s) confronts a party of 4 adventurers at level 9.,Possible
encounter_2427,1,7,6,Orc,0.5,A group of 6 Orc(s) confronts a party of 1 adventurers at level 7.,Possible
encounter_3951,2,15,4,Troll,5.0,A group of 4 Troll(s) confronts a party of 2 adventurers at level 15.,Possible
encounter_4429,4,11,6,Orc,0.5,A group of 6 Orc(s) confronts a party of 4 adventurers at level 11.,Possible
encounter_2143,3,13,7,Goblin,0.25,A group of 7 Goblin(s) confronts a party of 3 adventurers at level 13.,Possible
encounter_1627,2,2,2,Bugbear,1.0,A group of 2 Bugbear(s) confronts a party of 2 adventurers at level 2.,Possible
encounter_790,2,12,4,Ogre,2.0,A group of 4 Ogre(s) confronts a party of 2 adventurers at level 12.,Possible
encounter_3787,2,17,3,Orc,0.5,A group of 3 Orc(s) confronts a party of 2 adventurers at level 17.,Possible
encounter_1865,2,2,3,Troll,5.0,A group of 3 Troll(s) confronts a party of 2 adventurers at level 2.,Not Possible
encounter_2866,3,4,7,Young Red Dragon,10.0,A group of 7 Young Red Dragon(s) confronts a party of 3 adventurers at level 4.,Not Possible
encounter_872,5,10,1,Bugbear,1.0,A group of 1 Bugbear(s) confronts a party of 5 adventurers at level 10.,Possible
encounter_3272,4,10,6,Goblin,0.25,A group of 6 Goblin(s) confronts a party of 4 adventurers at level 10.,Possible
encounter_3834,3,13,4,Troll,5.0,A group of 4 Troll(s) confronts a party of 3 adventurers at level 13.,Possible
encounter_74,1,17,4,Orc,0.5,A group of 4 Orc(s) confronts a party of 1 adventurers at level 17.,Possible
encounter_1753,4,10,6,Young Red Dragon,10.0,A group of 6 Young Red Dragon(s) confronts a party of 4 adventurers at level 10.,Not Possible
encounter_1422,3,6,8,Bugbear,1.0,A group of 8 Bugbear(s) confronts a party of 3 adventurers at level 6.,Possible
encounter_4222,1,12,8,Bugbear,1.0,A group of 8 Bugbear(s) confronts a party of 1 adventurers at level 12.,Possible
encounter_4694,4,10,5,Orc,0.5,A group of 5 Orc(s) confronts a party of 4 adventurers at level 10.,Possible
encounter_4370,3,13,5,Ogre,2.0,A group of 5 Ogre(s) confronts a party of 3 adventurers at level 13.,Possible
encounter_4576,4,3,9,Goblin,0.25,A group of 9 Goblin(s) confronts a party of 4 adventurers at level 3.,Possible
encounter_3810,4,10,5,Ogre,2.0,A group of 5 Ogre(s) confronts a party of 4 adventurers at level 10.,Possible
encounter_2245,4,12,8,Bugbear,1.0,A group of 8 Bugbear(s) confronts a party of 4 adventurers at level 12.,Possible
encounter_3048,2,2,8,Ogre,2.0,A group of 8 Ogre(s) confronts a party of 2 adventurers at level 2.,Not Possible
encounter_2446,5,13,4,Orc,0.5,A group of 4 Orc(s) confronts a party of 5 adventurers at level 13.,Possible
encounter_495,3,3,5,Troll,5.0,A group of 5 Troll(s) confronts a party of 3 adventurers at level 3.,Not Possible
encounter_3131,4,13,3,Young Red Dragon,10.0,A group of 3 Young Red Dragon(s) confronts a party of 4 adventurers at level 13.,Possible
encounter_4322,1,19,6,Bugbear,1.0,A group of 6 Bugbear(s) confronts a party of 1 adventurers at level 19.,Possible
encounter_4398,1,4,2,Young Red Dragon,10.0,A group of 2 Young Red Dragon(s) confronts a party of 1 adventurers at level 4.,Not Possible
encounter_1165,5,12,3,Ogre,2.0,A group of 3 Ogre(s) confronts a party of 5 adventurers at level 12.,Possible
encounter_3735,3,17,8,Goblin,0.25,A group of 8 Goblin(s) confronts a party of 3 adventurers at level 17.,Possible
encounter_1731,2,16,8,Bugbear,1.0,A group of 8 Bugbear(s) confronts a party of 2 adventurers at level 16.,Possible
encounter_4813,5,5,4,Ogre,2.0,A group of 4 Ogre(s) confronts a party of 5 adventurers at level 5.,Possible
encounter_2403,5,5,1,Orc,0.5,A group of 1 Orc(s) confronts a party of 5 adventurers at level 5.,Possible
encounter_3404,1,8,5,Orc,0.5,A group of 5 Orc(s) confronts a party of 1 adventurers at level 8.,Possible
encounter_619,4,6,7,Bugbear,1.0,A group of 7 Bugbear(s) confronts a party of 4 adventurers at level 6.,Possible
encounter_1698,1,3,4,Young Red Dragon,10.0,A group of 4 Young Red Dragon(s) confronts a party of 1 adventurers at level 3.,Not Possible
encounter_3594,2,9,7,Goblin,0.25,A group of 7 Goblin(s) confronts a party of 2 adventurers at level 9.,Possible
encounter_1958,4,18,2,Troll,5.0,A group of 2 Troll(s) confronts a party of 4 adventurers at level 18.,Possible
encounter_1222,5,9,7,Young Red Dragon,10.0,A group of 7 Young Red Dragon(s) confronts a party of 5 adventurers at level 9.,Not Possible
encounter_2074,4,5,3,Young Red Dragon,10.0,A group of 3 Young Red Dragon(s) confronts a party of 4 adventurers at level 5.,Not Possible
encounter_3411,3,3,3,Ogre,2.0,A group of 3 Ogre(s) confronts a party of 3 adventurers at level 3.,Possible
encounter_870,5,3,2,Orc,0.5,A group of 2 Orc(s) confronts a party of 5 adventurers at level 3.,Possible
encounter_2719,2,5,3,Bugbear,1.0,A group of 3 Bugbear(s) confronts a party of 2 adventurers at level 5.,Possible
encounter_1043,3,1,6,Ogre,2.0,A group of 6 Ogre(s) confronts a party of 3 adventurers at level 1.,Not Possible
encounter_1362,2,11,9,Orc,0.5,A group of 9 Orc(s) confronts a party of 2 adventurers at level 11.,Possible
encounter_357,4,13,2,Orc,0.5,A group of 2 Orc(s) confronts a party of 4 adventurers at level 13.,Possible
encounter_1163,3,6,2,Bugbear,1.0,A group of 2 Bugbear(s) confronts a party of 3 adventurers at level 6.,Possible
encounter_2766,5,19,3,Orc,0.5,A group of 3 Orc(s) confronts a party of 5 adventurers at level 19.,Possible
encounter_3253,1,6,5,Troll,5.0,A group of 5 Troll(s) confronts a party of 1 adventurers at level 6.,Not Possible
encounter_1439,1,2,3,Orc,0.5,A group of 3 Orc(s) confronts a party of 1 adventurers at level 2.,Possible
encounter_3604,3,12,8,Troll,5.0,A group of 8 Troll(s) confronts a party of 3 adventurers at level 12.,Not Possible
encounter_4941,5,14,1,Orc,0.5,A group of 1 Orc(s) confronts a party of 5 adventurers at level 14.,Possible
encounter_4594,4,19,2,Troll,5.0,A group of 2 Troll(s) confronts a party of 4 adventurers at level 19.,Possible
encounter_3640,5,6,8,Orc,0.5,A group of 8 Orc(s) confronts a party of 5 adventurers at level 6.,Possible
encounter_1254,3,2,2,Orc,0.5,A group of 2 Orc(s) confronts a party of 3 adventurers at level 2.,Possible
encounter_3366,5,16,7,Ogre,2.0,A group of 7 Ogre(s) confronts a party of 5 adventurers at level 16.,Possible
encounter_333,5,13,2,Ogre,2.0,A group of 2 Ogre(s) confronts a party of 5 adventurers at level 13.,Possible
encounter_3695,5,8,4,Bugbear,1.0,A group of 4 Bugbear(s) confronts a party of 5 adventurers at level 8.,Possible
encounter_3569,4,2,3,Ogre,2.0,A group of 3 Ogre(s) confronts a party of 4 adventurers at level 2.,Possible
encounter_2729,3,6,4,Ogre,2.0,A group of 4 Ogre(s) confronts a party of 3 adventurers at level 6.,Possible
encounter_3668,3,7,5,Goblin,0.25,A group of 5 Goblin(s) confronts a party of 3 adventurers at level 7.,Possible
encounter_1631,2,3,3,Orc,0.5,A group of 3 Orc(s) confronts a party of 2 adventurers at level 3.,Possible
encounter_1117,4,19,2,Orc,0.5,A group of 2 Orc(s) confronts a party of 4 adventurers at level 19.,Possible
encounter_1850,2,1,5,Young Red Dragon,10.0,A group of 5 Young Red Dragon(s) confronts a party of 2 adventurers at level 1.,Not Possible
encounter_3555,1,1,2,Ogre,2.0,A group of 2 Ogre(s) confronts a party of 1 adventurers at level 1.,Not Possible
encounter_3154,4,7,4,Orc,0.5,A group of 4 Orc(s) confronts a party of 4 adventurers at level 7.,Possible
encounter_3266,3,9,9,Bugbear,1.0,A group of 9 Bugbear(s) confronts a party of 3 adventurers at level 9.,Possible
encounter_1666,4,4,6,Orc,0.5,A group of 6 Orc(s) confronts a party of 4 adventurers at level 4.,Possible
encounter_446,2,6,7,Goblin,0.25,A group of 7 Goblin(s) confronts a party of 2 adventurers at level 6.,Possible
encounter_2246,3,15,2,Young Red Dragon,10.0,A group of 2 Young Red Dragon(s) confronts a party of 3 adventurers at level 15.,Possible
encounter_453,1,6,4,Bugbear,1.0,A group of 4 Bugbear(s) confronts a party of 1 adventurers at level 6.,Possible
encounter_1552,3,17,3,Ogre,2.0,A group of 3 Ogre(s) confronts a party of 3 adventurers at level 17.,Possible
encounter_4435,3,9,6,Troll,5.0,A group of 6 Troll(s) confronts a party of 3 adventurers at level 9.,Not Possible
encounter_2955,4,7,5,Troll,5.0,A group of 5 Troll(s) confronts a party of 4 adventurers at level 7.,Possible
encounter_15,5,11,7,Orc,0.5,A group of 7 Orc(s) confronts a party of 5 adventurers at level 11.,Possible
encounter_3629,2,11,6,Troll,5.0,A group of 6 Troll(s) confronts a party of 2 adventurers at level 11.,Not Possible
encounter_946,2,14,4,Bugbear,1.0,A group of 4 Bugbear(s) confronts a party of 2 adventurers at level 14.,Possible
encounter_248,1,12,4,Young Red Dragon,10.0,A group of 4 Young Red Dragon(s) confronts a party of 1 adventurers at level 12.,Not Possible
encounter_4698,1,12,8,Bugbear,1.0,A group of 8 Bugbear(s) confronts a party of 1 adventurers at level 12.,Possible
encounter_361,2,4,8,Bugbear,1.0,A group of 8 Bugbear(s) confronts a party of 2 adventurers at level 4.,Possible
encounter_4657,1,18,6,Goblin,0.25,A group of 6 Goblin(s) confronts a party of 1 adventurers at level 18.,Possible
encounter_1615,4,1,7,Young Red Dragon,10.0,A group of 7 Young Red Dragon(s) confronts a party of 4 adventurers at level 1.,Not Possible
encounter_2304,2,19,3,Ogre,2.0,A group of 3 Ogre(s) confronts a party of 2 adventurers at level 19.,Possible
encounter_4142,4,15,9,Young Red Dragon,10.0,A group of 9 Young Red Dragon(s) confronts a party of 4 adventurers at level 15.,Not Possible
encounter_3169,5,16,1,Goblin,0.25,A group of 1 Goblin(s) confronts a party of 5 adventurers at level 16.,Possible
encounter_2479,5,14,8,Goblin,0.25,A group of 8 Goblin(s) confronts a party of 5 adventurers at level 14.,Possible
encounter_4215,5,5,6,Bugbear,1.0,A group of 6 Bugbear(s) confronts a party of 5 adventurers at level 5.,Possible
encounter_4181,2,6,2,Young Red Dragon,10.0,A group of 2 Young Red Dragon(s) confronts a party of 2 adventurers at level 6.,Not Possible
encounter_4885,4,11,4,Ogre,2.0,A group of 4 Ogre(s) confronts a party of 4 adventurers at level 11.,Possible
encounter_3164,5,14,4,Troll,5.0,A group of 4 Troll(s) confronts a party of 5 adventurers at level 14.,Possible
encounter_491,2,5,1,Young Red Dragon,10.0,A group of 1 Young Red Dragon(s) confronts a party of 2 adventurers at level 5.,Possible
encounter_863,3,1,7,Troll,5.0,A group of 7 Troll(s) confronts a party of 3 adventurers at level 1.,Not Possible
encounter_1741,3,4,8,Young Red Dragon,10.0,A group of 8 Young Red Dragon(s) confronts a party of 3 adventurers at level 4.,Not Possible
encounter_4100,5,5,1,Young Red Dragon,10.0,A group of 1 Young Red Dragon(s) confronts a party of 5 adventurers at level 5.,Possible
encounter_4386,1,12,2,Bugbear,1.0,A group of 2 Bugbear(s) confronts a party of 1 adventurers at level 12.,Possible
encounter_2448,5,14,5,Young Red Dragon,10.0,A group of 5 Young Red Dragon(s) confronts a party of 5 adventurers at level 14.,Possible
encounter_4231,1,4,9,Young Red Dragon,10.0,A group of 9 Young Red Dragon(s) confronts a party of 1 adventurers at level 4.,Not Possible
encounter_507,5,16,2,Orc,0.5,A group of 2 Orc(s) confronts a party of 5 adventurers at level 16.,Possible
encounter_2678,1,15,3,Troll,5.0,A group of 3 Troll(s) confronts a party of 1 adventurers at level 15.,Possible
encounter_2996,4,12,4,Orc,0.5,A group of 4 Orc(s) confronts a party of 4 adventurers at level 12.,Possible
encounter_1943,4,3,6,Young Red Dragon,10.0,A group of 6 Young Red Dragon(s) confronts a party of 4 adventurers at level 3.,Not Possible
encounter_1223,4,4,7,Bugbear,1.0,A group of 7 Bugbear(s) confronts a party of 4 adventurers at level 4.,Possible
encounter_1114,5,19,6,Young Red Dragon,10.0,A group of 6 Young Red Dragon(s) confronts a party of 5 adventurers at level 19.,Possible
encounter_1906,3,1,9,Goblin,0.25,A group of 9 Goblin(s) confronts a party of 3 adventurers at level 1.,Possible
encounter_3424,5,9,3,Goblin,0.25,A group of 3 Goblin(s) confronts a party of 5 adventurers at level 9.,Possible
encounter_1878,4,6,2,Orc,0.5,A group of 2 Orc(s) confronts a party of 4 adventurers at level 6.,Possible
encounter_4673,1,12,2,Troll,5.0,A group of 2 Troll(s) confronts a party of 1 adventurers at level 12.,Possible
encounter_434,2,9,4,Bugbear,1.0,A group of 4 Bugbear(s) confronts a party of 2 adventurers at level 9.,Possible
encounter_2365,2,10,6,Troll,5.0,A group of 6 Troll(s) confronts a party of 2 adventurers at level 10.,Not Possible
encounter_3155,5,18,8,Ogre,2.0,A group of 8 Ogre(s) confronts a party of 5 adventurers at level 18.,Possible
encounter_2836,2,4,9,Goblin,0.25,A group of 9 Goblin(s) confronts a party of 2 adventurers at level 4.,Possible
encounter_2093,3,19,1,Ogre,2.0,A group of 1 Ogre(s) confronts a party of 3 adventurers at level 19.,Possible
encounter_3011,5,2,4,Goblin,0.25,A group of 4 Goblin(s) confronts a party of 5 adventurers at level 2.,Possible
encounter_3163,5,7,4,Orc,0.5,A group of 4 Orc(s) confronts a party of 5 adventurers at level 7.,Possible
encounter_2946,2,16,3,Bugbear,1.0,A group of 3 Bugbear(s) confronts a party of 2 adventurers at level 16.,Possible
encounter_3917,2,2,6,Orc,0.5,A group of 6 Orc(s) confronts a party of 2 adventurers at level 2.,Possible
encounter_2917,3,17,2,Bugbear,1.0,A group of 2 Bugbear(s) confronts a party of 3 adventurers at level 17.,Possible
encounter_1103,1,2,3,Young Red Dragon,10.0,A group of 3 Young Red Dragon(s) confronts a party of 1 adventurers at level 2.,Not Possible
encounter_1449,1,5,4,Goblin,0.25,A group of 4 Goblin(s) confronts a party of 1 adventurers at level 5.,Possible
encounter_1721,1,14,1,Young Red Dragon,10.0,A group of 1 Young Red Dragon(s) confronts a party of 1 adventurers at level 14.,Possible
encounter_4519,3,19,7,Young Red Dragon,10.0,A group of 7 Young Red Dragon(s) confronts a party of 3 adventurers at level 19.,Not Possible
encounter_3843,5,14,1,Goblin,0.25,A group of 1 Goblin(s) confronts a party of 5 adventurers at level 14.,Possible
encounter_157,4,17,6,Troll,5.0,A group of 6 Troll(s) confronts a party of 4 adventurers at level 17.,Possible
encounter_2979,1,5,7,Young Red Dragon,10.0,A group of 7 Young Red Dragon(s) confronts a party of 1 adventurers at level 5.,Not Possible
encounter_1774,4,5,9,Ogre,2.0,A group of 9 Ogre(s) confronts a party of 4 adventurers at level 5.,Possible
encounter_616,3,15,8,Bugbear,1.0,A group of 8 Bugbear(s) confronts a party of 3 adventurers at level 15.,Possible
encounter_644,5,7,3,Goblin,0.25,A group of 3 Goblin(s) confronts a party of 5 adventurers at level 7.,Possible
encounter_1936,5,11,7,Ogre,2.0,A group of 7 Ogre(s) confronts a party of 5 adventurers at level 11.,Possible
encounter_4278,2,4,7,Troll,5.0,A group of 7 Troll(s) confronts a party of 2 adventurers at level 4.,Not Possible
encounter_1069,2,12,7,Troll,5.0,A group of 7 Troll(s) confronts a party of 2 adventurers at level 12.,Not Possible
encounter_4455,1,16,6,Orc,0.5,A group of 6 Orc(s) confronts a party of 1 adventurers at level 16.,Possible
encounter_4155,3,10,9,Ogre,2.0,A group of 9 Ogre(s) confronts a party of 3 adventurers at level 10.,Possible
encounter_4240,5,15,8,Ogre,2.0,A group of 8 Ogre(s) confronts a party of 5 adventurers at level 15.,Possible
encounter_4869,4,14,8,Young Red Dragon,10.0,A group of 8 Young Red Dragon(s) confronts a party of 4 adventurers at level 14.,Not Possible
encounter_331,4,1,1,Troll,5.0,A group of 1 Troll(s) confronts a party of 4 adventurers at level 1.,Not Possible
encounter_2058,3,13,8,Young Red Dragon,10.0,A group of 8 Young Red Dragon(s) confronts a party of 3 adventurers at level 13.,Not Possible
encounter_2647,1,14,5,Ogre,2.0,A group of 5 Ogre(s) confronts a party of 1 adventurers at level 14.,Possible
encounter_2192,1,13,1,Ogre,2.0,A group of 1 Ogre(s) confronts a party of 1 adventurers at level 13.,Possible
encounter_623,1,9,5,Young Red Dragon,10.0,A group of 5 Young Red Dragon(s) confronts a party of 1 adventurers at level 9.,Not Possible
encounter_1596,2,1,9,Ogre,2.0,A group of 9 Ogre(s) confronts a party of 2 adventurers at level 1.,Not Possible
encounter_2916,1,18,9,Goblin,0.25,A group of 9 Goblin(s) confronts a party of 1 adventurers at level 18.,Possible
encounter_4822,3,11,7,Bugbear,1.0,A group of 7 Bugbear(s) confronts a party of 3 adventurers at level 11.,Possible
encounter_3899,5,6,4,Ogre,2.0,A group of 4 Ogre(s) confronts a party of 5 adventurers at level 6.,Possible
encounter_1920,2,16,7,Troll,5.0,A group of 7 Troll(s) confronts a party of 2 adventurers at level 16.,Not Possible
encounter_4174,3,11,3,Goblin,0.25,A group of 3 Goblin(s) confronts a party of 3 adventurers at level 11.,Possible
encounter_4478,3,12,7,Goblin,0.25,A group of 7 Goblin(s) confronts a party of 3 adventurers at level 12.,Possible
encounter_756,1,5,8,Goblin,0.25,A group of 8 Goblin(s) confronts a party of 1 adventurers at level 5.,Possible
encounter_519,4,11,5,Goblin,0.25,A group of 5 Goblin(s) confronts a party of 4 adventurers at level 11.,Possible
encounter_3804,5,17,1,Bugbear,1.0,A group of 1 Bugbear(s) confronts a party of 5 adventurers at level 17.,Possible
encounter_33,2,4,9,Ogre,2.0,A group of 9 Ogre(s) confronts a party of 2 adventurers at level 4.,Not Possible
encounter_2938,4,2,5,Bugbear,1.0,A group of 5 Bugbear(s) confronts a party of 4 adventurers at level 2.,Possible
encounter_1158,5,17,9,Orc,0.5,A group of 9 Orc(s) confronts a party of 5 adventurers at level 17.,Possible
encounter_745,1,15,9,Bugbear,1.0,A group of 9 Bugbear(s) confronts a party of 1 adventurers at level 15.,Possible
encounter_1498,2,6,9,Ogre,2.0,A group of 9 Ogre(s) confronts a party of 2 adventurers at level 6.,Not Possible
encounter_3460,4,7,1,Bugbear,1.0,A group of 1 Bugbear(s) confronts a party of 4 adventurers at level 7.,Possible
encounter_3756,3,10,7,Orc,0.5,A group of 7 Orc(s) confronts a party of 3 adventurers at level 10.,Possible
encounter_2592,5,12,5,Goblin,0.25,A group of 5 Goblin(s) confronts a party of 5 adventurers at level 12.,Possible
encounter_784,2,17,6,Orc,0.5,A group of 6 Orc(s) confronts a party of 2 adventurers at level 17.,Possible
encounter_3494,1,6,9,Troll,5.0,A group of 9 Troll(s) confronts a party of 1 adventurers at level 6.,Not Possible
encounter_2950,4,16,1,Bugbear,1.0,A group of 1 Bugbear(s) confronts a party of 4 adventurers at level 16.,Possible
encounter_230,3,14,1,Orc,0.5,A group of 1 Orc(s) confronts a party of 3 adventurers at level 14.,Possible
encounter_858,4,2,2,Troll,5.0,A group of 2 Troll(s) confronts a party of 4 adventurers at level 2.,Not Possible
encounter_2267,3,15,1,Troll,5.0,A group of 1 Troll(s) confronts a party of 3 adventurers at level 15.,Possible
encounter_4275,2,3,4,Goblin,0.25,A group of 4 Goblin(s) confronts a party of 2 adventurers at level 3.,Possible
encounter_409,4,19,7,Ogre,2.0,A group of 7 Ogre(s) confronts a party of 4 adventurers at level 19.,Possible
encounter_171,1,9,2,Orc,0.5,A group of 2 Orc(s) confronts a party of 1 adventurers at level 9.,Possible
encounter_541,4,13,2,Ogre,2.0,A group of 2 Ogre(s) confronts a party of 4 adventurers at level 13.,Possible
encounter_2211,2,14,4,Orc,0.5,A group of 4 Orc(s) confronts a party of 2 adventurers at level 14.,Possible
encounter_2305,5,4,9,Ogre,2.0,A group of 9 Ogre(s) confronts a party of 5 adventurers at level 4.,Possible
encounter_2568,3,17,8,Ogre,2.0,A group of 8 Ogre(s) confronts a party of 3 adventurers at level 17.,Possible
encounter_614,2,10,4,Troll,5.0,A group of 4 Troll(s) confronts a party of 2 adventurers at level 10.,Possible
encounter_2102,1,19,2,Troll,5.0,A group of 2 Troll(s) confronts a party of 1 adventurers at level 19.,Possible
encounter_1809,4,14,3,Bugbear,1.0,A group of 3 Bugbear(s) confronts a party of 4 adventurers at level 14.,Possible
encounter_3439,5,14,3,Bugbear,1.0,A group of 3 Bugbear(s) confronts a party of 5 adventurers at level 14.,Possible
encounter_1162,3,10,3,Goblin,0.25,A group of 3 Goblin(s) confronts a party of 3 adventurers at level 10.,Possible
encounter_4226,3,2,3,Ogre,2.0,A group of 3 Ogre(s) confronts a party of 3 adventurers at level 2.,Possible
encounter_3120,2,7,4,Troll,5.0,A group of 4 Troll(s) confronts a party of 2 adventurers at level 7.,Not Possible
encounter_3653,2,10,3,Orc,0.5,A group of 3 Orc(s) confronts a party of 2 adventurers at level 10.,Possible
encounter_1611,1,10,6,Bugbear,1.0,A group of 6 Bugbear(s) confronts a party of 1 adventurers at level 10.,Possible
encounter_1933,4,17,8,Goblin,0.25,A group of 8 Goblin(s) confronts a party of 4 adventurers at level 17.,Possible
encounter_3028,4,9,4,Ogre,2.0,A group of 4 Ogre(s) confronts a party of 4 adventurers at level 9.,Possible
encounter_565,4,4,6,Orc,0.5,A group of 6 Orc(s) confronts a party of 4 adventurers at level 4.,Possible
encounter_3572,1,3,2,Troll,5.0,A group of 2 Troll(s) confronts a party of 1 adventurers at level 3.,Not Possible
encounter_4248,5,5,9,Young Red Dragon,10.0,A group of 9 Young Red Dragon(s) confronts a party of 5 adventurers at level 5.,Not Possible
encounter_2389,5,13,6,Goblin,0.25,A group of 6 Goblin(s) confronts a party of 5 adventurers at level 13.,Possible
encounter_1472,2,18,9,Ogre,2.0,A group of 9 Ogre(s) confronts a party of 2 adventurers at level 18.,Possible
encounter_2631,1,5,3,Goblin,0.25,A group of 3 Goblin(s) confronts a party of 1 adventurers at level 5.,Possible
encounter_1836,5,5,1,Ogre,2.0,A group of 1 Ogre(s) confronts a party of 5 adventurers at level 5.,Possible
encounter_4929,5,8,6,Orc,0.5,A group of 6 Orc(s) confronts a party of 5 adventurers at level 8.,Possible
encounter_3476,1,6,3,Orc,0.5,A group of 3 Orc(s) confronts a party of 1 adventurers at level 6.,Possible
encounter_1534,2,4,6,Troll,5.0,A group of 6 Troll(s) confronts a party of 2 adventurers at level 4.,Not Possible
encounter_4328,3,19,7,Troll,5.0,A group of 7 Troll(s) confronts a party of 3 adventurers at level 19.,Possible
encounter_2485,2,1,7,Goblin,0.25,A group of 7 Goblin(s) confronts a party of 2 adventurers at level 1.,Possible
encounter_4208,1,10,7,Goblin,0.25,A group of 7 Goblin(s) confronts a party of 1 adventurers at level 10.,Possible
encounter_1173,2,19,4,Goblin,0.25,A group of 4 Goblin(s) confronts a party of 2 adventurers at level 19.,Possible
encounter_1428,1,8,8,Goblin,0.25,A group of 8 Goblin(s) confronts a party of 1 adventurers at level 8.,Possible
encounter_326,5,18,2,Ogre,2.0,A group of 2 Ogre(s) confronts a party of 5 adventurers at level 18.,Possible
encounter_1052,4,15,6,Goblin,0.25,A group of 6 Goblin(s) confronts a party of 4 adventurers at level 15.,Possible
encounter_3320,2,4,9,Ogre,2.0,A group of 9 Ogre(s) confronts a party of 2 adventurers at level 4.,Not Possible
encounter_4722,5,8,1,Ogre,2.0,A group of 1 Ogre(s) confronts a party of 5 adventurers at level 8.,Possible
encounter_3865,1,4,9,Goblin,0.25,A group of 9 Goblin(s) confronts a party of 1 adventurers at level 4.,Possible
encounter_2604,3,2,4,Young Red Dragon,10.0,A group of 4 Young Red Dragon(s) confronts a party of 3 adventurers at level 2.,Not Possible
encounter_1739,1,15,8,Young Red Dragon,10.0,A group of 8 Young Red Dragon(s) confronts a party of 1 adventurers at level 15.,Not Possible
encounter_1197,5,5,5,Troll,5.0,A group of 5 Troll(s) confronts a party of 5 adventurers at level 5.,Possible
encounter_621,5,18,8,Young Red Dragon,10.0,A group of 8 Young Red Dragon(s) confronts a party of 5 adventurers at level 18.,Possible
encounter_1375,1,8,4,Goblin,0.25,A group of 4 Goblin(s) confronts a party of 1 adventurers at level 8.,Possible
encounter_2880,4,11,4,Goblin,0.25,A group of 4 Goblin(s) confronts a party of 4 adventurers at level 11.,Possible
encounter_1190,5,19,9,Troll,5.0,A group of 9 Troll(s) confronts a party of 5 adventurers at level 19.,Possible
encounter_329,5,4,9,Young Red Dragon,10.0,A group of 9 Young Red Dragon(s) confronts a party of 5 adventurers at level 4.,Not Possible
encounter_649,3,4,4,Troll,5.0,A group of 4 Troll(s) confronts a party of 3 adventurers at level 4.,Not Possible
encounter_898,5,17,1,Goblin,0.25,A group of 1 Goblin(s) confronts a party of 5 adventurers at level 17.,Possible
encounter_3883,5,17,1,Orc,0.5,A group of 1 Orc(s) confronts a party of 5 adventurers at level 17.,Possible
encounter_1124,2,1,9,Goblin,0.25,A group of 9 Goblin(s) confronts a party of 2 adventurers at level 1.,Not Possible
encounter_1892,1,14,7,Bugbear,1.0,A group of 7 Bugbear(s) confronts a party of 1 adventurers at level 14.,Possible
encounter_4644,5,17,7,Ogre,2.0,A group of 7 Ogre(s) confronts a party of 5 adventurers at level 17.,Possible
encounter_4792,3,6,5,Young Red Dragon,10.0,A group of 5 Young Red Dragon(s) confronts a party of 3 adventurers at level 6.,Not Possible
encounter_4530,5,3,1,Bugbear,1.0,A group of 1 Bugbear(s) confronts a party of 5 adventurers at level 3.,Possible
encounter_4235,3,18,8,Young Red Dragon,10.0,A group of 8 Young Red Dragon(s) confronts a party of 3 adventurers at level 18.,Not Possible
encounter_1594,5,15,4,Young Red Dragon,10.0,A group of 4 Young Red Dragon(s) confronts a party of 5 adventurers at level 15.,Possible
encounter_3313,1,14,1,Troll,5.0,A group of 1 Troll(s) confronts a party of 1 adventurers at level 14.,Possible
encounter_2548,1,17,5,Goblin,0.25,A group of 5 Goblin(s) confronts a party of 1 adventurers at level 17.,Possible
encounter_1546,1,17,3,Bugbear,1.0,A group of 3 Bugbear(s) confronts a party of 1 adventurers at level 17.,Possible
encounter_4337,2,14,8,Young Red Dragon,10.0,A group of 8 Young Red Dragon(s) confronts a party of 2 adventurers at level 14.,Not Possible
encounter_1024,2,17,8,Bugbear,1.0,A group of 8 Bugbear(s) confronts a party of 2 adventurers at level 17.,Possible
encounter_1972,1,1,2,Troll,5.0,A group of 2 Troll(s) confronts a party of 1 adventurers at level 1.,Not Possible
encounter_4989,5,1,6,Bugbear,1.0,A group of 6 Bugbear(s) confronts a party of 5 adventurers at level 1.,Not Possible
encounter_1715,2,19,6,Orc,0.5,A group of 6 Orc(s) confronts a party of 2 adventurers at level 19.,Possible
encounter_1718,4,4,2,Goblin,0.25,A group of 2 Goblin(s) confronts a party of 4 adventurers at level 4.,Possible
encounter_1478,1,14,6,Ogre,2.0,A group of 6 Ogre(s) confronts a party of 1 adventurers at level 14.,Possible
encounter_810,2,10,3,Young Red Dragon,10.0,A group of 3 Young Red Dragon(s) confronts a party of 2 adventurers at level 10.,Not Possible
encounter_2851,4,13,6,Ogre,2.0,A group of 6 Ogre(s) confronts a party of 4 adventurers at level 13.,Possible
encounter_979,4,19,1,Young Red Dragon,10.0,A group of 1 Young Red Dragon(s) confronts a party of 4 adventurers at level 19.,Possible
encounter_4688,2,9,3,Ogre,2.0,A group of 3 Ogre(s) confronts a party of 2 adventurers at level 9.,Possible
encounter_4896,4,14,8,Goblin,0.25,A group of 8 Goblin(s) confronts a party of 4 adventurers at level 14.,Possible
encounter_1685,4,6,5,Troll,5.0,A group of 5 Troll(s) confronts a party of 4 adventurers at level 6.,Not Possible
encounter_4661,4,17,8,Young Red Dragon,10.0,A group of 8 Young Red Dragon(s) confronts a party of 4 adventurers at level 17.,Not Possible
encounter_1515,5,8,9,Orc,0.5,A group of 9 Orc(s) confronts a party of 5 adventurers at level 8.,Possible
encounter_2405,5,10,7,Troll,5.0,A group of 7 Troll(s) confronts a party of 5 adventurers at level 10.,Possible
encounter_2022,5,1,4,Young Red Dragon,10.0,A group of 4 Young Red Dragon(s) confronts a party of 5 adventurers at level 1.,Not Possible
encounter_4554,4,17,8,Goblin,0.25,A group of 8 Goblin(s) confronts a party of 4 adventurers at level 17.,Possible
encounter_1768,3,10,1,Bugbear,1.0,A group of 1 Bugbear(s) confronts a party of 3 adventurers at level 10.,Possible
encounter_175,2,18,5,Goblin,0.25,A group of 5 Goblin(s) confronts a party of 2 adventurers at level 18.,Possible
encounter_1555,3,5,8,Goblin,0.25,A group of 8 Goblin(s) confronts a party of 3 adventurers at level 5.,Possible
encounter_4216,2,12,6,Orc,0.5,A group of 6 Orc(s) confronts a party of 2 adventurers at level 12.,Possible
encounter_1483,2,7,6,Bugbear,1.0,A group of 6 Bugbear(s) confronts a party of 2 adventurers at level 7.,Possible
encounter_4462,5,18,2,Young Red Dragon,10.0,A group of 2 Young Red Dragon(s) confronts a party of 5 adventurers at level 18.,Possible
encounter_218,2,11,8,Ogre,2.0,A group of 8 Ogre(s) confronts a party of 2 adventurers at level 11.,Possible
encounter_3915,1,19,4,Troll,5.0,A group of 4 Troll(s) confronts a party of 1 adventurers at level 19.,Not Possible
encounter_3721,1,8,9,Troll,5.0,A group of 9 Troll(s) confronts a party of 1 adventurers at level 8.,Not Possible
encounter_691,5,14,6,Troll,5.0,A group of 6 Troll(s) confronts a party of 5 adventurers at level 14.,Possible
encounter_2578,4,3,6,Young Red Dragon,10.0,A group of 6 Young Red Dragon(s) confronts a party of 4 adventurers at level 3.,Not Possible
encounter_2234,2,11,2,Ogre,2.0,A group of 2 Ogre(s) confronts a party of 2 adventurers at level 11.,Possible
encounter_2239,1,11,1,Orc,0.5,A group of 1 Orc(s) confronts a party of 1 adventurers at level 11.,Possible
encounter_1107,3,11,5,Orc,0.5,A group of 5 Orc(s) confronts a party of 3 adventurers at level 11.,Possible
encounter_1790,1,5,4,Goblin,0.25,A group of 4 Goblin(s) confronts a party of 1 adventurers at level 5.,Possible
encounter_3189,4,8,2,Orc,0.5,A group of 2 Orc(s) confronts a party of 4 adventurers at level 8.,Possible
encounter_2437,2,6,3,Orc,0.5,A group of 3 Orc(s) confronts a party of 2 adventurers at level 6.,Possible
encounter_612,1,11,6,Ogre,2.0,A group of 6 Ogre(s) confronts a party of 1 adventurers at level 11.,Not Possible
encounter_3661,5,13,3,Orc,0.5,A group of 3 Orc(s) confronts a party of 5 adventurers at level 13.,Possible
encounter_3712,3,13,9,Troll,5.0,A group of 9 Troll(s) confronts a party of 3 adventurers at level 13.,Not Possible
encounter_577,1,6,9,Goblin,0.25,A group of 9 Goblin(s) confronts a party of 1 adventurers at level 6.,Possible
encounter_2064,2,15,6,Goblin,0.25,A group of 6 Goblin(s) confronts a party of 2 adventurers at level 15.,Possible
encounter_4436,1,4,1,Ogre,2.0,A group of 1 Ogre(s) confronts a party of 1 adventurers at level 4.,Possible
encounter_1181,1,2,2,Goblin,0.25,A group of 2 Goblin(s) confronts a party of 1 adventurers at level 2.,Possible
encounter_889,4,19,4,Goblin,0.25,A group of 4 Goblin(s) confronts a party of 4 adventurers at level 19.,Possible
encounter_3129,3,5,8,Ogre,2.0,A group of 8 Ogre(s) confronts a party of 3 adventurers at level 5.,Not Possible
encounter_1733,4,1,5,Ogre,2.0,A group of 5 Ogre(s) confronts a party of 4 adventurers at level 1.,Not Possible
encounter_2664,2,16,8,Young Red Dragon,10.0,A group of 8 Young Red Dragon(s) confronts a party of 2 adventurers at level 16.,Not Possible
encounter_818,1,9,3,Orc,0.5,A group of 3 Orc(s) confronts a party of 1 adventurers at level 9.,Possible
encounter_3278,2,11,6,Young Red Dragon,10.0,A group of 6 Young Red Dragon(s) confronts a party of 2 adventurers at level 11.,Not Possible
encounter_1860,3,17,3,Orc,0.5,A group of 3 Orc(s) confronts a party of 3 adventurers at level 17.,Possible
encounter_209,4,14,8,Orc,0.5,A group of 8 Orc(s) confronts a party of 4 adventurers at level 14.,Possible
encounter_294,2,1,9,Bugbear,1.0,A group of 9 Bugbear(s) confronts a party of 2 adventurers at level 1.,Not Possible
encounter_1120,3,19,7,Troll,5.0,A group of 7 Troll(s) confronts a party of 3 adventurers at level 19.,Possible
encounter_2214,1,15,9,Goblin,0.25,A group of 9 Goblin(s) confronts a party of 1 adventurers at level 15.,Possible
encounter_1610,4,11,2,Goblin,0.25,A group of 2 Goblin(s) confronts a party of 4 adventurers at level 11.,Possible
encounter_1265,1,10,7,Troll,5.0,A group of 7 Troll(s) confronts a party of 1 adventurers at level 10.,Not Possible
encounter_991,2,9,2,Ogre,2.0,A group of 2 Ogre(s) confronts a party of 2 adventurers at level 9.,Possible
encounter_4198,3,15,8,Young Red Dragon,10.0,A group of 8 Young Red Dragon(s) confronts a party of 3 adventurers at level 15.,Not Possible
encounter_1617,5,19,9,Troll,5.0,A group of 9 Troll(s) confronts a party of 5 adventurers at level 19.,Possible
encounter_354,5,5,1,Bugbear,1.0,A group of 1 Bugbear(s) confronts a party of 5 adventurers at level 5.,Possible
encounter_4558,5,12,9,Orc,0.5,A group of 9 Orc(s) confronts a party of 5 adventurers at level 12.,Possible
encounter_2023,5,13,7,Bugbear,1.0,A group of 7 Bugbear(s) confronts a party of 5 adventurers at level 13.,Possible
encounter_3691,1,15,9,Goblin,0.25,A group of 9 Goblin(s) confronts a party of 1 adventurers at level 15.,Possible
encounter_2556,3,4,7,Goblin,0.25,A group of 7 Goblin(s) confronts a party of 3 adventurers at level 4.,Possible
encounter_3049,5,9,8,Orc,0.5,A group of 8 Orc(s) confronts a party of 5 adventurers at level 9.,Possible
encounter_1229,4,3,8,Orc,0.5,A group of 8 Orc(s) confronts a party of 4 adventurers at level 3.,Possible
encounter_260,4,3,8,Young Red Dragon,10.0,A group of 8 Young Red Dragon(s) confronts a party of 4 adventurers at level 3.,Not Possible
encounter_1520,2,15,5,Troll,5.0,A group of 5 Troll(s) confronts a party of 2 adventurers at level 15.,Possible
encounter_1778,4,17,3,Bugbear,1.0,A group of 3 Bugbear(s) confronts a party of 4 adventurers at level 17.,Possible
encounter_4740,4,14,6,Orc,0.5,A group of 6 Orc(s) confronts a party of 4 adventurers at level 14.,Possible
encounter_1771,5,5,1,Young Red Dragon,10.0,A group of 1 Young Red Dragon(s) confronts a party of 5 adventurers at level 5.,Possible
encounter_4354,5,9,7,Goblin,0.25,A group of 7 Goblin(s) confronts a party of 5 adventurers at level 9.,Possible
encounter_53,4,8,2,Orc,0.5,A group of 2 Orc(s) confronts a party of 4 adventurers at level 8.,Possible
encounter_3474,3,19,8,Young Red Dragon,10.0,A group of 8 Young Red Dragon(s) confronts a party of 3 adventurers at level 19.,Not Possible
encounter_4684,3,17,1,Ogre,2.0,A group of 1 Ogre(s) confronts a party of 3 adventurers at level 17.,Possible
encounter_4412,4,15,8,Goblin,0.25,A group of 8 Goblin(s) confronts a party of 4 adventurers at level 15.,Possible
encounter_2410,5,12,2,Young Red Dragon,10.0,A group of 2 Young Red Dragon(s) confronts a party of 5 adventurers at level 12.,Possible
encounter_2788,2,15,3,Ogre,2.0,A group of 3 Ogre(s) confronts a party of 2 adventurers at level 15.,Possible
encounter_2345,3,2,9,Goblin,0.25,A group of 9 Goblin(s) confronts a party of 3 adventurers at level 2.,Possible
encounter_1034,5,12,2,Ogre,2.0,A group of 2 Ogre(s) confronts a party of 5 adventurers at level 12.,Possible
encounter_1098,1,16,1,Bugbear,1.0,A group of 1 Bugbear(s) confronts a party of 1 adventurers at level 16.,Possible
encounter_544,5,5,4,Young Red Dragon,10.0,A group of 4 Young Red Dragon(s) confronts a party of 5 adventurers at level 5.,Not Possible
encounter_1047,4,13,1,Bugbear,1.0,A group of 1 Bugbear(s) confronts a party of 4 adventurers at level 13.,Possible
encounter_1895,2,5,8,Ogre,2.0,A group of 8 Ogre(s) confronts a party of 2 adventurers at level 5.,Not Possible
encounter_4377,3,9,6,Goblin,0.25,A group of 6 Goblin(s) confronts a party of 3 adventurers at level 9.,Possible
encounter_31,4,7,3,Bugbear,1.0,A group of 3 Bugbear(s) confronts a party of 4 adventurers at level 7.,Possible
encounter_726,3,14,4,Goblin,0.25,A group of 4 Goblin(s) confronts a party of 3 adventurers at level 14.,Possible
encounter_4962,4,13,7,Goblin,0.25,A group of 7 Goblin(s) confronts a party of 4 adventurers at level 13.,Possible
encounter_4719,3,13,9,Ogre,2.0,A group of 9 Ogre(s) confronts a party of 3 adventurers at level 13.,Possible
encounter_3904,5,4,2,Goblin,0.25,A group of 2 Goblin(s) confronts a party of 5 adventurers at level 4.,Possible
encounter_1427,3,3,2,Bugbear,1.0,A group of 2 Bugbear(s) confronts a party of 3 adventurers at level 3.,Possible
encounter_2498,5,6,8,Young Red Dragon,10.0,A group of 8 Young Red Dragon(s) confronts a party of 5 adventurers at level 6.,Not Possible
encounter_437,1,19,2,Orc,0.5,A group of 2 Orc(s) confronts a party of 1 adventurers at level 19.,Possible
encounter_2471,2,15,8,Goblin,0.25,A group of 8 Goblin(s) confronts a party of 2 adventurers at level 15.,Possible
encounter_913,1,2,1,Troll,5.0,A group of 1 Troll(s) confronts a party of 1 adventurers at level 2.,Not Possible
encounter_4223,1,13,7,Goblin,0.25,A group of 7 Goblin(s) confronts a party of 1 adventurers at level 13.,Possible
encounter_4353,1,8,1,Goblin,0.25,A group of 1 Goblin(s) confronts a party of 1 adventurers at level 8.,Possible
encounter_4513,2,3,6,Goblin,0.25,A group of 6 Goblin(s) confronts a party of 2 adventurers at level 3.,Possible
encounter_4444,2,14,2,Ogre,2.0,A group of 2 Ogre(s) confronts a party of 2 adventurers at level 14.,Possible
encounter_2288,3,8,3,Bugbear,1.0,A group of 3 Bugbear(s) confronts a party of 3 adventurers at level 8.,Possible
encounter_4598,5,9,8,Goblin,0.25,A group of 8 Goblin(s) confronts a party of 5 adventurers at level 9.,Possible
encounter_1239,5,9,5,Orc,0.5,A group of 5 Orc(s) confronts a party of 5 adventurers at level 9.,Possible
encounter_904,2,6,5,Orc,0.5,A group of 5 Orc(s) confronts a party of 2 adventurers at level 6.,Possible
encounter_3621,4,5,7,Goblin,0.25,A group of 7 Goblin(s) confronts a party of 4 adventurers at level 5.,Possible
encounter_3232,5,3,4,Young Red Dragon,10.0,A group of 4 Young Red Dragon(s) confronts a party of 5 adventurers at level 3.,Not Possible
encounter_2860,1,13,7,Bugbear,1.0,A group of 7 Bugbear(s) confronts a party of 1 adventurers at level 13.,Possible
encounter_508,4,4,3,Goblin,0.25,A group of 3 Goblin(s) confronts a party of 4 adventurers at level 4.,Possible
encounter_3222,4,1,5,Orc,0.5,A group of 5 Orc(s) confronts a party of 4 adventurers at level 1.,Possible
encounter_184,4,13,6,Ogre,2.0,A group of 6 Ogre(s) confronts a party of 4 adventurers at level 13.,Possible
encounter_1565,5,2,4,Troll,5.0,A group of 4 Troll(s) confronts a party of 5 adventurers at level 2.,Not Possible
encounter_2705,2,17,6,Orc,0.5,A group of 6 Orc(s) confronts a party of 2 adventurers at level 17.,Possible
encounter_322,2,18,8,Bugbear,1.0,A group of 8 Bugbear(s) confronts a party of 2 adventurers at level 18.,Possible
encounter_3564,1,11,5,Bugbear,1.0,A group of 5 Bugbear(s) confronts a party of 1 adventurers at level 11.,Possible
encounter_1539,2,5,2,Young Red Dragon,10.0,A group of 2 Young Red Dragon(s) confronts a party of 2 adventurers at level 5.,Not Possible
encounter_1838,3,17,5,Bugbear,1.0,A group of 5 Bugbear(s) confronts a party of 3 adventurers at level 17.,Possible
encounter_2381,5,5,1,Orc,0.5,A group of 1 Orc(s) confronts a party of 5 adventurers at level 5.,Possible
encounter_1913,4,11,9,Troll,5.0,A group of 9 Troll(s) confronts a party of 4 adventurers at level 11.,Not Possible
encounter_1841,4,13,9,Orc,0.5,A group of 9 Orc(s) confronts a party of 4 adventurers at level 13.,Possible
encounter_2116,1,4,3,Troll,5.0,A group of 3 Troll(s) confronts a party of 1 adventurers at level 4.,Not Possible
encounter_4438,4,4,4,Orc,0.5,A group of 4 Orc(s) confronts a party of 4 adventurers at level 4.,Possible
encounter_1147,2,19,1,Troll,5.0,A group of 1 Troll(s) confronts a party of 2 adventurers at level 19.,Possible
encounter_2487,4,13,2,Orc,0.5,A group of 2 Orc(s) confronts a party of 4 adventurers at level 13.,Possible
encounter_45,2,9,4,Troll,5.0,A group of 4 Troll(s) confronts a party of 2 adventurers at level 9.,Not Possible
encounter_2155,4,12,7,Young Red Dragon,10.0,A group of 7 Young Red Dragon(s) confronts a party of 4 adventurers at level 12.,Not Possible
encounter_1527,3,13,2,Orc,0.5,A group of 2 Orc(s) confronts a party of 3 adventurers at level 13.,Possible
encounter_4856,3,5,7,Goblin,0.25,A group of 7 Goblin(s) confronts a party of 3 adventurers at level 5.,Possible
encounter_1379,3,8,7,Young Red Dragon,10.0,A group of 7 Young Red Dragon(s) confronts a party of 3 adventurers at level 8.,Not Possible
encounter_1766,4,16,3,Bugbear,1.0,A group of 3 Bugbear(s) confronts a party of 4 adventurers at level 16.,Possible
encounter_3013,5,15,8,Goblin,0.25,A group of 8 Goblin(s) confronts a party of 5 adventurers at level 15.,Possible
encounter_414,3,8,9,Orc,0.5,A group of 9 Orc(s) confronts a party of 3 adventurers at level 8.,Possible
encounter_4285,5,11,6,Bugbear,1.0,A group of 6 Bugbear(s) confronts a party of 5 adventurers at level 11.,Possible
encounter_1408,3,15,2,Orc,0.5,A group of 2 Orc(s) confronts a party of 3 adventurers at level 15.,Possible
encounter_1659,5,10,7,Ogre,2.0,A group of 7 Ogre(s) confronts a party of 5 adventurers at level 10.,Possible
encounter_802,1,3,2,Orc,0.5,A group of 2 Orc(s) confronts a party of 1 adventurers at level 3.,Possible
encounter_1289,3,3,4,Bugbear,1.0,A group of 4 Bugbear(s) confronts a party of 3 adventurers at level 3.,Possible
encounter_2183,2,10,5,Young Red Dragon,10.0,A group of 5 Young Red Dragon(s) confronts a party of 2 adventurers at level 10.,Not Possible
encounter_2589,2,9,8,Ogre,2.0,A group of 8 Ogre(s) confronts a party of 2 adventurers at level 9.,Possible
encounter_2616,5,10,1,Troll,5.0,A group of 1 Troll(s) confronts a party of 5 adventurers at level 10.,Possible
encounter_2319,4,7,3,Goblin,0.25,A group of 3 Goblin(s) confronts a party of 4 adventurers at level 7.,Possible
encounter_257,1,11,7,Orc,0.5,A group of 7 Orc(s) confronts a party of 1 adventurers at level 11.,Possible
encounter_4542,3,10,9,Ogre,2.0,A group of 9 Ogre(s) confronts a party of 3 adventurers at level 10.,Possible
encounter_1730,2,2,3,Ogre,2.0,A group of 3 Ogre(s) confronts a party of 2 adventurers at level 2.,Not Possible
encounter_1152,3,2,6,Ogre,2.0,A group of 6 Ogre(s) confronts a party of 3 adventurers at level 2.,Not Possible
encounter_4145,5,2,6,Orc,0.5,A group of 6 Orc(s) confronts a party of 5 adventurers at level 2.,Possible
encounter_648,2,7,2,Young Red Dragon,10.0,A group of 2 Young Red Dragon(s) confronts a party of 2 adventurers at level 7.,Not Possible
encounter_2909,3,10,7,Goblin,0.25,A group of 7 Goblin(s) confronts a party of 3 adventurers at level 10.,Possible
encounter_1703,1,13,6,Young Red Dragon,10.0,A group of 6 Young Red Dragon(s) confronts a party of 1 adventurers at level 13.,Not Possible
encounter_1882,3,2,2,Troll,5.0,A group of 2 Troll(s) confronts a party of 3 adventurers at level 2.,Not Possible
encounter_3769,3,17,6,Goblin,0.25,A group of 6 Goblin(s) confronts a party of 3 adventurers at level 17.,Possible
encounter_1316,5,13,4,Troll,5.0,A group of 4 Troll(s) confronts a party of 5 adventurers at level 13.,Possible
encounter_2270,3,6,6,Young Red Dragon,10.0,A group of 6 Young Red Dragon(s) confronts a party of 3 adventurers at level 6.,Not Possible
encounter_1967,5,15,6,Troll,5.0,A group of 6 Troll(s) confronts a party of 5 adventurers at level 15.,Possible
encounter_2466,5,10,3,Troll,5.0,A group of 3 Troll(s) confronts a party of 5 adventurers at level 10.,Possible
encounter_3856,2,11,7,Orc,0.5,A group of 7 Orc(s) confronts a party of 2 adventurers at level 11.,Possible
encounter_1351,4,6,3,Orc,0.5,A group of 3 Orc(s) confronts a party of 4 adventurers at level 6.,Possible
encounter_3297,3,2,4,Bugbear,1.0,A group of 4 Bugbear(s) confronts a party of 3 adventurers at level 2.,Possible
encounter_113,2,3,2,Bugbear,1.0,A group of 2 Bugbear(s) confronts a party of 2 adventurers at level 3.,Possible
encounter_3134,1,6,3,Young Red Dragon,10.0,A group of 3 Young Red Dragon(s) confronts a party of 1 adventurers at level 6.,Not Possible
encounter_264,5,8,2,Young Red Dragon,10.0,A group of 2 Young Red Dragon(s) confronts a party of 5 adventurers at level 8.,Possible
encounter_1394,2,17,6,Young Red Dragon,10.0,A group of 6 Young Red Dragon(s) confronts a party of 2 adventurers at level 17.,Not Possible
encounter_1879,2,14,8,Bugbear,1.0,A group of 8 Bugbear(s) confronts a party of 2 adventurers at level 14.,Possible
encounter_1187,4,13,1,Troll,5.0,A group of 1 Troll(s) confronts a party of 4 adventurers at level 13.,Possible
encounter_3072,2,13,8,Goblin,0.25,A group of 8 Goblin(s) confronts a party of 2 adventurers at level 13.,Possible
encounter_57,5,14,3,Bugbear,1.0,A group of 3 Bugbear(s) confronts a party of 5 adventurers at level 14.,Possible
encounter_1310,4,5,9,Ogre,2.0,A group of 9 Ogre(s) confronts a party of 4 adventurers at level 5.,Possible
encounter_696,3,4,2,Troll,5.0,A group of 2 Troll(s) confronts a party of 3 adventurers at level 4.,Possible
encounter_2953,2,12,1,Goblin,0.25,A group of 1 Goblin(s) confronts a party of 2 adventurers at level 12.,Possible
encounter_1727,5,10,2,Ogre,2.0,A group of 2 Ogre(s) confronts a party of 5 adventurers at level 10.,Possible
encounter_2092,3,4,4,Orc,0.5,A group of 4 Orc(s) confronts a party of 3 adventurers at level 4.,Possible
encounter_3870,5,15,8,Goblin,0.25,A group of 8 Goblin(s) confronts a party of 5 adventurers at level 15.,Possible
encounter_320,1,12,4,Ogre,2.0,A group of 4 Ogre(s) confronts a party of 1 adventurers at level 12.,Possible
encounter_4321,4,2,8,Bugbear,1.0,A group of 8 Bugbear(s) confronts a party of 4 adventurers at level 2.,Possible
encounter_683,4,19,7,Ogre,2.0,A group of 7 Ogre(s) confronts a party of 4 adventurers at level 19.,Possible
encounter_3842,2,5,4,Goblin,0.25,A group of 4 Goblin(s) confronts a party of 2 adventurers at level 5.,Possible
encounter_3214,1,17,6,Young Red Dragon,10.0,A group of 6 Young Red Dragon(s) confronts a party of 1 adventurers at level 17.,Not Possible
encounter_2003,1,5,5,Orc,0.5,A group of 5 Orc(s) confronts a party of 1 adventurers at level 5.,Possible
encounter_4783,4,16,3,Orc,0.5,A group of 3 Orc(s) confronts a party of 4 adventurers at level 16.,Possible
encounter_4151,3,5,7,Orc,0.5,A group of 7 Orc(s) confronts a party of 3 adventurers at level 5.,Possible
encounter_287,1,6,2,Bugbear,1.0,A group of 2 Bugbear(s) confronts a party of 1 adventurers at level 6.,Possible
encounter_1889,2,19,4,Troll,5.0,A group of 4 Troll(s) confronts a party of 2 adventurers at level 19.,Possible
encounter_2338,4,5,2,Bugbear,1.0,A group of 2 Bugbear(s) confronts a party of 4 adventurers at level 5.,Possible
encounter_2521,4,6,1,Troll,5.0,A group of 1 Troll(s) confronts a party of 4 adventurers at level 6.,Possible
encounter_2278,3,9,5,Orc,0.5,A group of 5 Orc(s) confronts a party of 3 adventurers at level 9.,Possible
encounter_2128,2,2,6,Orc,0.5,A group of 6 Orc(s) confronts a party of 2 adventurers at level 2.,Possible
encounter_3500,1,2,8,Young Red Dragon,10.0,A group of 8 Young Red Dragon(s) confronts a party of 1 adventurers at level 2.,Not Possible
encounter_4212,5,11,6,Goblin,0.25,A group of 6 Goblin(s) confronts a party of 5 adventurers at level 11.,Possible
encounter_2084,2,5,8,Goblin,0.25,A group of 8 Goblin(s) confronts a party of 2 adventurers at level 5.,Possible
encounter_737,2,18,4,Goblin,0.25,A group of 4 Goblin(s) confronts a party of 2 adventurers at level 18.,Possible
encounter_4802,5,14,9,Goblin,0.25,A group of 9 Goblin(s) confronts a party of 5 adventurers at level 14.,Possible
encounter_337,5,2,8,Goblin,0.25,A group of 8 Goblin(s) confronts a party of 5 adventurers at level 2.,Possible
encounter_2597,1,10,9,Bugbear,1.0,A group of 9 Bugbear(s) confronts a party of 1 adventurers at level 10.,Possible
encounter_2772,2,6,9,Young Red Dragon,10.0,A group of 9 Young Red Dragon(s) confronts a party of 2 adventurers at level 6.,Not Possible
encounter_3705,5,3,6,Goblin,0.25,A group of 6 Goblin(s) confronts a party of 5 adventurers at level 3.,Possible
encounter_4405,4,12,1,Goblin,0.25,A group of 1 Goblin(s) confronts a party of 4 adventurers at level 12.,Possible
encounter_1072,4,7,7,Goblin,0.25,A group of 7 Goblin(s) confronts a party of 4 adventurers at level 7.,Possible
encounter_2291,2,2,6,Troll,5.0,A group of 6 Troll(s) confronts a party of 2 adventurers at level 2.,Not Possible
encounter_1673,5,12,8,Goblin,0.25,A group of 8 Goblin(s) confronts a party of 5 adventurers at level 12.,Possible
encounter_4084,5,8,9,Bugbear,1.0,A group of 9 Bugbear(s) confronts a party of 5 adventurers at level 8.,Possible
encounter_4251,2,17,4,Ogre,2.0,A group of 4 Ogre(s) confronts a party of 2 adventurers at level 17.,Possible
encounter_4114,5,6,1,Young Red Dragon,10.0,A group of 1 Young Red Dragon(s) confronts a party of 5 adventurers at level 6.,Possible
encounter_4409,2,3,1,Young Red Dragon,10.0,A group of 1 Young Red Dragon(s) confronts a party of 2 adventurers at level 3.,Not Possible
encounter_3367,4,17,6,Ogre,2.0,A group of 6 Ogre(s) confronts a party of 4 adventurers at level 17.,Possible
encounter_1489,5,5,5,Young Red Dragon,10.0,A group of 5 Young Red Dragon(s) confronts a party of 5 adventurers at level 5.,Not Possible
encounter_499,4,17,8,Troll,5.0,A group of 8 Troll(s) confronts a party of 4 adventurers at level 17.,Possible
encounter_4383,2,17,8,Orc,0.5,A group of 8 Orc(s) confronts a party of 2 adventurers at level 17.,Possible
encounter_3480,3,8,5,Young Red Dragon,10.0,A group of 5 Young Red Dragon(s) confronts a party of 3 adventurers at level 8.,Not Possible
encounter_2582,1,3,1,Ogre,2.0,A group of 1 Ogre(s) confronts a party of 1 adventurers at level 3.,Possible
encounter_3124,4,9,3,Young Red Dragon,10.0,A group of 3 Young Red Dragon(s) confronts a party of 4 adventurers at level 9.,Possible
encounter_2922,5,5,6,Orc,0.5,A group of 6 Orc(s) confronts a party of 5 adventurers at level 5.,Possible
encounter_4378,5,8,3,Goblin,0.25,A group of 3 Goblin(s) confronts a party of 5 adventurers at level 8.,Possible
encounter_2645,3,19,5,Troll,5.0,A group of 5 Troll(s) confronts a party of 3 adventurers at level 19.,Possible
encounter_4287,1,11,5,Bugbear,1.0,A group of 5 Bugbear(s) confronts a party of 1 adventurers at level 11.,Possible
encounter_4041,1,11,8,Bugbear,1.0,A group of 8 Bugbear(s) confronts a party of 1 adventurers at level 11.,Possible
encounter_2035,5,12,9,Orc,0.5,A group of 9 Orc(s) confronts a party of 5 adventurers at level 12.,Possible
encounter_1023,5,13,4,Goblin,0.25,A group of 4 Goblin(s) confronts a party of 5 adventurers at level 13.,Possible
encounter_2283,3,2,4,Troll,5.0,A group of 4 Troll(s) confronts a party of 3 adventurers at level 2.,Not Possible
encounter_4887,2,3,6,Goblin,0.25,A group of 6 Goblin(s) confronts a party of 2 adventurers at level 3.,Possible
encounter_4220,1,10,7,Ogre,2.0,A group of 7 Ogre(s) confronts a party of 1 adventurers at level 10.,Not Possible
encounter_3064,2,7,1,Young Red Dragon,10.0,A group of 1 Young Red Dragon(s) confronts a party of 2 adventurers at level 7.,Possible
encounter_4366,2,6,3,Orc,0.5,A group of 3 Orc(s) confronts a party of 2 adventurers at level 6.,Possible
encounter_666,1,14,2,Bugbear,1.0,A group of 2 Bugbear(s) confronts a party of 1 adventurers at level 14.,Possible
encounter_3933,3,2,2,Goblin,0.25,A group of 2 Goblin(s) confronts a party of 3 adventurers at level 2.,Possible
encounter_2639,1,8,2,Ogre,2.0,A group of 2 Ogre(s) confronts a party of 1 adventurers at level 8.,Possible
encounter_3177,3,18,4,Young Red Dragon,10.0,A group of 4 Young Red Dragon(s) confronts a party of 3 adventurers at level 18.,Possible
encounter_4266,3,16,2,Young Red Dragon,10.0,A group of 2 Young Red Dragon(s) confronts a party of 3 adventurers at level 16.,Possible
encounter_3122,2,14,9,Ogre,2.0,A group of 9 Ogre(s) confronts a party of 2 adventurers at level 14.,Possible
encounter_1018,5,14,9,Orc,0.5,A group of 9 Orc(s) confronts a party of 5 adventurers at level 14.,Possible
encounter_558,5,10,4,Goblin,0.25,A group of 4 Goblin(s) confronts a party of 5 adventurers at level 10.,Possible
encounter_2400,4,7,4,Goblin,0.25,A group of 4 Goblin(s) confronts a party of 4 adventurers at level 7.,Possible
encounter_1208,4,4,2,Troll,5.0,A group of 2 Troll(s) confronts a party of 4 adventurers at level 4.,Possible
encounter_2006,3,12,1,Bugbear,1.0,A group of 1 Bugbear(s) confronts a party of 3 adventurers at level 12.,Possible
encounter_2657,5,9,3,Goblin,0.25,A group of 3 Goblin(s) confronts a party of 5 adventurers at level 9.,Possible
encounter_2136,4,10,3,Young Red Dragon,10.0,A group of 3 Young Red Dragon(s) confronts a party of 4 adventurers at level 10.,Possible
encounter_1511,2,19,6,Troll,5.0,A group of 6 Troll(s) confronts a party of 2 adventurers at level 19.,Possible
encounter_1737,3,3,8,Ogre,2.0,A group of 8 Ogre(s) confronts a party of 3 adventurers at level 3.,Not Possible
encounter_246,4,7,9,Goblin,0.25,A group of 9 Goblin(s) confronts a party of 4 adventurers at level 7.,Possible
encounter_1164,1,12,4,Troll,5.0,A group of 4 Troll(s) confronts a party of 1 adventurers at level 12.,Not Possible
encounter_3363,3,12,3,Ogre,2.0,A group of 3 Ogre(s) confronts a party of 3 adventurers at level 12.,Possible
encounter_267,2,10,3,Troll,5.0,A group of 3 Troll(s) confronts a party of 2 adventurers at level 10.,Possible
encounter_2367,2,12,6,Young Red Dragon,10.0,A group of 6 Young Red Dragon(s) confronts a party of 2 adventurers at level 12.,Not Possible
encounter_1115,4,16,5,Orc,0.5,A group of 5 Orc(s) confronts a party of 4 adventurers at level 16.,Possible
encounter_64,2,16,7,Young Red Dragon,10.0,A group of 7 Young Red Dragon(s) confronts a party of 2 adventurers at level 16.,Not Possible
encounter_2593,4,15,5,Goblin,0.25,A group of 5 Goblin(s) confronts a party of 4 adventurers at level 15.,Possible
encounter_2789,3,1,8,Goblin,0.25,A group of 8 Goblin(s) confronts a party of 3 adventurers at level 1.,Possible
encounter_2758,5,19,8,Troll,5.0,A group of 8 Troll(s) confronts a party of 5 adventurers at level 19.,Possible
encounter_3012,3,14,2,Young Red Dragon,10.0,A group of 2 Young Red Dragon(s) confronts a party of 3 adventurers at level 14.,Possible
encounter_3077,4,5,8,Ogre,2.0,A group of 8 Ogre(s) confronts a party of 4 adventurers at level 5.,Possible
encounter_2999,4,2,1,Young Red Dragon,10.0,A group of 1 Young Red Dragon(s) confronts a party of 4 adventurers at level 2.,Not Possible
encounter_2816,2,19,5,Bugbear,1.0,A group of 5 Bugbear(s) confronts a party of 2 adventurers at level 19.,Possible
encounter_2260,3,19,8,Troll,5.0,A group of 8 Troll(s) confronts a party of 3 adventurers at level 19.,Possible
encounter_4959,1,18,9,Goblin,0.25,A group of 9 Goblin(s) confronts a party of 1 adventurers at level 18.,Possible
encounter_3205,5,16,8,Goblin,0.25,A group of 8 Goblin(s) confronts a party of 5 adventurers at level 16.,Possible
encounter_1238,4,10,6,Bugbear,1.0,A group of 6 Bugbear(s) confronts a party of 4 adventurers at level 10.,Possible
encounter_104,3,2,6,Ogre,2.0,A group of 6 Ogre(s) confronts a party of 3 adventurers at level 2.,Not Possible
encounter_2644,1,9,5,Young Red Dragon,10.0,A group of 5 Young Red Dragon(s) confronts a party of 1 adventurers at level 9.,Not Possible
encounter_273,3,10,1,Troll,5.0,A group of 1 Troll(s) confronts a party of 3 adventurers at level 10.,Possible
encounter_509,5,16,5,Orc,0.5,A group of 5 Orc(s) confronts a party of 5 adventurers at level 16.,Possible
encounter_2227,5,4,6,Bugbear,1.0,A group of 6 Bugbear(s) confronts a party of 5 adventurers at level 4.,Possible
encounter_4934,4,18,6,Ogre,2.0,A group of 6 Ogre(s) confronts a party of 4 adventurers at level 18.,Possible
encounter_2442,4,18,8,Orc,0.5,A group of 8 Orc(s) confronts a party of 4 adventurers at level 18.,Possible
encounter_866,4,4,9,Troll,5.0,A group of 9 Troll(s) confronts a party of 4 adventurers at level 4.,Not Possible
encounter_3327,1,18,9,Ogre,2.0,A group of 9 Ogre(s) confronts a party of 1 adventurers at level 18.,Possible
encounter_909,3,8,9,Bugbear,1.0,A group of 9 Bugbear(s) confronts a party of 3 adventurers at level 8.,Possible
encounter_2115,1,8,6,Ogre,2.0,A group of 6 Ogre(s) confronts a party of 1 adventurers at level 8.,Not Possible
encounter_3897,2,9,9,Goblin,0.25,A group of 9 Goblin(s) confronts a party of 2 adventurers at level 9.,Possible
encounter_1628,1,8,1,Goblin,0.25,A group of 1 Goblin(s) confronts a party of 1 adventurers at level 8.,Possible
encounter_2874,5,4,3,Orc,0.5,A group of 3 Orc(s) confronts a party of 5 adventurers at level 4.,Possible
encounter_1523,2,18,4,Orc,0.5,A group of 4 Orc(s) confronts a party of 2 adventurers at level 18.,Possible
encounter_836,3,19,8,Young Red Dragon,10.0,A group of 8 Young Red Dragon(s) confronts a party of 3 adventurers at level 19.,Not Possible
encounter_359,4,16,7,Goblin,0.25,A group of 7 Goblin(s) confronts a party of 4 adventurers at level 16.,Possible
encounter_139,4,10,8,Ogre,2.0,A group of 8 Ogre(s) confronts a party of 4 adventurers at level 10.,Possible
encounter_300,1,11,5,Bugbear,1.0,A group of 5 Bugbear(s) confronts a party of 1 adventurers at level 11.,Possible
encounter_1557,4,3,1,Bugbear,1.0,A group of 1 Bugbear(s) confronts a party of 4 adventurers at level 3.,Possible
encounter_1004,2,15,2,Young Red Dragon,10.0,A group of 2 Young Red Dragon(s) confronts a party of 2 adventurers at level 15.,Possible
encounter_383,3,12,2,Young Red Dragon,10.0,A group of 2 Young Red Dragon(s) confronts a party of 3 adventurers at level 12.,Possible
encounter_942,3,1,7,Bugbear,1.0,A group of 7 Bugbear(s) confronts a party of 3 adventurers at level 1.,Not Possible
encounter_4447,2,11,2,Goblin,0.25,A group of 2 Goblin(s) confronts a party of 2 adventurers at level 11.,Possible
encounter_4855,1,16,1,Goblin,0.25,A group of 1 Goblin(s) confronts a party of 1 adventurers at level 16.,Possible
encounter_762,1,12,2,Goblin,0.25,A group of 2 Goblin(s) confronts a party of 1 adventurers at level 12.,Possible
encounter_1706,1,1,7,Bugbear,1.0,A group of 7 Bugbear(s) confronts a party of 1 adventurers at level 1.,Not Possible
encounter_1874,3,4,9,Ogre,2.0,A group of 9 Ogre(s) confronts a party of 3 adventurers at level 4.,Not Possible
encounter_2551,4,9,9,Ogre,2.0,A group of 9 Ogre(s) confronts a party of 4 adventurers at level 9.,Possible
encounter_2087,4,15,3,Goblin,0.25,A group of 3 Goblin(s) confronts a party of 4 adventurers at level 15.,Possible
encounter_2198,2,6,7,Troll,5.0,A group of 7 Troll(s) confronts a party of 2 adventurers at level 6.,Not Possible
encounter_899,1,2,8,Goblin,0.25,A group of 8 Goblin(s) confronts a party of 1 adventurers at level 2.,Possible
encounter_4000,3,2,6,Goblin,0.25,A group of 6 Goblin(s) confronts a party of 3 adventurers at level 2.,Possible
encounter_3616,1,10,7,Goblin,0.25,A group of 7 Goblin(s) confronts a party of 1 adventurers at level 10.,Possible
encounter_1403,1,13,4,Young Red Dragon,10.0,A group of 4 Young Red Dragon(s) confronts a party of 1 adventurers at level 13.,Not Possible
encounter_3874,2,13,4,Orc,0.5,A group of 4 Orc(s) confronts a party of 2 adventurers at level 13.,Possible
encounter_3786,2,14,2,Young Red Dragon,10.0,A group of 2 Young Red Dragon(s) confronts a party of 2 adventurers at level 14.,Possible
encounter_4387,5,18,6,Bugbear,1.0,A group of 6 Bugbear(s) confronts a party of 5 adventurers at level 18.,Possible
encounter_2956,5,9,4,Ogre,2.0,A group of 4 Ogre(s) confronts a party of 5 adventurers at level 9.,Possible
encounter_1513,4,8,4,Goblin,0.25,A group of 4 Goblin(s) confronts a party of 4 adventurers at level 8.,Possible
encounter_1189,4,1,1,Young Red Dragon,10.0,A group of 1 Young Red Dragon(s) confronts a party of 4 adventurers at level 1.,Not Possible
encounter_2990,4,10,4,Orc,0.5,A group of 4 Orc(s) confronts a party of 4 adventurers at level 10.,Possible
encounter_2081,1,16,3,Goblin,0.25,A group of 3 Goblin(s) confronts a party of 1 adventurers at level 16.,Possible
encounter_4984,2,6,4,Bugbear,1.0,A group of 4 Bugbear(s) confronts a party of 2 adventurers at level 6.,Possible
encounter_3438,4,5,6,Young Red Dragon,10.0,A group of 6 Young Red Dragon(s) confronts a party of 4 adventurers at level 5.,Not Possible
encounter_109,4,6,8,Troll,5.0,A group of 8 Troll(s) confronts a party of 4 adventurers at level 6.,Not Possible
encounter_4699,4,1,4,Bugbear,1.0,A group of 4 Bugbear(s) confronts a party of 4 adventurers at level 1.,Possible
encounter_2828,2,6,3,Ogre,2.0,A group of 3 Ogre(s) confronts a party of 2 adventurers at level 6.,Possible
encounter_4748,1,17,9,Goblin,0.25,A group of 9 Goblin(s) confronts a party of 1 adventurers at level 17.,Possible
encounter_59,3,2,6,Ogre,2.0,A group of 6 Ogre(s) confronts a party of 3 adventurers at level 2.,Not Possible
encounter_77,3,19,6,Bugbear,1.0,A group of 6 Bugbear(s) confronts a party of 3 adventurers at level 19.,Possible
encounter_797,3,6,9,Troll,5.0,A group of 9 Troll(s) confronts a party of 3 adventurers at level 6.,Not Possible
encounter_369,5,10,3,Orc,0.5,A group of 3 Orc(s) confronts a party of 5 adventurers at level 10.,Possible
encounter_4906,2,7,1,Ogre,2.0,A group of 1 Ogre(s) confronts a party of 2 adventurers at level 7.,Possible
encounter_786,4,3,4,Young Red Dragon,10.0,A group of 4 Young Red Dragon(s) confronts a party of 4 adventurers at level 3.,Not Possible
encounter_2089,5,19,8,Goblin,0.25,A group of 8 Goblin(s) confronts a party of 5 adventurers at level 19.,Possible
encounter_2315,4,2,5,Ogre,2.0,A group of 5 Ogre(s) confronts a party of 4 adventurers at level 2.,Not Possible
encounter_3385,3,7,2,Goblin,0.25,A group of 2 Goblin(s) confronts a party of 3 adventurers at level 7.,Possible
encounter_3606,5,15,6,Ogre,2.0,A group of 6 Ogre(s) confronts a party of 5 adventurers at level 15.,Possible
encounter_4112,5,14,1,Orc,0.5,A group of 1 Orc(s) confronts a party of 5 adventurers at level 14.,Possible
encounter_1903,5,17,3,Ogre,2.0,A group of 3 Ogre(s) confronts a party of 5 adventurers at level 17.,Possible
encounter_1704,3,15,9,Troll,5.0,A group of 9 Troll(s) confronts a party of 3 adventurers at level 15.,Possible
encounter_122,5,13,1,Bugbear,1.0,A group of 1 Bugbear(s) confronts a party of 5 adventurers at level 13.,Possible
encounter_1845,2,10,4,Young Red Dragon,10.0,A group of 4 Young Red Dragon(s) confronts a party of 2 adventurers at level 10.,Not Possible
encounter_2370,5,1,6,Young Red Dragon,10.0,A group of 6 Young Red Dragon(s) confronts a party of 5 adventurers at level 1.,Not Possible
encounter_3729,2,19,5,Bugbear,1.0,A group of 5 Bugbear(s) confronts a party of 2 adventurers at level 19.,Possible
encounter_911,3,3,3,Troll,5.0,A group of 3 Troll(s) confronts a party of 3 adventurers at level 3.,Not Possible
encounter_125,3,19,6,Orc,0.5,A group of 6 Orc(s) confronts a party of 3 adventurers at level 19.,Possible
encounter_2573,3,4,9,Ogre,2.0,A group of 9 Ogre(s) confronts a party of 3 adventurers at level 4.,Not Possible
encounter_1587,2,3,4,Orc,0.5,A group of 4 Orc(s) confronts a party of 2 adventurers at level 3.,Possible
encounter_1258,1,18,5,Ogre,2.0,A group of 5 Ogre(s) confronts a party of 1 adventurers at level 18.,Possible
encounter_3442,3,4,8,Orc,0.5,A group of 8 Orc(s) confronts a party of 3 adventurers at level 4.,Possible
encounter_3481,1,10,6,Goblin,0.25,A group of 6 Goblin(s) confronts a party of 1 adventurers at level 10.,Possible
encounter_4109,4,18,7,Troll,5.0,A group of 7 Troll(s) confronts a party of 4 adventurers at level 18.,Possible
encounter_1179,4,19,1,Orc,0.5,A group of 1 Orc(s) confronts a party of 4 adventurers at level 19.,Possible
encounter_3464,2,6,3,Orc,0.5,A group of 3 Orc(s) confronts a party of 2 adventurers at level 6.,Possible
encounter_3470,2,1,5,Troll,5.0,A group of 5 Troll(s) confronts a party of 2 adventurers at level 1.,Not Possible
encounter_3468,2,16,8,Bugbear,1.0,A group of 8 Bugbear(s) confronts a party of 2 adventurers at level 16.,Possible
encounter_2104,4,8,9,Young Red Dragon,10.0,A group of 9 Young Red Dragon(s) confronts a party of 4 adventurers at level 8.,Not Possible
encounter_443,5,6,5,Troll,5.0,A group of 5 Troll(s) confronts a party of 5 adventurers at level 6.,Possible
encounter_2228,5,13,1,Goblin,0.25,A group of 1 Goblin(s) confronts a party of 5 adventurers at level 13.,Possible
encounter_4417,5,8,4,Goblin,0.25,A group of 4 Goblin(s) confronts a party of 5 adventurers at level 8.,Possible
encounter_926,3,10,8,Goblin,0.25,A group of 8 Goblin(s) confronts a party of 3 adventurers at level 10.,Possible
encounter_4021,2,3,7,Young Red Dragon,10.0,A group of 7 Young Red Dragon(s) confronts a party of 2 adventurers at level 3.,Not Possible
encounter_2146,3,5,4,Bugbear,1.0,A group of 4 Bugbear(s) confronts a party of 3 adventurers at level 5.,Possible
encounter_4771,2,14,1,Young Red Dragon,10.0,A group of 1 Young Red Dragon(s) confronts a party of 2 adventurers at level 14.,Possible
encounter_1412,3,5,5,Troll,5.0,A group of 5 Troll(s) confronts a party of 3 adventurers at level 5.,Not Possible
encounter_3467,4,18,4,Young Red Dragon,10.0,A group of 4 Young Red Dragon(s) confronts a party of 4 adventurers at level 18.,Possible
encounter_2073,3,19,1,Young Red Dragon,10.0,A group of 1 Young Red Dragon(s) confronts a party of 3 adventurers at level 19.,Possible
encounter_1510,3,9,8,Bugbear,1.0,A group of 8 Bugbear(s) confronts a party of 3 adventurers at level 9.,Possible
encounter_1228,2,3,5,Orc,0.5,A group of 5 Orc(s) confronts a party of 2 adventurers at level 3.,Possible
encounter_4073,4,6,7,Troll,5.0,A group of 7 Troll(s) confronts a party of 4 adventurers at level 6.,Not Possible
encounter_2586,1,5,9,Ogre,2.0,A group of 9 Ogre(s) confronts a party of 1 adventurers at level 5.,Not Possible
encounter_4451,3,8,2,Troll,5.0,A group of 2 Troll(s) confronts a party of 3 adventurers at level 8.,Possible
encounter_2952,2,8,6,Orc,0.5,A group of 6 Orc(s) confronts a party of 2 adventurers at level 8.,Possible
encounter_3886,3,16,7,Goblin,0.25,A group of 7 Goblin(s) confronts a party of 3 adventurers at level 16.,Possible
encounter_325,5,11,6,Young Red Dragon,10.0,A group of 6 Young Red Dragon(s) confronts a party of 5 adventurers at level 11.,Not Possible
encounter_3978,2,9,4,Ogre,2.0,A group of 4 Ogre(s) confronts a party of 2 adventurers at level 9.,Possible
encounter_3577,1,18,4,Young Red Dragon,10.0,A group of 4 Young Red Dragon(s) confronts a party of 1 adventurers at level 18.,Not Possible
encounter_2212,5,5,5,Bugbear,1.0,A group of 5 Bugbear(s) confronts a party of 5 adventurers at level 5.,Possible
encounter_3299,4,11,3,Troll,5.0,A group of 3 Troll(s) confronts a party of 4 adventurers at level 11.,Possible
encounter_3036,2,6,8,Ogre,2.0,A group of 8 Ogre(s) confronts a party of 2 adventurers at level 6.,Not Possible
encounter_1499,2,17,1,Bugbear,1.0,A group of 1 Bugbear(s) confronts a party of 2 adventurers at level 17.,Possible
encounter_1503,4,3,8,Young Red Dragon,10.0,A group of 8 Young Red Dragon(s) confronts a party of 4 adventurers at level 3.,Not Possible
encounter_1007,5,3,6,Ogre,2.0,A group of 6 Ogre(s) confronts a party of 5 adventurers at level 3.,Possible
encounter_4180,1,14,9,Troll,5.0,A group of 9 Troll(s) confronts a party of 1 adventurers at level 14.,Not Possible
encounter_3014,3,2,4,Young Red Dragon,10.0,A group of 4 Young Red Dragon(s) confronts a party of 3 adventurers at level 2.,Not Possible
encounter_3517,5,1,6,Young Red Dragon,10.0,A group of 6 Young Red Dragon(s) confronts a party of 5 adventurers at level 1.,Not Possible
encounter_1468,4,5,3,Bugbear,1.0,A group of 3 Bugbear(s) confronts a party of 4 adventurers at level 5.,Possible
encounter_1226,3,10,1,Troll,5.0,A group of 1 Troll(s) confronts a party of 3 adventurers at level 10.,Possible
encounter_3168,2,8,8,Orc,0.5,A group of 8 Orc(s) confronts a party of 2 adventurers at level 8.,Possible
encounter_2268,5,6,3,Orc,0.5,A group of 3 Orc(s) confronts a party of 5 adventurers at level 6.,Possible
encounter_3809,3,8,4,Young Red Dragon,10.0,A group of 4 Young Red Dragon(s) confronts a party of 3 adventurers at level 8.,Not Possible
encounter_1217,2,14,6,Goblin,0.25,A group of 6 Goblin(s) confronts a party of 2 adventurers at level 14.,Possible
encounter_3977,2,4,2,Bugbear,1.0,A group of 2 Bugbear(s) confronts a party of 2 adventurers at level 4.,Possible
encounter_4585,5,19,8,Orc,0.5,A group of 8 Orc(s) confronts a party of 5 adventurers at level 19.,Possible
encounter_421,3,19,4,Bugbear,1.0,A group of 4 Bugbear(s) confronts a party of 3 adventurers at level 19.,Possible
encounter_3423,4,15,2,Young Red Dragon,10.0,A group of 2 Young Red Dragon(s) confronts a party of 4 adventurers at level 15.,Possible
encounter_7,3,4,2,Troll,5.0,A group of 2 Troll(s) confronts a party of 3 adventurers at level 4.,Possible
encounter_933,4,5,2,Ogre,2.0,A group of 2 Ogre(s) confronts a party of 4 adventurers at level 5.,Possible
encounter_1692,1,7,8,Orc,0.5,A group of 8 Orc(s) confronts a party of 1 adventurers at level 7.,Possible
encounter_440,5,13,4,Goblin,0.25,A group of 4 Goblin(s) confronts a party of 5 adventurers at level 13.,Possible
encounter_1314,1,4,8,Ogre,2.0,A group of 8 Ogre(s) confronts a party of 1 adventurers at level 4.,Not Possible
encounter_679,2,17,7,Bugbear,1.0,A group of 7 Bugbear(s) confronts a party of 2 adventurers at level 17.,Possible
encounter_1944,4,12,2,Troll,5.0,A group of 2 Troll(s) confronts a party of 4 adventurers at level 12.,Possible
encounter_4611,4,3,2,Young Red Dragon,10.0,A group of 2 Young Red Dragon(s) confronts a party of 4 adventurers at level 3.,Not Possible
encounter_3304,4,8,2,Bugbear,1.0,A group of 2 Bugbear(s) confronts a party of 4 adventurers at level 8.,Possible
encounter_2269,2,17,9,Orc,0.5,A group of 9 Orc(s) confronts a party of 2 adventurers at level 17.,Possible
encounter_4634,4,7,6,Bugbear,1.0,A group of 6 Bugbear(s) confronts a party of 4 adventurers at level 7.,Possible
encounter_4081,3,15,2,Bugbear,1.0,A group of 2 Bugbear(s) confronts a party of 3 adventurers at level 15.,Possible
encounter_2519,4,17,4,Ogre,2.0,A group of 4 Ogre(s) confronts a party of 4 adventurers at level 17.,Possible
encounter_2440,5,1,2,Ogre,2.0,A group of 2 Ogre(s) confronts a party of 5 adventurers at level 1.,Possible
encounter_4038,3,3,8,Goblin,0.25,A group of 8 Goblin(s) confronts a party of 3 adventurers at level 3.,Possible
encounter_1894,2,4,2,Orc,0.5,A group of 2 Orc(s) confronts a party of 2 adventurers at level 4.,Possible
encounter_4245,1,15,2,Goblin,0.25,A group of 2 Goblin(s) confronts a party of 1 adventurers at level 15.,Possible
encounter_4830,4,10,1,Goblin,0.25,A group of 1 Goblin(s) confronts a party of 4 adventurers at level 10.,Possible
encounter_2641,4,9,6,Orc,0.5,A group of 6 Orc(s) confronts a party of 4 adventurers at level 9.,Possible
encounter_195,5,5,4,Young Red Dragon,10.0,A group of 4 Young Red Dragon(s) confronts a party of 5 adventurers at level 5.,Not Possible
encounter_1475,4,11,7,Young Red Dragon,10.0,A group of 7 Young Red Dragon(s) confronts a party of 4 adventurers at level 11.,Not Possible
encounter_4617,4,1,9,Goblin,0.25,A group of 9 Goblin(s) confronts a party of 4 adventurers at level 1.,Possible
encounter_1212,5,4,7,Ogre,2.0,A group of 7 Ogre(s) confronts a party of 5 adventurers at level 4.,Possible
encounter_2439,3,3,5,Bugbear,1.0,A group of 5 Bugbear(s) confronts a party of 3 adventurers at level 3.,Possible
encounter_1658,5,4,1,Ogre,2.0,A group of 1 Ogre(s) confronts a party of 5 adventurers at level 4.,Possible
encounter_2701,2,4,9,Bugbear,1.0,A group of 9 Bugbear(s) confronts a party of 2 adventurers at level 4.,Not Possible
encounter_3083,1,1,1,Young Red Dragon,10.0,A group of 1 Young Red Dragon(s) confronts a party of 1 adventurers at level 1.,Not Possible
encounter_2706,5,14,8,Bugbear,1.0,A group of 8 Bugbear(s) confronts a party of 5 adventurers at level 14.,Possible
encounter_4227,1,14,9,Goblin,0.25,A group of 9 Goblin(s) confronts a party of 1 adventurers at level 14.,Possible
encounter_2843,2,5,7,Troll,5.0,A group of 7 Troll(s) confronts a party of 2 adventurers at level 5.,Not Possible
encounter_2303,2,9,2,Orc,0.5,A group of 2 Orc(s) confronts a party of 2 adventurers at level 9.,Possible
encounter_1131,5,19,3,Young Red Dragon,10.0,A group of 3 Young Red Dragon(s) confronts a party of 5 adventurers at level 19.,Possible
encounter_1462,2,17,5,Young Red Dragon,10.0,A group of 5 Young Red Dragon(s) confronts a party of 2 adventurers at level 17.,Not Possible
encounter_277,3,1,6,Ogre,2.0,A group of 6 Ogre(s) confronts a party of 3 adventurers at level 1.,Not Possible
encounter_2223,2,17,2,Young Red Dragon,10.0,A group of 2 Young Red Dragon(s) confronts a party of 2 adventurers at level 17.,Possible
encounter_2332,2,5,1,Bugbear,1.0,A group of 1 Bugbear(s) confronts a party of 2 adventurers at level 5.,Possible
encounter_4323,4,1,6,Young Red Dragon,10.0,A group of 6 Young Red Dragon(s) confronts a party of 4 adventurers at level 1.,Not Possible
encounter_1303,3,10,3,Ogre,2.0,A group of 3 Ogre(s) confronts a party of 3 adventurers at level 10.,Possible
encounter_2518,4,5,7,Goblin,0.25,A group of 7 Goblin(s) confronts a party of 4 adventurers at level 5.,Possible
encounter_223,4,13,6,Young Red Dragon,10.0,A group of 6 Young Red Dragon(s) confronts a party of 4 adventurers at level 13.,Not Possible
encounter_2037,1,10,5,Goblin,0.25,A group of 5 Goblin(s) confronts a party of 1 adventurers at level 10.,Possible
encounter_1925,3,11,3,Bugbear,1.0,A group of 3 Bugbear(s) confronts a party of 3 adventurers at level 11.,Possible
encounter_574,5,13,8,Young Red Dragon,10.0,A group of 8 Young Red Dragon(s) confronts a party of 5 adventurers at level 13.,Not Possible
encounter_1237,1,8,9,Bugbear,1.0,A group of 9 Bugbear(s) confronts a party of 1 adventurers at level 8.,Not Possible
encounter_3545,3,9,6,Young Red Dragon,10.0,A group of 6 Young Red Dragon(s) confronts a party of 3 adventurers at level 9.,Not Possible
encounter_2134,3,3,6,Bugbear,1.0,A group of 6 Bugbear(s) confronts a party of 3 adventurers at level 3.,Possible
encounter_1335,4,9,8,Young Red Dragon,10.0,A group of 8 Young Red Dragon(s) confronts a party of 4 adventurers at level 9.,Not Possible
encounter_2458,4,5,4,Ogre,2.0,A group of 4 Ogre(s) confronts a party of 4 adventurers at level 5.,Possible
encounter_419,1,6,5,Goblin,0.25,A group of 5 Goblin(s) confronts a party of 1 adventurers at level 6.,Possible
encounter_4915,1,16,5,Ogre,2.0,A group of 5 Ogre(s) confronts a party of 1 adventurers at level 16.,Possible
encounter_1105,3,1,1,Troll,5.0,A group of 1 Troll(s) confronts a party of 3 adventurers at level 1.,Not Possible
encounter_258,5,19,1,Bugbear,1.0,A group of 1 Bugbear(s) confronts a party of 5 adventurers at level 19.,Possible
encounter_296,2,8,4,Bugbear,1.0,A group of 4 Bugbear(s) confronts a party of 2 adventurers at level 8.,Possible
encounter_2362,5,12,1,Orc,0.5,A group of 1 Orc(s) confronts a party of 5 adventurers at level 12.,Possible
encounter_387,1,2,1,Ogre,2.0,A group of 1 Ogre(s) confronts a party of 1 adventurers at level 2.,Possible
encounter_3309,4,13,6,Bugbear,1.0,A group of 6 Bugbear(s) confronts a party of 4 adventurers at level 13.,Possible
encounter_4014,4,18,9,Troll,5.0,A group of 9 Troll(s) confronts a party of 4 adventurers at level 18.,Possible
encounter_2232,2,12,5,Goblin,0.25,A group of 5 Goblin(s) confronts a party of 2 adventurers at level 12.,Possible
encounter_2555,1,12,7,Bugbear,1.0,A group of 7 Bugbear(s) confronts a party of 1 adventurers at level 12.,Possible
encounter_4336,1,13,9,Bugbear,1.0,A group of 9 Bugbear(s) confronts a party of 1 adventurers at level 13.,Possible
encounter_3516,5,2,3,Troll,5.0,A group of 3 Troll(s) confronts a party of 5 adventurers at level 2.,Not Possible
encounter_1840,5,7,6,Goblin,0.25,A group of 6 Goblin(s) confronts a party of 5 adventurers at level 7.,Possible
encounter_4385,1,13,5,Ogre,2.0,A group of 5 Ogre(s) confronts a party of 1 adventurers at level 13.,Possible
encounter_1564,3,4,9,Ogre,2.0,A group of 9 Ogre(s) confronts a party of 3 adventurers at level 4.,Not Possible
encounter_2016,1,19,3,Troll,5.0,A group of 3 Troll(s) confronts a party of 1 adventurers at level 19.,Possible
encounter_1401,2,10,1,Young Red Dragon,10.0,A group of 1 Young Red Dragon(s) confronts a party of 2 adventurers at level 10.,Possible
encounter_713,2,16,3,Goblin,0.25,A group of 3 Goblin(s) confronts a party of 2 adventurers at level 16.,Possible
encounter_2421,2,9,4,Ogre,2.0,A group of 4 Ogre(s) confronts a party of 2 adventurers at level 9.,Possible
encounter_2620,1,2,9,Goblin,0.25,A group of 9 Goblin(s) confronts a party of 1 adventurers at level 2.,Not Possible
encounter_210,4,10,4,Young Red Dragon,10.0,A group of 4 Young Red Dragon(s) confronts a party of 4 adventurers at level 10.,Possible
encounter_4945,1,3,5,Ogre,2.0,A group of 5 Ogre(s) confronts a party of 1 adventurers at level 3.,Not Possible
encounter_1290,3,17,2,Bugbear,1.0,A group of 2 Bugbear(s) confronts a party of 3 adventurers at level 17.,Possible
encounter_450,4,3,3,Goblin,0.25,A group of 3 Goblin(s) confronts a party of 4 adventurers at level 3.,Possible
encounter_4092,5,1,5,Bugbear,1.0,A group of 5 Bugbear(s) confronts a party of 5 adventurers at level 1.,Possible
encounter_2570,1,8,7,Young Red Dragon,10.0,A group of 7 Young Red Dragon(s) confronts a party of 1 adventurers at level 8.,Not Possible
encounter_1821,2,8,8,Goblin,0.25,A group of 8 Goblin(s) confronts a party of 2 adventurers at level 8.,Possible
encounter_959,3,18,1,Troll,5.0,A group of 1 Troll(s) confronts a party of 3 adventurers at level 18.,Possible
encounter_1794,2,7,7,Goblin,0.25,A group of 7 Goblin(s) confronts a party of 2 adventurers at level 7.,Possible
encounter_4787,3,1,8,Ogre,2.0,A group of 8 Ogre(s) confronts a party of 3 adventurers at level 1.,Not Possible
encounter_655,4,19,1,Troll,5.0,A group of 1 Troll(s) confronts a party of 4 adventurers at level 19.,Possible
encounter_2408,3,11,5,Troll,5.0,A group of 5 Troll(s) confronts a party of 3 adventurers at level 11.,Possible
encounter_3853,1,12,9,Young Red Dragon,10.0,A group of 9 Young Red Dragon(s) confronts a party of 1 adventurers at level 12.,Not Possible
encounter_1996,4,13,9,Troll,5.0,A group of 9 Troll(s) confronts a party of 4 adventurers at level 13.,Possible
encounter_1761,3,19,3,Goblin,0.25,A group of 3 Goblin(s) confronts a party of 3 adventurers at level 19.,Possible
encounter_2355,1,7,1,Troll,5.0,A group of 1 Troll(s) confronts a party of 1 adventurers at level 7.,Possible
encounter_2742,3,16,3,Orc,0.5,A group of 3 Orc(s) confronts a party of 3 adventurers at level 16.,Possible
encounter_2618,3,2,1,Orc,0.5,A group of 1 Orc(s) confronts a party of 3 adventurers at level 2.,Possible
encounter_412,1,14,9,Bugbear,1.0,A group of 9 Bugbear(s) confronts a party of 1 adventurers at level 14.,Possible
encounter_1775,2,10,4,Bugbear,1.0,A group of 4 Bugbear(s) confronts a party of 2 adventurers at level 10.,Possible
encounter_3979,5,13,6,Orc,0.5,A group of 6 Orc(s) confronts a party of 5 adventurers at level 13.,Possible
encounter_2187,5,14,3,Ogre,2.0,A group of 3 Ogre(s) confronts a party of 5 adventurers at level 14.,Possible
encounter_2380,5,18,7,Bugbear,1.0,A group of 7 Bugbear(s) confronts a party of 5 adventurers at level 18.,Possible
encounter_3964,2,15,3,Bugbear,1.0,A group of 3 Bugbear(s) confronts a party of 2 adventurers at level 15.,Possible
encounter_4312,3,1,5,Bugbear,1.0,A group of 5 Bugbear(s) confronts a party of 3 adventurers at level 1.,Not Possible
encounter_4775,2,7,2,Orc,0.5,A group of 2 Orc(s) confronts a party of 2 adventurers at level 7.,Possible
encounter_3703,5,16,5,Orc,0.5,A group of 5 Orc(s) confronts a party of 5 adventurers at level 16.,Possible
encounter_3973,2,14,3,Young Red Dragon,10.0,A group of 3 Young Red Dragon(s) confronts a party of 2 adventurers at level 14.,Not Possible
encounter_4766,3,12,7,Young Red Dragon,10.0,A group of 7 Young Red Dragon(s) confronts a party of 3 adventurers at level 12.,Not Possible
encounter_3559,4,11,6,Troll,5.0,A group of 6 Troll(s) confronts a party of 4 adventurers at level 11.,Possible
encounter_4111,5,12,5,Troll,5.0,A group of 5 Troll(s) confronts a party of 5 adventurers at level 12.,Possible
encounter_3498,3,15,8,Ogre,2.0,A group of 8 Ogre(s) confronts a party of 3 adventurers at level 15.,Possible
encounter_3766,4,11,8,Goblin,0.25,A group of 8 Goblin(s) confronts a party of 4 adventurers at level 11.,Possible
encounter_431,5,6,3,Ogre,2.0,A group of 3 Ogre(s) confronts a party of 5 adventurers at level 6.,Possible
encounter_4485,5,17,6,Troll,5.0,A group of 6 Troll(s) confronts a party of 5 adventurers at level 17.,Possible
encounter_2322,5,1,4,Goblin,0.25,A group of 4 Goblin(s) confronts a party of 5 adventurers at level 1.,Possible
encounter_1367,3,9,7,Orc,0.5,A group of 7 Orc(s) confronts a party of 3 adventurers at level 9.,Possible
encounter_1993,5,13,7,Goblin,0.25,A group of 7 Goblin(s) confronts a party of 5 adventurers at level 13.,Possible
encounter_2852,5,2,2,Young Red Dragon,10.0,A group of 2 Young Red Dragon(s) confronts a party of 5 adventurers at level 2.,Not Possible
encounter_1177,5,15,9,Goblin,0.25,A group of 9 Goblin(s) confronts a party of 5 adventurers at level 15.,Possible
encounter_3529,1,10,6,Bugbear,1.0,A group of 6 Bugbear(s) confronts a party of 1 adventurers at level 10.,Possible
encounter_1477,3,8,4,Goblin,0.25,A group of 4 Goblin(s) confronts a party of 3 adventurers at level 8.,Possible
encounter_3741,5,7,7,Bugbear,1.0,A group of 7 Bugbear(s) confronts a party of 5 adventurers at level 7.,Possible
encounter_2046,5,2,3,Young Red Dragon,10.0,A group of 3 Young Red Dragon(s) confronts a party of 5 adventurers at level 2.,Not Possible
encounter_103,2,9,5,Troll,5.0,A group of 5 Troll(s) confronts a party of 2 adventurers at level 9.,Not Possible
encounter_4332,1,14,1,Ogre,2.0,A group of 1 Ogre(s) confronts a party of 1 adventurers at level 14.,Possible
encounter_2993,4,5,9,Orc,0.5,A group of 9 Orc(s) confronts a party of 4 adventurers at level 5.,Possible
encounter_1264,5,4,3,Bugbear,1.0,A group of 3 Bugbear(s) confronts a party of 5 adventurers at level 4.,Possible
encounter_2882,5,15,1,Young Red Dragon,10.0,A group of 1 Young Red Dragon(s) confronts a party of 5 adventurers at level 15.,Possible
encounter_3139,4,7,6,Young Red Dragon,10.0,A group of 6 Young Red Dragon(s) confronts a party of 4 adventurers at level 7.,Not Possible
encounter_3623,1,2,5,Bugbear,1.0,A group of 5 Bugbear(s) confronts a party of 1 adventurers at level 2.,Not Possible
encounter_3204,4,11,3,Troll,5.0,A group of 3 Troll(s) confronts a party of 4 adventurers at level 11.,Possible
encounter_4279,2,18,3,Bugbear,1.0,A group of 3 Bugbear(s) confronts a party of 2 adventurers at level 18.,Possible
encounter_3300,3,7,5,Ogre,2.0,A group of 5 Ogre(s) confronts a party of 3 adventurers at level 7.,Possible
encounter_4994,5,2,8,Ogre,2.0,A group of 8 Ogre(s) confronts a party of 5 adventurers at level 2.,Not Possible
encounter_3634,3,11,8,Orc,0.5,A group of 8 Orc(s) confronts a party of 3 adventurers at level 11.,Possible
encounter_1644,2,2,6,Troll,5.0,A group of 6 Troll(s) confronts a party of 2 adventurers at level 2.,Not Possible
encounter_4506,2,4,2,Orc,0.5,A group of 2 Orc(s) confronts a party of 2 adventurers at level 4.,Possible
encounter_1,3,14,5,Goblin,0.25,A group of 5 Goblin(s) confronts a party of 3 adventurers at level 14.,Possible
encounter_1581,3,13,6,Bugbear,1.0,A group of 6 Bugbear(s) confronts a party of 3 adventurers at level 13.,Possible
encounter_4423,2,16,6,Young Red Dragon,10.0,A group of 6 Young Red Dragon(s) confronts a party of 2 adventurers at level 16.,Not Possible
encounter_4117,5,2,4,Orc,0.5,A group of 4 Orc(s) confronts a party of 5 adventurers at level 2.,Possible
encounter_1357,1,2,4,Bugbear,1.0,A group of 4 Bugbear(s) confronts a party of 1 adventurers at level 2.,Not Possible
encounter_4202,4,6,3,Troll,5.0,A group of 3 Troll(s) confronts a party of 4 adventurers at level 6.,Possible
encounter_4575,1,9,3,Goblin,0.25,A group of 3 Goblin(s) confronts a party of 1 adventurers at level 9.,Possible
encounter_3734,5,19,6,Troll,5.0,A group of 6 Troll(s) confronts a party of 5 adventurers at level 19.,Possible
encounter_2026,5,18,1,Goblin,0.25,A group of 1 Goblin(s) confronts a party of 5 adventurers at level 18.,Possible
encounter_2219,5,14,5,Troll,5.0,A group of 5 Troll(s) confronts a party of 5 adventurers at level 14.,Possible
encounter_397,2,14,4,Ogre,2.0,A group of 4 Ogre(s) confronts a party of 2 adventurers at level 14.,Possible
encounter_4942,2,2,7,Troll,5.0,A group of 7 Troll(s) confronts a party of 2 adventurers at level 2.,Not Possible
encounter_1065,3,2,2,Bugbear,1.0,A group of 2 Bugbear(s) confronts a party of 3 adventurers at level 2.,Possible
encounter_3081,5,16,1,Goblin,0.25,A group of 1 Goblin(s) confronts a party of 5 adventurers at level 16.,Possible
encounter_2154,1,15,5,Bugbear,1.0,A group of 5 Bugbear(s) confronts a party of 1 adventurers at level 15.,Possible
encounter_819,2,5,7,Young Red Dragon,10.0,A group of 7 Young Red Dragon(s) confronts a party of 2 adventurers at level 5.,Not Possible
encounter_1813,4,12,8,Young Red Dragon,10.0,A group of 8 Young Red Dragon(s) confronts a party of 4 adventurers at level 12.,Not Possible
encounter_2553,2,13,6,Bugbear,1.0,A group of 6 Bugbear(s) confronts a party of 2 adventurers at level 13.,Possible
encounter_1553,5,6,7,Bugbear,1.0,A group of 7 Bugbear(s) confronts a party of 5 adventurers at level 6.,Possible
encounter_4048,4,19,6,Bugbear,1.0,A group of 6 Bugbear(s) confronts a party of 4 adventurers at level 19.,Possible
encounter_817,5,18,3,Bugbear,1.0,A group of 3 Bugbear(s) confronts a party of 5 adventurers at level 18.,Possible
encounter_1573,1,11,3,Young Red Dragon,10.0,A group of 3 Young Red Dragon(s) confronts a party of 1 adventurers at level 11.,Not Possible
encounter_4553,4,17,2,Goblin,0.25,A group of 2 Goblin(s) confronts a party of 4 adventurers at level 17.,Possible
encounter_1801,2,5,7,Ogre,2.0,A group of 7 Ogre(s) confronts a party of 2 adventurers at level 5.,Not Possible
encounter_4288,2,1,7,Bugbear,1.0,A group of 7 Bugbear(s) confronts a party of 2 adventurers at level 1.,Not Possible
encounter_382,1,16,6,Ogre,2.0,A group of 6 Ogre(s) confronts a party of 1 adventurers at level 16.,Possible
encounter_2875,5,5,7,Goblin,0.25,A group of 7 Goblin(s) confronts a party of 5 adventurers at level 5.,Possible
encounter_4348,2,5,9,Orc,0.5,A group of 9 Orc(s) confronts a party of 2 adventurers at level 5.,Possible
encounter_4627,2,15,5,Troll,5.0,A group of 5 Troll(s) confronts a party of 2 adventurers at level 15.,Possible
encounter_3504,1,2,4,Troll,5.0,A group of 4 Troll(s) confronts a party of 1 adventurers at level 2.,Not Possible
encounter_2312,2,17,9,Goblin,0.25,A group of 9 Goblin(s) confronts a party of 2 adventurers at level 17.,Possible
encounter_1781,5,4,9,Bugbear,1.0,A group of 9 Bugbear(s) confronts a party of 5 adventurers at level 4.,Possible
encounter_2727,2,14,1,Ogre,2.0,A group of 1 Ogre(s) confronts a party of 2 adventurers at level 14.,Possible
encounter_2438,3,17,4,Orc,0.5,A group of 4 Orc(s) confronts a party of 3 adventurers at level 17.,Possible
encounter_2334,2,13,5,Goblin,0.25,A group of 5 Goblin(s) confronts a party of 2 adventurers at level 13.,Possible
encounter_865,3,14,3,Troll,5.0,A group of 3 Troll(s) confronts a party of 3 adventurers at level 14.,Possible
encounter_3639,1,17,8,Young Red Dragon,10.0,A group of 8 Young Red Dragon(s) confronts a party of 1 adventurers at level 17.,Not Possible
encounter_3165,2,4,8,Troll,5.0,A group of 8 Troll(s) confronts a party of 2 adventurers at level 4.,Not Possible
encounter_555,2,4,7,Young Red Dragon,10.0,A group of 7 Young Red Dragon(s) confronts a party of 2 adventurers at level 4.,Not Possible
encounter_1160,4,6,5,Young Red Dragon,10.0,A group of 5 Young Red Dragon(s) confronts a party of 4 adventurers at level 6.,Not Possible
encounter_1214,5,11,1,Goblin,0.25,A group of 1 Goblin(s) confronts a party of 5 adventurers at level 11.,Possible
encounter_3761,4,3,5,Young Red Dragon,10.0,A group of 5 Young Red Dragon(s) confronts a party of 4 adventurers at level 3.,Not Possible
encounter_4214,3,7,1,Bugbear,1.0,A group of 1 Bugbear(s) confronts a party of 3 adventurers at level 7.,Possible
encounter_49,3,10,1,Orc,0.5,A group of 1 Orc(s) confronts a party of 3 adventurers at level 10.,Possible
encounter_2368,5,5,1,Troll,5.0,A group of 1 Troll(s) confronts a party of 5 adventurers at level 5.,Possible
encounter_701,4,5,5,Goblin,0.25,A group of 5 Goblin(s) confronts a party of 4 adventurers at level 5.,Possible
encounter_653,2,8,8,Orc,0.5,A group of 8 Orc(s) confronts a party of 2 adventurers at level 8.,Possible
encounter_3934,3,13,6,Goblin,0.25,A group of 6 Goblin(s) confronts a party of 3 adventurers at level 13.,Possible
encounter_4410,2,14,7,Young Red Dragon,10.0,A group of 7 Young Red Dragon(s) confronts a party of 2 adventurers at level 14.,Not Possible
encounter_3312,2,16,7,Bugbear,1.0,A group of 7 Bugbear(s) confronts a party of 2 adventurers at level 16.,Possible
encounter_749,5,16,7,Troll,5.0,A group of 7 Troll(s) confronts a party of 5 adventurers at level 16.,Possible
encounter_1456,5,11,7,Ogre,2.0,A group of 7 Ogre(s) confronts a party of 5 adventurers at level 11.,Possible
encounter_4196,4,7,2,Orc,0.5,A group of 2 Orc(s) confronts a party of 4 adventurers at level 7.,Possible
encounter_2390,5,8,2,Orc,0.5,A group of 2 Orc(s) confronts a party of 5 adventurers at level 8.,Possible
encounter_3495,5,13,2,Troll,5.0,A group of 2 Troll(s) confronts a party of 5 adventurers at level 13.,Possible
encounter_867,5,13,7,Ogre,2.0,A group of 7 Ogre(s) confronts a party of 5 adventurers at level 13.,Possible
encounter_753,1,11,3,Troll,5.0,A group of 3 Troll(s) confronts a party of 1 adventurers at level 11.,Not Possible
encounter_1645,5,4,4,Young Red Dragon,10.0,A group of 4 Young Red Dragon(s) confronts a party of 5 adventurers at level 4.,Not Possible
encounter_93,5,4,1,Bugbear,1.0,A group of 1 Bugbear(s) confronts a party of 5 adventurers at level 4.,Possible
encounter_4825,1,14,4,Bugbear,1.0,A group of 4 Bugbear(s) confronts a party of 1 adventurers at level 14.,Possible
encounter_3102,2,10,1,Bugbear,1.0,A group of 1 Bugbear(s) confronts a party of 2 adventurers at level 10.,Possible
encounter_2433,5,16,5,Bugbear,1.0,A group of 5 Bugbear(s) confronts a party of 5 adventurers at level 16.,Possible
encounter_2630,4,4,8,Orc,0.5,A group of 8 Orc(s) confronts a party of 4 adventurers at level 4.,Possible
encounter_1491,1,10,4,Goblin,0.25,A group of 4 Goblin(s) confronts a party of 1 adventurers at level 10.,Possible
encounter_2896,4,18,2,Ogre,2.0,A group of 2 Ogre(s) confronts a party of 4 adventurers at level 18.,Possible
encounter_2178,3,13,3,Troll,5.0,A group of 3 Troll(s) confronts a party of 3 adventurers at level 13.,Possible
encounter_730,5,19,2,Ogre,2.0,A group of 2 Ogre(s) confronts a party of 5 adventurers at level 19.,Possible
encounter_4760,3,19,9,Young Red Dragon,10.0,A group of 9 Young Red Dragon(s) confronts a party of 3 adventurers at level 19.,Not Possible
encounter_2472,4,4,3,Troll,5.0,A group of 3 Troll(s) confronts a party of 4 adventurers at level 4.,Possible
encounter_2243,2,13,9,Bugbear,1.0,A group of 9 Bugbear(s) confronts a party of 2 adventurers at level 13.,Possible
encounter_1937,1,13,3,Ogre,2.0,A group of 3 Ogre(s) confronts a party of 1 adventurers at level 13.,Possible
encounter_1746,1,10,5,Bugbear,1.0,A group of 5 Bugbear(s) confronts a party of 1 adventurers at level 10.,Possible
encounter_4747,4,11,1,Troll,5.0,A group of 1 Troll(s) confronts a party of 4 adventurers at level 11.,Possible
encounter_4374,5,7,1,Orc,0.5,A group of 1 Orc(s) confronts a party of 5 adventurers at level 7.,Possible
encounter_3492,4,17,7,Goblin,0.25,A group of 7 Goblin(s) confronts a party of 4 adventurers at level 17.,Possible
encounter_1111,3,17,7,Goblin,0.25,A group of 7 Goblin(s) confronts a party of 3 adventurers at level 17.,Possible
encounter_3338,3,4,5,Troll,5.0,A group of 5 Troll(s) confronts a party of 3 adventurers at level 4.,Not Possible
encounter_4033,1,10,7,Ogre,2.0,A group of 7 Ogre(s) confronts a party of 1 adventurers at level 10.,Not Possible
encounter_4472,2,14,1,Ogre,2.0,A group of 1 Ogre(s) confronts a party of 2 adventurers at level 14.,Possible
encounter_4158,5,18,1,Troll,5.0,A group of 1 Troll(s) confronts a party of 5 adventurers at level 18.,Possible
encounter_347,5,1,6,Bugbear,1.0,A group of 6 Bugbear(s) confronts a party of 5 adventurers at level 1.,Not Possible
encounter_1186,5,1,3,Orc,0.5,A group of 3 Orc(s) confronts a party of 5 adventurers at level 1.,Possible
encounter_4007,2,9,6,Troll,5.0,A group of 6 Troll(s) confronts a party of 2 adventurers at level 9.,Not Possible
encounter_1516,2,16,4,Young Red Dragon,10.0,A group of 4 Young Red Dragon(s) confronts a party of 2 adventurers at level 16.,Not Possible
encounter_4670,2,4,8,Orc,0.5,A group of 8 Orc(s) confronts a party of 2 adventurers at level 4.,Possible
encounter_579,4,9,1,Orc,0.5,A group of 1 Orc(s) confronts a party of 4 adventurers at level 9.,Possible
encounter_1965,3,16,9,Goblin,0.25,A group of 9 Goblin(s) confronts a party of 3 adventurers at level 16.,Possible
encounter_76,4,2,8,Orc,0.5,A group of 8 Orc(s) confronts a party of 4 adventurers at level 2.,Possible
encounter_1430,4,3,6,Young Red Dragon,10.0,A group of 6 Young Red Dragon(s) confronts a party of 4 adventurers at level 3.,Not Possible
encounter_3713,2,1,2,Ogre,2.0,A group of 2 Ogre(s) confronts a party of 2 adventurers at level 1.,Not Possible
encounter_4431,1,2,8,Goblin,0.25,A group of 8 Goblin(s) confronts a party of 1 adventurers at level 2.,Possible
encounter_2752,1,15,6,Ogre,2.0,A group of 6 Ogre(s) confronts a party of 1 adventurers at level 15.,Possible
encounter_4953,3,3,2,Ogre,2.0,A group of 2 Ogre(s) confronts a party of 3 adventurers at level 3.,Possible
encounter_1847,2,11,7,Goblin,0.25,A group of 7 Goblin(s) confronts a party of 2 adventurers at level 11.,Possible
encounter_132,1,13,3,Ogre,2.0,A group of 3 Ogre(s) confronts a party of 1 adventurers at level 13.,Possible
encounter_179,4,13,1,Ogre,2.0,A group of 1 Ogre(s) confronts a party of 4 adventurers at level 13.,Possible
encounter_2900,5,17,8,Bugbear,1.0,A group of 8 Bugbear(s) confronts a party of 5 adventurers at level 17.,Possible
encounter_4467,5,5,6,Goblin,0.25,A group of 6 Goblin(s) confronts a party of 5 adventurers at level 5.,Possible
encounter_4195,4,18,2,Young Red Dragon,10.0,A group of 2 Young Red Dragon(s) confronts a party of 4 adventurers at level 18.,Possible
encounter_2523,5,11,3,Young Red Dragon,10.0,A group of 3 Young Red Dragon(s) confronts a party of 5 adventurers at level 11.,Possible
encounter_1843,3,7,2,Goblin,0.25,A group of 2 Goblin(s) confronts a party of 3 adventurers at level 7.,Possible
encounter_2099,4,10,1,Troll,5.0,A group of 1 Troll(s) confronts a party of 4 adventurers at level 10.,Possible
encounter_3950,1,6,5,Goblin,0.25,A group of 5 Goblin(s) confronts a party of 1 adventurers at level 6.,Possible
encounter_2374,4,18,7,Troll,5.0,A group of 7 Troll(s) confronts a party of 4 adventurers at level 18.,Possible
encounter_605,1,2,2,Young Red Dragon,10.0,A group of 2 Young Red Dragon(s) confronts a party of 1 adventurers at level 2.,Not Possible
encounter_2628,4,6,3,Bugbear,1.0,A group of 3 Bugbear(s) confronts a party of 4 adventurers at level 6.,Possible
encounter_26,4,7,3,Orc,0.5,A group of 3 Orc(s) confronts a party of 4 adventurers at level 7.,Possible
encounter_659,3,15,1,Ogre,2.0,A group of 1 Ogre(s) confronts a party of 3 adventurers at level 15.,Possible
encounter_4978,3,7,2,Ogre,2.0,A group of 2 Ogre(s) confronts a party of 3 adventurers at level 7.,Possible
encounter_3318,5,3,3,Orc,0.5,A group of 3 Orc(s) confronts a party of 5 adventurers at level 3.,Possible
encounter_3869,1,1,6,Goblin,0.25,A group of 6 Goblin(s) confronts a party of 1 adventurers at level 1.,Not Possible
encounter_174,2,13,1,Bugbear,1.0,A group of 1 Bugbear(s) confronts a party of 2 adventurers at level 13.,Possible
encounter_1612,3,2,7,Bugbear,1.0,A group of 7 Bugbear(s) confronts a party of 3 adventurers at level 2.,Not Possible
encounter_438,2,3,6,Young Red Dragon,10.0,A group of 6 Young Red Dragon(s) confronts a party of 2 adventurers at level 3.,Not Possible
encounter_332,5,12,3,Young Red Dragon,10.0,A group of 3 Young Red Dragon(s) confronts a party of 5 adventurers at level 12.,Possible
encounter_3101,2,10,2,Bugbear,1.0,A group of 2 Bugbear(s) confronts a party of 2 adventurers at level 10.,Possible
encounter_1455,4,9,5,Troll,5.0,A group of 5 Troll(s) confronts a party of 4 adventurers at level 9.,Possible
encounter_343,3,15,4,Orc,0.5,A group of 4 Orc(s) confronts a party of 3 adventurers at level 15.,Possible
encounter_3210,3,2,9,Bugbear,1.0,A group of 9 Bugbear(s) confronts a party of 3 adventurers at level 2.,Not Possible
encounter_4577,1,9,7,Troll,5.0,A group of 7 Troll(s) confronts a party of 1 adventurers at level 9.,Not Possible
encounter_1089,1,13,3,Orc,0.5,A group of 3 Orc(s) confronts a party of 1 adventurers at level 13.,Possible
encounter_480,1,16,2,Goblin,0.25,A group of 2 Goblin(s) confronts a party of 1 adventurers at level 16.,Possible
encounter_728,2,1,5,Young Red Dragon,10.0,A group of 5 Young Red Dragon(s) confronts a party of 2 adventurers at level 1.,Not Possible
encounter_3784,2,9,6,Orc,0.5,A group of 6 Orc(s) confronts a party of 2 adventurers at level 9.,Possible
encounter_977,3,12,5,Bugbear,1.0,A group of 5 Bugbear(s) confronts a party of 3 adventurers at level 12.,Possible
encounter_3785,1,3,8,Goblin,0.25,A group of 8 Goblin(s) confronts a party of 1 adventurers at level 3.,Possible
encounter_2978,5,16,3,Troll,5.0,A group of 3 Troll(s) confronts a party of 5 adventurers at level 16.,Possible
encounter_1929,4,4,5,Young Red Dragon,10.0,A group of 5 Young Red Dragon(s) confronts a party of 4 adventurers at level 4.,Not Possible
encounter_1469,1,12,7,Troll,5.0,A group of 7 Troll(s) confronts a party of 1 adventurers at level 12.,Not Possible
encounter_1225,3,11,9,Goblin,0.25,A group of 9 Goblin(s) confronts a party of 3 adventurers at level 11.,Possible
encounter_2857,3,1,5,Orc,0.5,A group of 5 Orc(s) confronts a party of 3 adventurers at level 1.,Possible
encounter_1953,2,12,4,Bugbear,1.0,A group of 4 Bugbear(s) confronts a party of 2 adventurers at level 12.,Possible
encounter_4831,1,9,7,Troll,5.0,A group of 7 Troll(s) confronts a party of 1 adventurers at level 9.,Not Possible
encounter_4501,5,5,9,Young Red Dragon,10.0,A group of 9 Young Red Dragon(s) confronts a party of 5 adventurers at level 5.,Not Possible
encounter_1893,4,9,4,Goblin,0.25,A group of 4 Goblin(s) confronts a party of 4 adventurers at level 9.,Possible
encounter_1300,5,7,7,Goblin,0.25,A group of 7 Goblin(s) confronts a party of 5 adventurers at level 7.,Possible
encounter_2991,5,9,1,Orc,0.5,A group of 1 Orc(s) confronts a party of 5 adventurers at level 9.,Possible
encounter_4600,1,3,7,Ogre,2.0,A group of 7 Ogre(s) confronts a party of 1 adventurers at level 3.,Not Possible
encounter_661,5,6,5,Ogre,2.0,A group of 5 Ogre(s) confronts a party of 5 adventurers at level 6.,Possible
encounter_4578,2,17,3,Bugbear,1.0,A group of 3 Bugbear(s) confronts a party of 2 adventurers at level 17.,Possible
encounter_4074,3,5,4,Orc,0.5,A group of 4 Orc(s) confronts a party of 3 adventurers at level 5.,Possible
encounter_2785,2,19,3,Orc,0.5,A group of 3 Orc(s) confronts a party of 2 adventurers at level 19.,Possible
encounter_4938,5,13,9,Orc,0.5,A group of 9 Orc(s) confronts a party of 5 adventurers at level 13.,Possible
encounter_3828,5,15,1,Goblin,0.25,A group of 1 Goblin(s) confronts a party of 5 adventurers at level 15.,Possible
encounter_2715,3,8,7,Goblin,0.25,A group of 7 Goblin(s) confronts a party of 3 adventurers at level 8.,Possible
encounter_4658,3,14,7,Bugbear,1.0,A group of 7 Bugbear(s) confronts a party of 3 adventurers at level 14.,Possible
encounter_268,1,2,1,Ogre,2.0,A group of 1 Ogre(s) confronts a party of 1 adventurers at level 2.,Possible
encounter_4443,3,8,5,Young Red Dragon,10.0,A group of 5 Young Red Dragon(s) confronts a party of 3 adventurers at level 8.,Not Possible
encounter_4960,4,10,6,Goblin,0.25,A group of 6 Goblin(s) confronts a party of 4 adventurers at level 10.,Possible
encounter_3373,1,18,6,Young Red Dragon,10.0,A group of 6 Young Red Dragon(s) confronts a party of 1 adventurers at level 18.,Not Possible
encounter_3596,5,8,9,Goblin,0.25,A group of 9 Goblin(s) confronts a party of 5 adventurers at level 8.,Possible
encounter_4317,2,7,3,Ogre,2.0,A group of 3 Ogre(s) confronts a party of 2 adventurers at level 7.,Possible
encounter_3723,1,13,8,Goblin,0.25,A group of 8 Goblin(s) confronts a party of 1 adventurers at level 13.,Possible
encounter_3407,5,7,4,Troll,5.0,A group of 4 Troll(s) confronts a party of 5 adventurers at level 7.,Possible
encounter_1279,3,12,6,Bugbear,1.0,A group of 6 Bugbear(s) confronts a party of 3 adventurers at level 12.,Possible
encounter_4641,2,2,4,Goblin,0.25,A group of 4 Goblin(s) confronts a party of 2 adventurers at level 2.,Possible
encounter_3918,1,8,6,Orc,0.5,A group of 6 Orc(s) confronts a party of 1 adventurers at level 8.,Possible
encounter_2679,2,9,4,Troll,5.0,A group of 4 Troll(s) confronts a party of 2 adventurers at level 9.,Not Possible
encounter_1622,2,11,8,Goblin,0.25,A group of 8 Goblin(s) confronts a party of 2 adventurers at level 11.,Possible
encounter_4104,1,3,3,Ogre,2.0,A group of 3 Ogre(s) confronts a party of 1 adventurers at level 3.,Not Possible
encounter_2858,2,16,4,Orc,0.5,A group of 4 Orc(s) confronts a party of 2 adventurers at level 16.,Possible
encounter_1897,4,1,8,Goblin,0.25,A group of 8 Goblin(s) confronts a party of 4 adventurers at level 1.,Possible
encounter_3925,2,1,6,Bugbear,1.0,A group of 6 Bugbear(s) confronts a party of 2 adventurers at level 1.,Not Possible
encounter_3015,1,7,1,Bugbear,1.0,A group of 1 Bugbear(s) confronts a party of 1 adventurers at level 7.,Possible
encounter_4439,4,7,7,Young Red Dragon,10.0,A group of 7 Young Red Dragon(s) confronts a party of 4 adventurers at level 7.,Not Possible
encounter_68,4,12,9,Goblin,0.25,A group of 9 Goblin(s) confronts a party of 4 adventurers at level 12.,Possible
encounter_2043,2,10,9,Young Red Dragon,10.0,A group of 9 Young Red Dragon(s) confronts a party of 2 adventurers at level 10.,Not Possible
encounter_2581,1,3,4,Ogre,2.0,A group of 4 Ogre(s) confronts a party of 1 adventurers at level 3.,Not Possible
encounter_3783,1,9,9,Bugbear,1.0,A group of 9 Bugbear(s) confronts a party of 1 adventurers at level 9.,Possible
encounter_3791,5,2,8,Troll,5.0,A group of 8 Troll(s) confronts a party of 5 adventurers at level 2.,Not Possible
encounter_821,5,17,5,Ogre,2.0,A group of 5 Ogre(s) confronts a party of 5 adventurers at level 17.,Possible
encounter_1227,5,17,6,Bugbear,1.0,A group of 6 Bugbear(s) confronts a party of 5 adventurers at level 17.,Possible
encounter_2992,5,10,6,Goblin,0.25,A group of 6 Goblin(s) confronts a party of 5 adventurers at level 10.,Possible
encounter_3133,5,7,3,Orc,0.5,A group of 3 Orc(s) confronts a party of 5 adventurers at level 7.,Possible
encounter_2744,2,2,7,Young Red Dragon,10.0,A group of 7 Young Red Dragon(s) confronts a party of 2 adventurers at level 2.,Not Possible
encounter_4458,1,4,9,Bugbear,1.0,A group of 9 Bugbear(s) confronts a party of 1 adventurers at level 4.,Not Possible
encounter_4270,5,12,6,Bugbear,1.0,A group of 6 Bugbear(s) confronts a party of 5 adventurers at level 12.,Possible
encounter_3350,4,17,4,Bugbear,1.0,A group of 4 Bugbear(s) confronts a party of 4 adventurers at level 17.,Possible
encounter_1144,1,12,4,Goblin,0.25,A group of 4 Goblin(s) confronts a party of 1 adventurers at level 12.,Possible
encounter_398,4,17,2,Troll,5.0,A group of 2 Troll(s) confronts a party of 4 adventurers at level 17.,Possible
encounter_2907,5,1,7,Young Red Dragon,10.0,A group of 7 Young Red Dragon(s) confronts a party of 5 adventurers at level 1.,Not Possible
encounter_4302,5,15,9,Troll,5.0,A group of 9 Troll(s) confronts a party of 5 adventurers at level 15.,Possible
encounter_2760,4,5,2,Young Red Dragon,10.0,A group of 2 Young Red Dragon(s) confronts a party of 4 adventurers at level 5.,Possible
encounter_1399,1,19,8,Orc,0.5,A group of 8 Orc(s) confronts a party of 1 adventurers at level 19.,Possible
encounter_1660,1,14,5,Ogre,2.0,A group of 5 Ogre(s) confronts a party of 1 adventurers at level 14.,Possible
encounter_980,2,8,4,Young Red Dragon,10.0,A group of 4 Young Red Dragon(s) confronts a party of 2 adventurers at level 8.,Not Possible
encounter_1299,2,17,4,Orc,0.5,A group of 4 Orc(s) confronts a party of 2 adventurers at level 17.,Possible
encounter_3556,5,18,1,Goblin,0.25,A group of 1 Goblin(s) confronts a party of 5 adventurers at level 18.,Possible
encounter_83,2,10,2,Ogre,2.0,A group of 2 Ogre(s) confronts a party of 2 adventurers at level 10.,Possible
encounter_4508,2,18,1,Bugbear,1.0,A group of 1 Bugbear(s) confronts a party of 2 adventurers at level 18.,Possible
encounter_2459,5,6,1,Young Red Dragon,10.0,A group of 1 Young Red Dragon(s) confronts a party of 5 adventurers at level 6.,Possible
encounter_3740,4,1,1,Troll,5.0,A group of 1 Troll(s) confronts a party of 4 adventurers at level 1.,Not Possible
encounter_3782,1,17,1,Goblin,0.25,A group of 1 Goblin(s) confronts a party of 1 adventurers at level 17.,Possible
encounter_2289,1,4,3,Orc,0.5,A group of 3 Orc(s) confronts a party of 1 adventurers at level 4.,Possible
encounter_424,4,14,2,Young Red Dragon,10.0,A group of 2 Young Red Dragon(s) confronts a party of 4 adventurers at level 14.,Possible
encounter_4340,4,13,6,Ogre,2.0,A group of 6 Ogre(s) confronts a party of 4 adventurers at level 13.,Possible
encounter_1905,2,10,3,Troll,5.0,A group of 3 Troll(s) confronts a party of 2 adventurers at level 10.,Possible
encounter_4539,3,2,9,Troll,5.0,A group of 9 Troll(s) confronts a party of 3 adventurers at level 2.,Not Possible
encounter_3353,3,5,2,Ogre,2.0,A group of 2 Ogre(s) confronts a party of 3 adventurers at level 5.,Possible
encounter_3103,4,11,3,Bugbear,1.0,A group of 3 Bugbear(s) confronts a party of 4 adventurers at level 11.,Possible
encounter_1566,2,13,9,Goblin,0.25,A group of 9 Goblin(s) confronts a party of 2 adventurers at level 13.,Possible
encounter_3356,5,8,1,Troll,5.0,A group of 1 Troll(s) confronts a party of 5 adventurers at level 8.,Possible
encounter_840,4,6,9,Young Red Dragon,10.0,A group of 9 Young Red Dragon(s) confronts a party of 4 adventurers at level 6.,Not Possible
encounter_501,5,4,8,Bugbear,1.0,A group of 8 Bugbear(s) confronts a party of 5 adventurers at level 4.,Possible
encounter_142,5,3,5,Goblin,0.25,A group of 5 Goblin(s) confronts a party of 5 adventurers at level 3.,Possible
encounter_1378,3,14,2,Bugbear,1.0,A group of 2 Bugbear(s) confronts a party of 3 adventurers at level 14.,Possible
encounter_3698,2,1,2,Bugbear,1.0,A group of 2 Bugbear(s) confronts a party of 2 adventurers at level 1.,Possible
encounter_2145,5,13,1,Bugbear,1.0,A group of 1 Bugbear(s) confronts a party of 5 adventurers at level 13.,Possible
encounter_1139,1,9,7,Young Red Dragon,10.0,A group of 7 Young Red Dragon(s) confronts a party of 1 adventurers at level 9.,Not Possible
encounter_2928,3,5,5,Goblin,0.25,A group of 5 Goblin(s) confronts a party of 3 adventurers at level 5.,Possible
encounter_1788,1,6,8,Young Red Dragon,10.0,A group of 8 Young Red Dragon(s) confronts a party of 1 adventurers at level 6.,Not Possible
encounter_3485,1,17,3,Bugbear,1.0,A group of 3 Bugbear(s) confronts a party of 1 adventurers at level 17.,Possible
encounter_551,3,4,1,Troll,5.0,A group of 1 Troll(s) confronts a party of 3 adventurers at level 4.,Possible
encounter_4907,3,5,7,Troll,5.0,A group of 7 Troll(s) confronts a party of 3 adventurers at level 5.,Not Possible
encounter_2020,4,1,2,Goblin,0.25,A group of 2 Goblin(s) confronts a party of 4 adventurers at level 1.,Possible
encounter_949,4,10,9,Bugbear,1.0,A group of 9 Bugbear(s) confronts a party of 4 adventurers at level 10.,Possible
encounter_2601,4,14,9,Orc,0.5,A group of 9 Orc(s) confronts a party of 4 adventurers at level 14.,Possible
encounter_533,1,5,8,Goblin,0.25,A group of 8 Goblin(s) confronts a party of 1 adventurers at level 5.,Possible
encounter_1830,3,12,4,Orc,0.5,A group of 4 Orc(s) confronts a party of 3 adventurers at level 12.,Possible
encounter_2918,1,17,7,Troll,5.0,A group of 7 Troll(s) confronts a party of 1 adventurers at level 17.,Not Possible
encounter_4419,1,14,4,Ogre,2.0,A group of 4 Ogre(s) confronts a party of 1 adventurers at level 14.,Possible
encounter_3872,3,19,8,Orc,0.5,A group of 8 Orc(s) confronts a party of 3 adventurers at level 19.,Possible
encounter_1603,4,9,4,Ogre,2.0,A group of 4 Ogre(s) confronts a party of 4 adventurers at level 9.,Possible
encounter_640,4,11,9,Young Red Dragon,10.0,A group of 9 Young Red Dragon(s) confronts a party of 4 adventurers at level 11.,Not Possible
encounter_4833,2,4,1,Troll,5.0,A group of 1 Troll(s) confronts a party of 2 adventurers at level 4.,Possible
encounter_968,2,1,7,Goblin,0.25,A group of 7 Goblin(s) confronts a party of 2 adventurers at level 1.,Possible
encounter_4238,1,8,5,Orc,0.5,A group of 5 Orc(s) confronts a party of 1 adventurers at level 8.,Possible
encounter_2698,3,17,7,Troll,5.0,A group of 7 Troll(s) confronts a party of 3 adventurers at level 17.,Possible
encounter_1684,4,10,5,Goblin,0.25,A group of 5 Goblin(s) confronts a party of 4 adventurers at level 10.,Possible
encounter_4471,1,5,4,Bugbear,1.0,A group of 4 Bugbear(s) confronts a party of 1 adventurers at level 5.,Possible
encounter_2343,1,18,1,Troll,5.0,A group of 1 Troll(s) confronts a party of 1 adventurers at level 18.,Possible
encounter_156,2,16,6,Goblin,0.25,A group of 6 Goblin(s) confronts a party of 2 adventurers at level 16.,Possible
encounter_2488,3,4,6,Troll,5.0,A group of 6 Troll(s) confronts a party of 3 adventurers at level 4.,Not Possible
encounter_4642,4,19,9,Young Red Dragon,10.0,A group of 9 Young Red Dragon(s) confronts a party of 4 adventurers at level 19.,Not Possible
encounter_1090,1,18,1,Orc,0.5,A group of 1 Orc(s) confronts a party of 1 adventurers at level 18.,Possible
encounter_2656,1,9,5,Ogre,2.0,A group of 5 Ogre(s) confronts a party of 1 adventurers at level 9.,Not Possible
encounter_4241,5,18,6,Goblin,0.25,A group of 6 Goblin(s) confronts a party of 5 adventurers at level 18.,Possible
encounter_289,4,15,5,Bugbear,1.0,A group of 5 Bugbear(s) confronts a party of 4 adventurers at level 15.,Possible
encounter_931,5,4,1,Goblin,0.25,A group of 1 Goblin(s) confronts a party of 5 adventurers at level 4.,Possible
encounter_2536,4,11,9,Young Red Dragon,10.0,A group of 9 Young Red Dragon(s) confronts a party of 4 adventurers at level 11.,Not Possible
encounter_4029,2,16,1,Goblin,0.25,A group of 1 Goblin(s) confronts a party of 2 adventurers at level 16.,Possible
encounter_3372,4,17,1,Ogre,2.0,A group of 1 Ogre(s) confronts a party of 4 adventurers at level 17.,Possible
encounter_4622,3,11,2,Troll,5.0,A group of 2 Troll(s) confronts a party of 3 adventurers at level 11.,Possible
encounter_3292,5,6,7,Orc,0.5,A group of 7 Orc(s) confronts a party of 5 adventurers at level 6.,Possible
encounter_943,3,5,4,Young Red Dragon,10.0,A group of 4 Young Red Dragon(s) confronts a party of 3 adventurers at level 5.,Not Possible
encounter_3860,4,19,6,Orc,0.5,A group of 6 Orc(s) confronts a party of 4 adventurers at level 19.,Possible
encounter_4663,5,8,3,Goblin,0.25,A group of 3 Goblin(s) confronts a party of 5 adventurers at level 8.,Possible
encounter_1699,4,19,5,Young Red Dragon,10.0,A group of 5 Young Red Dragon(s) confronts a party of 4 adventurers at level 19.,Possible
encounter_4709,3,5,3,Ogre,2.0,A group of 3 Ogre(s) confronts a party of 3 adventurers at level 5.,Possible
encounter_3201,3,3,5,Ogre,2.0,A group of 5 Ogre(s) confronts a party of 3 adventurers at level 3.,Not Possible
encounter_4602,2,10,8,Young Red Dragon,10.0,A group of 8 Young Red Dragon(s) confronts a party of 2 adventurers at level 10.,Not Possible
encounter_4609,5,18,7,Ogre,2.0,A group of 7 Ogre(s) confronts a party of 5 adventurers at level 18.,Possible
encounter_986,2,9,4,Young Red Dragon,10.0,A group of 4 Young Red Dragon(s) confronts a party of 2 adventurers at level 9.,Not Possible
encounter_3319,1,16,4,Goblin,0.25,A group of 4 Goblin(s) confronts a party of 1 adventurers at level 16.,Possible
encounter_2868,3,5,6,Ogre,2.0,A group of 6 Ogre(s) confronts a party of 3 adventurers at level 5.,Possible
encounter_4057,3,6,7,Young Red Dragon,10.0,A group of 7 Young Red Dragon(s) confronts a party of 3 adventurers at level 6.,Not Possible
encounter_4778,3,8,1,Ogre,2.0,A group of 1 Ogre(s) confronts a party of 3 adventurers at level 8.,Possible
encounter_982,4,10,6,Ogre,2.0,A group of 6 Ogre(s) confronts a party of 4 adventurers at level 10.,Possible
encounter_2493,2,6,8,Goblin,0.25,A group of 8 Goblin(s) confronts a party of 2 adventurers at level 6.,Possible
encounter_3793,2,10,6,Goblin,0.25,A group of 6 Goblin(s) confronts a party of 2 adventurers at level 10.,Possible
encounter_3549,2,15,2,Orc,0.5,A group of 2 Orc(s) confronts a party of 2 adventurers at level 15.,Possible
encounter_2943,4,16,4,Goblin,0.25,A group of 4 Goblin(s) confronts a party of 4 adventurers at level 16.,Possible
encounter_3528,4,7,7,Troll,5.0,A group of 7 Troll(s) confronts a party of 4 adventurers at level 7.,Not Possible
encounter_3846,1,2,5,Young Red Dragon,10.0,A group of 5 Young Red Dragon(s) confronts a party of 1 adventurers at level 2.,Not Possible
encounter_1458,2,3,9,Young Red Dragon,10.0,A group of 9 Young Red Dragon(s) confronts a party of 2 adventurers at level 3.,Not Possible
encounter_1396,3,13,2,Orc,0.5,A group of 2 Orc(s) confronts a party of 3 adventurers at level 13.,Possible
encounter_265,1,11,2,Troll,5.0,A group of 2 Troll(s) confronts a party of 1 adventurers at level 11.,Possible
encounter_4096,5,11,6,Young Red Dragon,10.0,A group of 6 Young Red Dragon(s) confronts a party of 5 adventurers at level 11.,Not Possible
encounter_930,3,3,8,Bugbear,1.0,A group of 8 Bugbear(s) confronts a party of 3 adventurers at level 3.,Possible
encounter_4872,2,1,5,Ogre,2.0,A group of 5 Ogre(s) confronts a party of 2 adventurers at level 1.,Not Possible
encounter_2693,3,16,9,Young Red Dragon,10.0,A group of 9 Young Red Dragon(s) confronts a party of 3 adventurers at level 16.,Not Possible
encounter_247,2,4,6,Ogre,2.0,A group of 6 Ogre(s) confronts a party of 2 adventurers at level 4.,Not Possible
encounter_3590,3,5,9,Troll,5.0,A group of 9 Troll(s) confronts a party of 3 adventurers at level 5.,Not Possible
encounter_1759,2,12,5,Ogre,2.0,A group of 5 Ogre(s) confronts a party of 2 adventurers at level 12.,Possible
encounter_4866,1,4,2,Young Red Dragon,10.0,A group of 2 Young Red Dragon(s) confronts a party of 1 adventurers at level 4.,Not Possible
encounter_2811,4,16,6,Bugbear,1.0,A group of 6 Bugbear(s) confronts a party of 4 adventurers at level 16.,Possible
encounter_924,4,9,5,Bugbear,1.0,A group of 5 Bugbear(s) confronts a party of 4 adventurers at level 9.,Possible
encounter_2881,2,18,8,Goblin,0.25,A group of 8 Goblin(s) confronts a party of 2 adventurers at level 18.,Possible
encounter_269,3,5,7,Goblin,0.25,A group of 7 Goblin(s) confronts a party of 3 adventurers at level 5.,Possible
encounter_670,3,4,5,Orc,0.5,A group of 5 Orc(s) confronts a party of 3 adventurers at level 4.,Possible
encounter_4476,5,7,4,Goblin,0.25,A group of 4 Goblin(s) confronts a party of 5 adventurers at level 7.,Possible
encounter_1911,4,5,2,Ogre,2.0,A group of 2 Ogre(s) confronts a party of 4 adventurers at level 5.,Possible
encounter_2986,3,8,3,Young Red Dragon,10.0,A group of 3 Young Red Dragon(s) confronts a party of 3 adventurers at level 8.,Not Possible
encounter_1153,2,3,6,Troll,5.0,A group of 6 Troll(s) confronts a party of 2 adventurers at level 3.,Not Possible
encounter_4818,5,19,1,Troll,5.0,A group of 1 Troll(s) confronts a party of 5 adventurers at level 19.,Possible
encounter_3456,2,19,2,Troll,5.0,A group of 2 Troll(s) confronts a party of 2 adventurers at level 19.,Possible
encounter_4242,5,4,5,Bugbear,1.0,A group of 5 Bugbear(s) confronts a party of 5 adventurers at level 4.,Possible
encounter_4550,1,16,1,Bugbear,1.0,A group of 1 Bugbear(s) confronts a party of 1 adventurers at level 16.,Possible
encounter_2173,1,2,9,Young Red Dragon,10.0,A group of 9 Young Red Dragon(s) confronts a party of 1 adventurers at level 2.,Not Possible
encounter_4516,2,8,6,Orc,0.5,A group of 6 Orc(s) confronts a party of 2 adventurers at level 8.,Possible
encounter_1916,2,7,4,Goblin,0.25,A group of 4 Goblin(s) confronts a party of 2 adventurers at level 7.,Possible
encounter_613,4,6,2,Goblin,0.25,A group of 2 Goblin(s) confronts a party of 4 adventurers at level 6.,Possible
encounter_2407,5,3,9,Bugbear,1.0,A group of 9 Bugbear(s) confronts a party of 5 adventurers at level 3.,Possible
encounter_4206,4,8,6,Orc,0.5,A group of 6 Orc(s) confronts a party of 4 adventurers at level 8.,Possible
encounter_1899,3,2,8,Orc,0.5,A group of 8 Orc(s) confronts a party of 3 adventurers at level 2.,Possible
encounter_1650,2,7,4,Ogre,2.0,A group of 4 Ogre(s) confronts a party of 2 adventurers at level 7.,Possible
encounter_2608,2,8,8,Young Red Dragon,10.0,A group of 8 Young Red Dragon(s) confronts a party of 2 adventurers at level 8.,Not Possible
encounter_259,2,2,1,Ogre,2.0,A group of 1 Ogre(s) confronts a party of 2 adventurers at level 2.,Possible
encounter_848,5,12,1,Bugbear,1.0,A group of 1 Bugbear(s) confronts a party of 5 adventurers at level 12.,Possible
encounter_4252,3,10,2,Bugbear,1.0,A group of 2 Bugbear(s) confronts a party of 3 adventurers at level 10.,Possible
encounter_1234,1,7,2,Ogre,2.0,A group of 2 Ogre(s) confronts a party of 1 adventurers at level 7.,Possible
encounter_1128,3,13,9,Bugbear,1.0,A group of 9 Bugbear(s) confronts a party of 3 adventurers at level 13.,Possible
encounter_1968,5,5,4,Bugbear,1.0,A group of 4 Bugbear(s) confronts a party of 5 adventurers at level 5.,Possible
encounter_559,4,15,4,Goblin,0.25,A group of 4 Goblin(s) confronts a party of 4 adventurers at level 15.,Possible
encounter_3906,3,3,2,Bugbear,1.0,A group of 2 Bugbear(s) confronts a party of 3 adventurers at level 3.,Possible
encounter_485,3,5,7,Goblin,0.25,A group of 7 Goblin(s) confronts a party of 3 adventurers at level 5.,Possible
encounter_1321,1,7,5,Young Red Dragon,10.0,A group of 5 Young Red Dragon(s) confronts a party of 1 adventurers at level 7.,Not Possible
encounter_3405,3,3,5,Orc,0.5,A group of 5 Orc(s) confronts a party of 3 adventurers at level 3.,Possible
encounter_8,1,14,8,Goblin,0.25,A group of 8 Goblin(s) confronts a party of 1 adventurers at level 14.,Possible
encounter_3280,3,11,7,Ogre,2.0,A group of 7 Ogre(s) confronts a party of 3 adventurers at level 11.,Possible
encounter_3190,3,19,4,Orc,0.5,A group of 4 Orc(s) confronts a party of 3 adventurers at level 19.,Possible
encounter_1451,4,19,7,Orc,0.5,A group of 7 Orc(s) confronts a party of 4 adventurers at level 19.,Possible
encounter_3981,2,9,6,Bugbear,1.0,A group of 6 Bugbear(s) confronts a party of 2 adventurers at level 9.,Possible
encounter_1815,1,10,5,Goblin,0.25,A group of 5 Goblin(s) confronts a party of 1 adventurers at level 10.,Possible
encounter_774,3,15,5,Bugbear,1.0,A group of 5 Bugbear(s) confronts a party of 3 adventurers at level 15.,Possible
encounter_1012,3,2,3,Bugbear,1.0,A group of 3 Bugbear(s) confronts a party of 3 adventurers at level 2.,Possible
encounter_2819,5,18,2,Orc,0.5,A group of 2 Orc(s) confronts a party of 5 adventurers at level 18.,Possible
encounter_3276,2,1,3,Ogre,2.0,A group of 3 Ogre(s) confronts a party of 2 adventurers at level 1.,Not Possible
encounter_1992,3,3,6,Young Red Dragon,10.0,A group of 6 Young Red Dragon(s) confronts a party of 3 adventurers at level 3.,Not Possible
encounter_1278,4,13,7,Bugbear,1.0,A group of 7 Bugbear(s) confronts a party of 4 adventurers at level 13.,Possible
encounter_1784,5,6,1,Ogre,2.0,A group of 1 Ogre(s) confronts a party of 5 adventurers at level 6.,Possible
encounter_3106,3,12,1,Goblin,0.25,A group of 1 Goblin(s) confronts a party of 3 adventurers at level 12.,Possible
encounter_447,3,18,8,Orc,0.5,A group of 8 Orc(s) confronts a party of 3 adventurers at level 18.,Possible
encounter_881,2,2,2,Ogre,2.0,A group of 2 Ogre(s) confronts a party of 2 adventurers at level 2.,Possible
encounter_4460,1,2,8,Bugbear,1.0,A group of 8 Bugbear(s) confronts a party of 1 adventurers at level 2.,Not Possible
encounter_782,1,1,5,Orc,0.5,A group of 5 Orc(s) confronts a party of 1 adventurers at level 1.,Not Possible
encounter_1750,1,15,9,Bugbear,1.0,A group of 9 Bugbear(s) confronts a party of 1 adventurers at level 15.,Possible
encounter_3389,2,2,7,Goblin,0.25,A group of 7 Goblin(s) confronts a party of 2 adventurers at level 2.,Possible
encounter_4882,2,17,4,Bugbear,1.0,A group of 4 Bugbear(s) confronts a party of 2 adventurers at level 17.,Possible
encounter_884,2,18,4,Young Red Dragon,10.0,A group of 4 Young Red Dragon(s) confronts a party of 2 adventurers at level 18.,Not Possible
encounter_2945,4,3,1,Goblin,0.25,A group of 1 Goblin(s) confronts a party of 4 adventurers at level 3.,Possible
encounter_1092,4,10,7,Ogre,2.0,A group of 7 Ogre(s) confronts a party of 4 adventurers at level 10.,Possible
encounter_4784,3,9,8,Young Red Dragon,10.0,A group of 8 Young Red Dragon(s) confronts a party of 3 adventurers at level 9.,Not Possible
encounter_532,1,17,5,Young Red Dragon,10.0,A group of 5 Young Red Dragon(s) confronts a party of 1 adventurers at level 17.,Not Possible
encounter_4023,1,13,4,Ogre,2.0,A group of 4 Ogre(s) confronts a party of 1 adventurers at level 13.,Possible
encounter_4422,3,3,3,Orc,0.5,A group of 3 Orc(s) confronts a party of 3 adventurers at level 3.,Possible
encounter_4099,1,19,2,Ogre,2.0,A group of 2 Ogre(s) confronts a party of 1 adventurers at level 19.,Possible
encounter_1728,2,13,3,Troll,5.0,A group of 3 Troll(s) confronts a party of 2 adventurers at level 13.,Possible
encounter_611,3,15,8,Orc,0.5,A group of 8 Orc(s) confronts a party of 3 adventurers at level 15.,Possible
encounter_571,1,12,8,Orc,0.5,A group of 8 Orc(s) confronts a party of 1 adventurers at level 12.,Possible
encounter_2672,1,7,1,Ogre,2.0,A group of 1 Ogre(s) confronts a party of 1 adventurers at level 7.,Possible
encounter_3719,4,12,1,Troll,5.0,A group of 1 Troll(s) confronts a party of 4 adventurers at level 12.,Possible
encounter_344,2,4,9,Orc,0.5,A group of 9 Orc(s) confronts a party of 2 adventurers at level 4.,Possible
encounter_3001,5,19,8,Troll,5.0,A group of 8 Troll(s) confronts a party of 5 adventurers at level 19.,Possible
encounter_3140,5,11,1,Orc,0.5,A group of 1 Orc(s) confronts a party of 5 adventurers at level 11.,Possible
encounter_435,4,3,4,Young Red Dragon,10.0,A group of 4 Young Red Dragon(s) confronts a party of 4 adventurers at level 3.,Not Possible
encounter_1904,2,7,2,Orc,0.5,A group of 2 Orc(s) confronts a party of 2 adventurers at level 7.,Possible
encounter_3805,5,12,2,Goblin,0.25,A group of 2 Goblin(s) confronts a party of 5 adventurers at level 12.,Possible
encounter_4777,5,13,4,Goblin,0.25,A group of 4 Goblin(s) confronts a party of 5 adventurers at level 13.,Possible
encounter_2070,4,7,7,Troll,5.0,A group of 7 Troll(s) confronts a party of 4 adventurers at level 7.,Not Possible
encounter_1538,1,14,2,Bugbear,1.0,A group of 2 Bugbear(s) confronts a party of 1 adventurers at level 14.,Possible
encounter_2253,3,4,7,Ogre,2.0,A group of 7 Ogre(s) confronts a party of 3 adventurers at level 4.,Not Possible
encounter_2347,5,4,2,Goblin,0.25,A group of 2 Goblin(s) confronts a party of 5 adventurers at level 4.,Possible
encounter_1518,5,13,4,Troll,5.0,A group of 4 Troll(s) confronts a party of 5 adventurers at level 13.,Possible
encounter_966,5,19,6,Goblin,0.25,A group of 6 Goblin(s) confronts a party of 5 adventurers at level 19.,Possible
encounter_4407,5,11,7,Ogre,2.0,A group of 7 Ogre(s) confronts a party of 5 adventurers at level 11.,Possible
encounter_529,5,19,9,Ogre,2.0,A group of 9 Ogre(s) confronts a party of 5 adventurers at level 19.,Possible
encounter_177,5,11,2,Young Red Dragon,10.0,A group of 2 Young Red Dragon(s) confronts a party of 5 adventurers at level 11.,Possible
encounter_3483,2,14,3,Goblin,0.25,A group of 3 Goblin(s) confronts a party of 2 adventurers at level 14.,Possible
encounter_2544,2,11,3,Young Red Dragon,10.0,A group of 3 Young Red Dragon(s) confronts a party of 2 adventurers at level 11.,Not Possible
encounter_4936,5,9,3,Orc,0.5,A group of 3 Orc(s) confronts a party of 5 adventurers at level 9.,Possible
encounter_573,1,17,1,Goblin,0.25,A group of 1 Goblin(s) confronts a party of 1 adventurers at level 17.,Possible
encounter_2300,5,17,7,Troll,5.0,A group of 7 Troll(s) confronts a party of 5 adventurers at level 17.,Possible
encounter_3509,2,10,7,Orc,0.5,A group of 7 Orc(s) confronts a party of 2 adventurers at level 10.,Possible
encounter_2460,1,9,7,Orc,0.5,A group of 7 Orc(s) confronts a party of 1 adventurers at level 9.,Possible
encounter_3610,2,16,3,Goblin,0.25,A group of 3 Goblin(s) confronts a party of 2 adventurers at level 16.,Possible
encounter_4555,4,2,8,Ogre,2.0,A group of 8 Ogre(s) confronts a party of 4 adventurers at level 2.,Not Possible
encounter_2209,2,14,7,Goblin,0.25,A group of 7 Goblin(s) confronts a party of 2 adventurers at level 14.,Possible
encounter_4721,1,11,8,Orc,0.5,A group of 8 Orc(s) confronts a party of 1 adventurers at level 11.,Possible
encounter_2756,1,18,4,Bugbear,1.0,A group of 4 Bugbear(s) confronts a party of 1 adventurers at level 18.,Possible
encounter_384,3,14,9,Bugbear,1.0,A group of 9 Bugbear(s) confronts a party of 3 adventurers at level 14.,Possible
encounter_853,1,9,5,Ogre,2.0,A group of 5 Ogre(s) confronts a party of 1 adventurers at level 9.,Not Possible
encounter_1881,2,13,2,Young Red Dragon,10.0,A group of 2 Young Red Dragon(s) confronts a party of 2 adventurers at level 13.,Possible
encounter_371,5,16,2,Young Red Dragon,10.0,A group of 2 Young Red Dragon(s) confronts a party of 5 adventurers at level 16.,Possible
encounter_2379,1,17,8,Ogre,2.0,A group of 8 Ogre(s) confronts a party of 1 adventurers at level 17.,Possible
encounter_4324,4,7,6,Troll,5.0,A group of 6 Troll(s) confronts a party of 4 adventurers at level 7.,Not Possible
encounter_1106,5,13,9,Orc,0.5,A group of 9 Orc(s) confronts a party of 5 adventurers at level 13.,Possible
encounter_3414,2,16,9,Troll,5.0,A group of 9 Troll(s) confronts a party of 2 adventurers at level 16.,Not Possible
encounter_3947,5,11,6,Ogre,2.0,A group of 6 Ogre(s) confronts a party of 5 adventurers at level 11.,Possible
encounter_1337,5,14,8,Young Red Dragon,10.0,A group of 8 Young Red Dragon(s) confronts a party of 5 adventurers at level 14.,Not Possible
encounter_2190,5,2,4,Bugbear,1.0,A group of 4 Bugbear(s) confronts a party of 5 adventurers at level 2.,Possible
encounter_4595,4,1,5,Bugbear,1.0,A group of 5 Bugbear(s) confronts a party of 4 adventurers at level 1.,Not Possible
encounter_2320,2,7,2,Troll,5.0,A group of 2 Troll(s) confronts a party of 2 adventurers at level 7.,Possible
encounter_4706,3,8,4,Orc,0.5,A group of 4 Orc(s) confronts a party of 3 adventurers at level 8.,Possible
encounter_3711,3,8,3,Bugbear,1.0,A group of 3 Bugbear(s) confronts a party of 3 adventurers at level 8.,Possible
encounter_4849,1,14,4,Goblin,0.25,A group of 4 Goblin(s) confronts a party of 1 adventurers at level 14.,Possible
encounter_1172,2,8,7,Troll,5.0,A group of 7 Troll(s) confronts a party of 2 adventurers at level 8.,Not Possible
encounter_4326,1,8,7,Young Red Dragon,10.0,A group of 7 Young Red Dragon(s) confronts a party of 1 adventurers at level 8.,Not Possible
encounter_2695,1,2,1,Ogre,2.0,A group of 1 Ogre(s) confronts a party of 1 adventurers at level 2.,Possible
encounter_1423,2,10,9,Troll,5.0,A group of 9 Troll(s) confronts a party of 2 adventurers at level 10.,Not Possible
encounter_2342,4,2,4,Orc,0.5,A group of 4 Orc(s) confronts a party of 4 adventurers at level 2.,Possible
encounter_2652,2,2,1,Goblin,0.25,A group of 1 Goblin(s) confronts a party of 2 adventurers at level 2.,Possible
encounter_4156,2,11,2,Orc,0.5,A group of 2 Orc(s) confronts a party of 2 adventurers at level 11.,Possible
encounter_1465,5,6,2,Young Red Dragon,10.0,A group of 2 Young Red Dragon(s) confronts a party of 5 adventurers at level 6.,Possible
encounter_875,1,17,8,Orc,0.5,A group of 8 Orc(s) confronts a party of 1 adventurers at level 17.,Possible
encounter_3340,3,19,2,Goblin,0.25,A group of 2 Goblin(s) confronts a party of 3 adventurers at level 19.,Possible
encounter_4341,1,12,5,Orc,0.5,A group of 5 Orc(s) confronts a party of 1 adventurers at level 12.,Possible
encounter_1252,1,18,7,Young Red Dragon,10.0,A group of 7 Young Red Dragon(s) confronts a party of 1 adventurers at level 18.,Not Possible
encounter_2349,5,9,6,Bugbear,1.0,A group of 6 Bugbear(s) confronts a party of 5 adventurers at level 9.,Possible
encounter_841,4,2,8,Troll,5.0,A group of 8 Troll(s) confronts a party of 4 adventurers at level 2.,Not Possible
encounter_4569,4,4,5,Bugbear,1.0,A group of 5 Bugbear(s) confronts a party of 4 adventurers at level 4.,Possible
encounter_582,3,5,6,Ogre,2.0,A group of 6 Ogre(s) confronts a party of 3 adventurers at level 5.,Possible
encounter_205,3,5,9,Ogre,2.0,A group of 9 Ogre(s) confronts a party of 3 adventurers at level 5.,Not Possible
encounter_1642,3,1,3,Bugbear,1.0,A group of 3 Bugbear(s) confronts a party of 3 adventurers at level 1.,Possible
encounter_2015,3,17,3,Goblin,0.25,A group of 3 Goblin(s) confronts a party of 3 adventurers at level 17.,Possible
encounter_906,2,16,4,Ogre,2.0,A group of 4 Ogre(s) confronts a party of 2 adventurers at level 16.,Possible
encounter_632,3,9,5,Young Red Dragon,10.0,A group of 5 Young Red Dragon(s) confronts a party of 3 adventurers at level 9.,Not Possible
encounter_3365,5,4,4,Ogre,2.0,A group of 4 Ogre(s) confronts a party of 5 adventurers at level 4.,Possible
encounter_1975,2,6,6,Troll,5.0,A group of 6 Troll(s) confronts a party of 2 adventurers at level 6.,Not Possible
encounter_163,2,4,4,Bugbear,1.0,A group of 4 Bugbear(s) confronts a party of 2 adventurers at level 4.,Possible
encounter_3173,1,1,2,Goblin,0.25,A group of 2 Goblin(s) confronts a party of 1 adventurers at level 1.,Possible
encounter_3613,4,12,5,Bugbear,1.0,A group of 5 Bugbear(s) confronts a party of 4 adventurers at level 12.,Possible
encounter_4676,3,15,3,Bugbear,1.0,A group of 3 Bugbear(s) confronts a party of 3 adventurers at level 15.,Possible
encounter_618,1,6,7,Bugbear,1.0,A group of 7 Bugbear(s) confronts a party of 1 adventurers at level 6.,Not Possible
encounter_4069,3,10,1,Young Red Dragon,10.0,A group of 1 Young Red Dragon(s) confronts a party of 3 adventurers at level 10.,Possible
encounter_1432,2,5,6,Bugbear,1.0,A group of 6 Bugbear(s) confronts a party of 2 adventurers at level 5.,Possible
encounter_548,2,9,9,Ogre,2.0,A group of 9 Ogre(s) confronts a party of 2 adventurers at level 9.,Possible
encounter_3335,3,16,1,Bugbear,1.0,A group of 1 Bugbear(s) confronts a party of 3 adventurers at level 16.,Possible
encounter_4547,2,5,2,Ogre,2.0,A group of 2 Ogre(s) confronts a party of 2 adventurers at level 5.,Possible
encounter_4224,3,17,7,Goblin,0.25,A group of 7 Goblin(s) confronts a party of 3 adventurers at level 17.,Possible
encounter_2388,2,15,1,Orc,0.5,A group of 1 Orc(s) confronts a party of 2 adventurers at level 15.,Possible
encounter_4244,4,11,1,Goblin,0.25,A group of 1 Goblin(s) confronts a party of 4 adventurers at level 11.,Possible
encounter_3996,3,6,3,Troll,5.0,A group of 3 Troll(s) confronts a party of 3 adventurers at level 6.,Possible
encounter_4066,2,13,1,Troll,5.0,A group of 1 Troll(s) confronts a party of 2 adventurers at level 13.,Possible
encounter_1862,3,12,9,Troll,5.0,A group of 9 Troll(s) confronts a party of 3 adventurers at level 12.,Not Possible
encounter_641,3,13,6,Young Red Dragon,10.0,A group of 6 Young Red Dragon(s) confronts a party of 3 adventurers at level 13.,Not Possible
encounter_3903,3,3,3,Troll,5.0,A group of 3 Troll(s) confronts a party of 3 adventurers at level 3.,Not Possible
encounter_638,1,4,5,Troll,5.0,A group of 5 Troll(s) confronts a party of 1 adventurers at level 4.,Not Possible
encounter_4263,4,2,9,Young Red Dragon,10.0,A group of 9 Young Red Dragon(s) confronts a party of 4 adventurers at level 2.,Not Possible
encounter_3911,2,8,9,Orc,0.5,A group of 9 Orc(s) confronts a party of 2 adventurers at level 8.,Possible
encounter_2987,3,2,8,Bugbear,1.0,A group of 8 Bugbear(s) confronts a party of 3 adventurers at level 2.,Not Possible
encounter_2097,5,4,6,Troll,5.0,A group of 6 Troll(s) confronts a party of 5 adventurers at level 4.,Not Possible
encounter_4612,4,10,4,Orc,0.5,A group of 4 Orc(s) confronts a party of 4 adventurers at level 10.,Possible
encounter_3076,3,19,5,Ogre,2.0,A group of 5 Ogre(s) confronts a party of 3 adventurers at level 19.,Possible
encounter_3675,5,4,6,Young Red Dragon,10.0,A group of 6 Young Red Dragon(s) confronts a party of 5 adventurers at level 4.,Not Possible
encounter_2842,5,11,5,Troll,5.0,A group of 5 Troll(s) confronts a party of 5 adventurers at level 11.,Possible
encounter_922,5,16,5,Goblin,0.25,A group of 5 Goblin(s) confronts a party of 5 adventurers at level 16.,Possible
encounter_547,1,19,7,Bugbear,1.0,A group of 7 Bugbear(s) confronts a party of 1 adventurers at level 19.,Possible
encounter_3667,5,11,9,Orc,0.5,A group of 9 Orc(s) confronts a party of 5 adventurers at level 11.,Possible
encounter_1901,1,8,1,Orc,0.5,A group of 1 Orc(s) confronts a party of 1 adventurers at level 8.,Possible
encounter_2029,1,19,5,Troll,5.0,A group of 5 Troll(s) confronts a party of 1 adventurers at level 19.,Not Possible
encounter_2302,5,11,7,Goblin,0.25,A group of 7 Goblin(s) confronts a party of 5 adventurers at level 11.,Possible
encounter_1886,1,8,6,Bugbear,1.0,A group of 6 Bugbear(s) confronts a party of 1 adventurers at level 8.,Possible
encounter_1643,5,13,9,Young Red Dragon,10.0,A group of 9 Young Red Dragon(s) confronts a party of 5 adventurers at level 13.,Not Possible
encounter_3510,4,4,9,Goblin,0.25,A group of 9 Goblin(s) confronts a party of 4 adventurers at level 4.,Possible
encounter_4810,3,12,7,Orc,0.5,A group of 7 Orc(s) confronts a party of 3 adventurers at level 12.,Possible
encounter_2098,2,19,2,Ogre,2.0,A group of 2 Ogre(s) confronts a party of 2 adventurers at level 19.,Possible
encounter_4358,4,15,8,Bugbear,1.0,A group of 8 Bugbear(s) confronts a party of 4 adventurers at level 15.,Possible
encounter_3789,1,11,2,Ogre,2.0,A group of 2 Ogre(s) confronts a party of 1 adventurers at level 11.,Possible
encounter_4495,1,19,1,Goblin,0.25,A group of 1 Goblin(s) confronts a party of 1 adventurers at level 19.,Possible
encounter_4968,1,11,5,Troll,5.0,A group of 5 Troll(s) confronts a party of 1 adventurers at level 11.,Not Possible
encounter_837,4,9,3,Young Red Dragon,10.0,A group of 3 Young Red Dragon(s) confronts a party of 4 adventurers at level 9.,Possible
encounter_602,5,13,8,Troll,5.0,A group of 8 Troll(s) confronts a party of 5 adventurers at level 13.,Possible
encounter_2185,3,2,7,Troll,5.0,A group of 7 Troll(s) confronts a party of 3 adventurers at level 2.,Not Possible
encounter_3866,3,14,4,Goblin,0.25,A group of 4 Goblin(s) confronts a party of 3 adventurers at level 14.,Possible
encounter_2482,4,9,2,Bugbear,1.0,A group of 2 Bugbear(s) confronts a party of 4 adventurers at level 9.,Possible
encounter_4308,3,17,4,Goblin,0.25,A group of 4 Goblin(s) confronts a party of 3 adventurers at level 17.,Possible
encounter_1583,2,18,9,Orc,0.5,A group of 9 Orc(s) confronts a party of 2 adventurers at level 18.,Possible
encounter_4267,5,11,6,Bugbear,1.0,A group of 6 Bugbear(s) confronts a party of 5 adventurers at level 11.,Possible
encounter_2534,4,5,3,Bugbear,1.0,A group of 3 Bugbear(s) confronts a party of 4 adventurers at level 5.,Possible
encounter_2726,2,5,9,Ogre,2.0,A group of 9 Ogre(s) confronts a party of 2 adventurers at level 5.,Not Possible
encounter_1071,3,19,9,Ogre,2.0,A group of 9 Ogre(s) confronts a party of 3 adventurers at level 19.,Possible
encounter_1776,2,8,2,Orc,0.5,A group of 2 Orc(s) confronts a party of 2 adventurers at level 8.,Possible
encounter_4809,3,14,9,Bugbear,1.0,A group of 9 Bugbear(s) confronts a party of 3 adventurers at level 14.,Possible
encounter_1284,4,6,2,Troll,5.0,A group of 2 Troll(s) confronts a party of 4 adventurers at level 6.,Possible
encounter_3051,4,8,8,Troll,5.0,A group of 8 Troll(s) confronts a party of 4 adventurers at level 8.,Not Possible
encounter_4754,3,7,4,Ogre,2.0,A group of 4 Ogre(s) confronts a party of 3 adventurers at level 7.,Possible
encounter_1837,2,3,7,Goblin,0.25,A group of 7 Goblin(s) confronts a party of 2 adventurers at level 3.,Possible
encounter_4243,3,16,9,Orc,0.5,A group of 9 Orc(s) confronts a party of 3 adventurers at level 16.,Possible
encounter_1020,5,18,8,Troll,5.0,A group of 8 Troll(s) confronts a party of 5 adventurers at level 18.,Possible
encounter_4134,4,6,1,Orc,0.5,A group of 1 Orc(s) confronts a party of 4 adventurers at level 6.,Possible
encounter_1327,2,15,2,Young Red Dragon,10.0,A group of 2 Young Red Dragon(s) confronts a party of 2 adventurers at level 15.,Possible
encounter_476,2,14,4,Goblin,0.25,A group of 4 Goblin(s) confronts a party of 2 adventurers at level 14.,Possible
encounter_4272,3,17,4,Orc,0.5,A group of 4 Orc(s) confronts a party of 3 adventurers at level 17.,Possible
encounter_1652,1,11,6,Ogre,2.0,A group of 6 Ogre(s) confronts a party of 1 adventurers at level 11.,Not Possible
encounter_3999,1,1,9,Orc,0.5,A group of 9 Orc(s) confronts a party of 1 adventurers at level 1.,Not Possible
encounter_4468,2,13,2,Ogre,2.0,A group of 2 Ogre(s) confronts a party of 2 adventurers at level 13.,Possible
encounter_2611,4,7,6,Young Red Dragon,10.0,A group of 6 Young Red Dragon(s) confronts a party of 4 adventurers at level 7.,Not Possible
encounter_2477,5,14,6,Goblin,0.25,A group of 6 Goblin(s) confronts a party of 5 adventurers at level 14.,Possible
encounter_2584,4,4,6,Young Red Dragon,10.0,A group of 6 Young Red Dragon(s) confronts a party of 4 adventurers at level 4.,Not Possible
encounter_1374,3,12,3,Bugbear,1.0,A group of 3 Bugbear(s) confronts a party of 3 adventurers at level 12.,Possible
encounter_740,1,9,7,Troll,5.0,A group of 7 Troll(s) confronts a party of 1 adventurers at level 9.,Not Possible
encounter_3619,4,7,1,Troll,5.0,A group of 1 Troll(s) confronts a party of 4 adventurers at level 7.,Possible
encounter_2441,4,4,9,Young Red Dragon,10.0,A group of 9 Young Red Dragon(s) confronts a party of 4 adventurers at level 4.,Not Possible
encounter_868,1,19,8,Orc,0.5,A group of 8 Orc(s) confronts a party of 1 adventurers at level 19.,Possible
encounter_1141,5,10,9,Bugbear,1.0,A group of 9 Bugbear(s) confronts a party of 5 adventurers at level 10.,Possible
encounter_998,3,5,4,Bugbear,1.0,A group of 4 Bugbear(s) confronts a party of 3 adventurers at level 5.,Possible
encounter_1338,2,3,9,Orc,0.5,A group of 9 Orc(s) confronts a party of 2 adventurers at level 3.,Possible
encounter_542,3,10,8,Orc,0.5,A group of 8 Orc(s) confronts a party of 3 adventurers at level 10.,Possible
encounter_1100,4,11,1,Goblin,0.25,A group of 1 Goblin(s) confronts a party of 4 adventurers at level 11.,Possible
encounter_1133,1,1,1,Orc,0.5,A group of 1 Orc(s) confronts a party of 1 adventurers at level 1.,Possible
encounter_4065,4,18,1,Troll,5.0,A group of 1 Troll(s) confronts a party of 4 adventurers at level 18.,Possible
encounter_2716,2,8,6,Bugbear,1.0,A group of 6 Bugbear(s) confronts a party of 2 adventurers at level 8.,Possible
encounter_2259,5,10,2,Orc,0.5,A group of 2 Orc(s) confronts a party of 5 adventurers at level 10.,Possible
encounter_4751,1,4,7,Bugbear,1.0,A group of 7 Bugbear(s) confronts a party of 1 adventurers at level 4.,Not Possible
encounter_60,5,19,3,Ogre,2.0,A group of 3 Ogre(s) confronts a party of 5 adventurers at level 19.,Possible
encounter_2884,1,16,8,Ogre,2.0,A group of 8 Ogre(s) confronts a party of 1 adventurers at level 16.,Possible
encounter_1939,2,4,1,Young Red Dragon,10.0,A group of 1 Young Red Dragon(s) confronts a party of 2 adventurers at level 4.,Not Possible
encounter_2577,5,11,3,Goblin,0.25,A group of 3 Goblin(s) confronts a party of 5 adventurers at level 11.,Possible
encounter_4937,5,6,7,Troll,5.0,A group of 7 Troll(s) confronts a party of 5 adventurers at level 6.,Not Possible
encounter_1079,2,14,5,Young Red Dragon,10.0,A group of 5 Young Red Dragon(s) confronts a party of 2 adventurers at level 14.,Not Possible
encounter_3250,4,16,7,Ogre,2.0,A group of 7 Ogre(s) confronts a party of 4 adventurers at level 16.,Possible
encounter_3128,2,2,7,Young Red Dragon,10.0,A group of 7 Young Red Dragon(s) confronts a party of 2 adventurers at level 2.,Not Possible
encounter_2489,2,18,5,Orc,0.5,A group of 5 Orc(s) confronts a party of 2 adventurers at level 18.,Possible
encounter_941,3,17,8,Troll,5.0,A group of 8 Troll(s) confronts a party of 3 adventurers at level 17.,Possible
encounter_1081,2,9,8,Bugbear,1.0,A group of 8 Bugbear(s) confronts a party of 2 adventurers at level 9.,Possible
encounter_188,2,15,4,Troll,5.0,A group of 4 Troll(s) confronts a party of 2 adventurers at level 15.,Possible
encounter_2635,4,7,8,Bugbear,1.0,A group of 8 Bugbear(s) confronts a party of 4 adventurers at level 7.,Possible
encounter_2086,1,3,5,Goblin,0.25,A group of 5 Goblin(s) confronts a party of 1 adventurers at level 3.,Possible
encounter_2250,2,1,2,Orc,0.5,A group of 2 Orc(s) confronts a party of 2 adventurers at level 1.,Possible
encounter_4891,5,8,6,Troll,5.0,A group of 6 Troll(s) confronts a party of 5 adventurers at level 8.,Possible
encounter_2024,2,1,1,Orc,0.5,A group of 1 Orc(s) confronts a party of 2 adventurers at level 1.,Possible
encounter_3540,5,13,2,Bugbear,1.0,A group of 2 Bugbear(s) confronts a party of 5 adventurers at level 13.,Possible
encounter_4049,3,7,5,Young Red Dragon,10.0,A group of 5 Young Red Dragon(s) confronts a party of 3 adventurers at level 7.,Not Possible
encounter_3607,2,3,7,Troll,5.0,A group of 7 Troll(s) confronts a party of 2 adventurers at level 3.,Not Possible
encounter_227,1,2,1,Orc,0.5,A group of 1 Orc(s) confronts a party of 1 adventurers at level 2.,Possible
encounter_4848,3,9,6,Ogre,2.0,A group of 6 Ogre(s) confronts a party of 3 adventurers at level 9.,Possible
encounter_1930,5,18,9,Orc,0.5,A group of 9 Orc(s) confronts a party of 5 adventurers at level 18.,Possible
encounter_3056,3,17,7,Orc,0.5,A group of 7 Orc(s) confronts a party of 3 adventurers at level 17.,Possible
encounter_4490,1,9,4,Young Red Dragon,10.0,A group of 4 Young Red Dragon(s) confronts a party of 1 adventurers at level 9.,Not Possible
encounter_1405,3,17,4,Troll,5.0,A group of 4 Troll(s) confronts a party of 3 adventurers at level 17.,Possible
encounter_2180,3,2,3,Orc,0.5,A group of 3 Orc(s) confronts a party of 3 adventurers at level 2.,Possible
encounter_698,5,19,3,Ogre,2.0,A group of 3 Ogre(s) confronts a party of 5 adventurers at level 19.,Possible
encounter_1125,3,1,8,Bugbear,1.0,A group of 8 Bugbear(s) confronts a party of 3 adventurers at level 1.,Not Possible
encounter_3362,2,5,8,Ogre,2.0,A group of 8 Ogre(s) confronts a party of 2 adventurers at level 5.,Not Possible
encounter_4136,2,9,3,Ogre,2.0,A group of 3 Ogre(s) confronts a party of 2 adventurers at level 9.,Possible
encounter_1779,5,4,8,Goblin,0.25,A group of 8 Goblin(s) confronts a party of 5 adventurers at level 4.,Possible
encounter_2859,1,15,7,Ogre,2.0,A group of 7 Ogre(s) confronts a party of 1 adventurers at level 15.,Possible
encounter_1038,3,18,3,Orc,0.5,A group of 3 Orc(s) confronts a party of 3 adventurers at level 18.,Possible
encounter_4457,2,11,4,Ogre,2.0,A group of 4 Ogre(s) confronts a party of 2 adventurers at level 11.,Possible
encounter_2257,1,9,7,Bugbear,1.0,A group of 7 Bugbear(s) confronts a party of 1 adventurers at level 9.,Possible
encounter_314,2,5,8,Young Red Dragon,10.0,A group of 8 Young Red Dragon(s) confronts a party of 2 adventurers at level 5.,Not Possible
encounter_2282,5,1,2,Goblin,0.25,A group of 2 Goblin(s) confronts a party of 5 adventurers at level 1.,Possible
encounter_1417,5,6,5,Young Red Dragon,10.0,A group of 5 Young Red Dragon(s) confronts a party of 5 adventurers at level 6.,Not Possible
encounter_1037,1,17,6,Ogre,2.0,A group of 6 Ogre(s) confronts a party of 1 adventurers at level 17.,Possible
encounter_2160,2,9,4,Troll,5.0,A group of 4 Troll(s) confronts a party of 2 adventurers at level 9.,Not Possible
encounter_4164,5,10,7,Goblin,0.25,A group of 7 Goblin(s) confronts a party of 5 adventurers at level 10.,Possible
encounter_1755,1,8,2,Orc,0.5,A group of 2 Orc(s) confronts a party of 1 adventurers at level 8.,Possible
encounter_3113,1,14,1,Ogre,2.0,A group of 1 Ogre(s) confronts a party of 1 adventurers at level 14.,Possible
encounter_2814,3,18,8,Goblin,0.25,A group of 8 Goblin(s) confronts a party of 3 adventurers at level 18.,Possible
encounter_2699,3,19,3,Young Red Dragon,10.0,A group of 3 Young Red Dragon(s) confronts a party of 3 adventurers at level 19.,Possible
encounter_3208,1,17,2,Goblin,0.25,A group of 2 Goblin(s) confronts a party of 1 adventurers at level 17.,Possible
encounter_4351,3,17,9,Ogre,2.0,A group of 9 Ogre(s) confronts a party of 3 adventurers at level 17.,Possible
encounter_3432,2,1,8,Goblin,0.25,A group of 8 Goblin(s) confronts a party of 2 adventurers at level 1.,Possible
encounter_1507,4,11,8,Bugbear,1.0,A group of 8 Bugbear(s) confronts a party of 4 adventurers at level 11.,Possible
encounter_1924,1,11,4,Orc,0.5,A group of 4 Orc(s) confronts a party of 1 adventurers at level 11.,Possible
encounter_449,4,18,6,Young Red Dragon,10.0,A group of 6 Young Red Dragon(s) confronts a party of 4 adventurers at level 18.,Possible
encounter_4129,5,4,8,Goblin,0.25,A group of 8 Goblin(s) confronts a party of 5 adventurers at level 4.,Possible
encounter_2529,3,14,1,Ogre,2.0,A group of 1 Ogre(s) confronts a party of 3 adventurers at level 14.,Possible
encounter_4970,4,1,9,Ogre,2.0,A group of 9 Ogre(s) confronts a party of 4 adventurers at level 1.,Not Possible
encounter_2790,3,16,4,Orc,0.5,A group of 4 Orc(s) confronts a party of 3 adventurers at level 16.,Possible
encounter_362,2,11,9,Orc,0.5,A group of 9 Orc(s) confronts a party of 2 adventurers at level 11.,Possible
encounter_2184,5,3,7,Troll,5.0,A group of 7 Troll(s) confronts a party of 5 adventurers at level 3.,Not Possible
encounter_1135,3,17,5,Goblin,0.25,A group of 5 Goblin(s) confronts a party of 3 adventurers at level 17.,Possible
encounter_3881,4,17,7,Orc,0.5,A group of 7 Orc(s) confronts a party of 4 adventurers at level 17.,Possible
encounter_2156,3,15,1,Bugbear,1.0,A group of 1 Bugbear(s) confronts a party of 3 adventurers at level 15.,Possible
encounter_1831,5,3,3,Bugbear,1.0,A group of 3 Bugbear(s) confronts a party of 5 adventurers at level 3.,Possible
encounter_1054,4,14,4,Bugbear,1.0,A group of 4 Bugbear(s) confronts a party of 4 adventurers at level 14.,Possible
encounter_23,1,8,1,Young Red Dragon,10.0,A group of 1 Young Red Dragon(s) confronts a party of 1 adventurers at level 8.,Not Possible
encounter_2067,1,16,1,Ogre,2.0,A group of 1 Ogre(s) confronts a party of 1 adventurers at level 16.,Possible
encounter_1654,4,17,5,Ogre,2.0,A group of 5 Ogre(s) confronts a party of 4 adventurers at level 17.,Possible
encounter_2588,5,9,9,Young Red Dragon,10.0,A group of 9 Young Red Dragon(s) confronts a party of 5 adventurers at level 9.,Not Possible
encounter_3211,4,18,9,Bugbear,1.0,A group of 9 Bugbear(s) confronts a party of 4 adventurers at level 18.,Possible
encounter_4303,1,6,2,Bugbear,1.0,A group of 2 Bugbear(s) confronts a party of 1 adventurers at level 6.,Possible
encounter_4037,5,10,9,Bugbear,1.0,A group of 9 Bugbear(s) confronts a party of 5 adventurers at level 10.,Possible
encounter_2326,5,3,6,Bugbear,1.0,A group of 6 Bugbear(s) confronts a party of 5 adventurers at level 3.,Possible
encounter_461,4,13,3,Ogre,2.0,A group of 3 Ogre(s) confronts a party of 4 adventurers at level 13.,Possible
encounter_1068,4,14,1,Orc,0.5,A group of 1 Orc(s) confronts a party of 4 adventurers at level 14.,Possible
encounter_88,4,12,2,Orc,0.5,A group of 2 Orc(s) confronts a party of 4 adventurers at level 12.,Possible
encounter_1431,4,16,6,Ogre,2.0,A group of 6 Ogre(s) confronts a party of 4 adventurers at level 16.,Possible
encounter_2648,3,2,7,Young Red Dragon,10.0,A group of 7 Young Red Dragon(s) confronts a party of 3 adventurers at level 2.,Not Possible
encounter_283,5,2,7,Bugbear,1.0,A group of 7 Bugbear(s) confronts a party of 5 adventurers at level 2.,Possible
encounter_463,2,17,3,Goblin,0.25,A group of 3 Goblin(s) confronts a party of 2 adventurers at level 17.,Possible
encounter_213,5,13,7,Troll,5.0,A group of 7 Troll(s) confronts a party of 5 adventurers at level 13.,Possible
encounter_2500,4,17,7,Goblin,0.25,A group of 7 Goblin(s) confronts a party of 4 adventurers at level 17.,Possible
encounter_1369,4,18,3,Young Red Dragon,10.0,A group of 3 Young Red Dragon(s) confronts a party of 4 adventurers at level 18.,Possible
encounter_235,5,4,8,Young Red Dragon,10.0,A group of 8 Young Red Dragon(s) confronts a party of 5 adventurers at level 4.,Not Possible
encounter_2771,3,2,5,Troll,5.0,A group of 5 Troll(s) confronts a party of 3 adventurers at level 2.,Not Possible
encounter_598,3,18,3,Young Red Dragon,10.0,A group of 3 Young Red Dragon(s) confronts a party of 3 adventurers at level 18.,Possible
encounter_4421,5,1,4,Bugbear,1.0,A group of 4 Bugbear(s) confronts a party of 5 adventurers at level 1.,Possible
encounter_2251,4,14,8,Ogre,2.0,A group of 8 Ogre(s) confronts a party of 4 adventurers at level 14.,Possible
encounter_4032,5,4,9,Goblin,0.25,A group of 9 Goblin(s) confronts a party of 5 adventurers at level 4.,Possible
encounter_2284,4,2,4,Troll,5.0,A group of 4 Troll(s) confronts a party of 4 adventurers at level 2.,Not Possible
encounter_663,3,12,1,Ogre,2.0,A group of 1 Ogre(s) confronts a party of 3 adventurers at level 12.,Possible
encounter_4964,1,15,8,Troll,5.0,A group of 8 Troll(s) confronts a party of 1 adventurers at level 15.,Not Possible
encounter_2286,2,11,4,Bugbear,1.0,A group of 4 Bugbear(s) confronts a party of 2 adventurers at level 11.,Possible
encounter_4717,3,8,9,Orc,0.5,A group of 9 Orc(s) confronts a party of 3 adventurers at level 8.,Possible
encounter_3194,4,11,5,Bugbear,1.0,A group of 5 Bugbear(s) confronts a party of 4 adventurers at level 11.,Possible
encounter_2504,4,18,3,Ogre,2.0,A group of 3 Ogre(s) confronts a party of 4 adventurers at level 18.,Possible
encounter_4044,1,14,8,Young Red Dragon,10.0,A group of 8 Young Red Dragon(s) confronts a party of 1 adventurers at level 14.,Not Possible
encounter_780,5,18,9,Goblin,0.25,A group of 9 Goblin(s) confronts a party of 5 adventurers at level 18.,Possible
encounter_4020,2,17,8,Orc,0.5,A group of 8 Orc(s) confronts a party of 2 adventurers at level 17.,Possible
encounter_3427,3,15,8,Troll,5.0,A group of 8 Troll(s) confronts a party of 3 adventurers at level 15.,Possible
encounter_4307,3,17,9,Young Red Dragon,10.0,A group of 9 Young Red Dragon(s) confronts a party of 3 adventurers at level 17.,Not Possible
encounter_3197,3,18,6,Orc,0.5,A group of 6 Orc(s) confronts a party of 3 adventurers at level 18.,Possible
encounter_4836,1,4,2,Orc,0.5,A group of 2 Orc(s) confronts a party of 1 adventurers at level 4.,Possible
encounter_686,2,9,1,Bugbear,1.0,A group of 1 Bugbear(s) confronts a party of 2 adventurers at level 9.,Possible
encounter_3170,5,14,9,Orc,0.5,A group of 9 Orc(s) confronts a party of 5 adventurers at level 14.,Possible
encounter_3927,2,2,3,Goblin,0.25,A group of 3 Goblin(s) confronts a party of 2 adventurers at level 2.,Possible
encounter_3435,1,12,4,Goblin,0.25,A group of 4 Goblin(s) confronts a party of 1 adventurers at level 12.,Possible
encounter_2172,2,19,1,Ogre,2.0,A group of 1 Ogre(s) confronts a party of 2 adventurers at level 19.,Possible
encounter_3690,3,5,7,Orc,0.5,A group of 7 Orc(s) confronts a party of 3 adventurers at level 5.,Possible
encounter_1851,2,11,7,Goblin,0.25,A group of 7 Goblin(s) confronts a party of 2 adventurers at level 11.,Possible
encounter_488,1,4,6,Young Red Dragon,10.0,A group of 6 Young Red Dragon(s) confronts a party of 1 adventurers at level 4.,Not Possible
encounter_1689,2,2,5,Orc,0.5,A group of 5 Orc(s) confronts a party of 2 adventurers at level 2.,Possible
encounter_2231,4,17,6,Troll,5.0,A group of 6 Troll(s) confronts a party of 4 adventurers at level 17.,Possible
encounter_3265,5,8,7,Ogre,2.0,A group of 7 Ogre(s) confronts a party of 5 adventurers at level 8.,Possible
encounter_2321,2,2,1,Troll,5.0,A group of 1 Troll(s) confronts a party of 2 adventurers at level 2.,Not Possible
encounter_783,5,10,1,Orc,0.5,A group of 1 Orc(s) confronts a party of 5 adventurers at level 10.,Possible
encounter_522,3,14,6,Orc,0.5,A group of 6 Orc(s) confronts a party of 3 adventurers at level 14.,Possible
encounter_523,2,14,6,Young Red Dragon,10.0,A group of 6 Young Red Dragon(s) confronts a party of 2 adventurers at level 14.,Not Possible
encounter_2838,5,8,2,Bugbear,1.0,A group of 2 Bugbear(s) confronts a party of 5 adventurers at level 8.,Possible
encounter_4540,2,17,9,Ogre,2.0,A group of 9 Ogre(s) confronts a party of 2 adventurers at level 17.,Possible
encounter_2399,2,13,9,Troll,5.0,A group of 9 Troll(s) confronts a party of 2 adventurers at level 13.,Not Possible
encounter_2208,5,3,6,Bugbear,1.0,A group of 6 Bugbear(s) confronts a party of 5 adventurers at level 3.,Possible
encounter_3478,4,13,8,Bugbear,1.0,A group of 8 Bugbear(s) confronts a party of 4 adventurers at level 13.,Possible
encounter_3553,4,14,7,Orc,0.5,A group of 7 Orc(s) confronts a party of 4 adventurers at level 14.,Possible
encounter_4088,2,3,8,Troll,5.0,A group of 8 Troll(s) confronts a party of 2 adventurers at level 3.,Not Possible
encounter_2823,4,8,6,Orc,0.5,A group of 6 Orc(s) confronts a party of 4 adventurers at level 8.,Possible
encounter_1512,1,19,9,Young Red Dragon,10.0,A group of 9 Young Red Dragon(s) confronts a party of 1 adventurers at level 19.,Not Possible
encounter_1883,3,11,4,Goblin,0.25,A group of 4 Goblin(s) confronts a party of 3 adventurers at level 11.,Possible
encounter_652,3,6,4,Orc,0.5,A group of 4 Orc(s) confronts a party of 3 adventurers at level 6.,Possible
encounter_4931,2,17,5,Ogre,2.0,A group of 5 Ogre(s) confronts a party of 2 adventurers at level 17.,Possible
encounter_3090,4,19,4,Orc,0.5,A group of 4 Orc(s) confronts a party of 4 adventurers at level 19.,Possible
encounter_370,1,16,4,Bugbear,1.0,A group of 4 Bugbear(s) confronts a party of 1 adventurers at level 16.,Possible
encounter_4998,4,8,6,Orc,0.5,A group of 6 Orc(s) confronts a party of 4 adventurers at level 8.,Possible
encounter_119,3,14,7,Young Red Dragon,10.0,A group of 7 Young Red Dragon(s) confronts a party of 3 adventurers at level 14.,Not Possible
encounter_3321,2,7,7,Bugbear,1.0,A group of 7 Bugbear(s) confronts a party of 2 adventurers at level 7.,Possible
encounter_3035,3,7,6,Young Red Dragon,10.0,A group of 6 Young Red Dragon(s) confronts a party of 3 adventurers at level 7.,Not Possible
encounter_2217,3,3,5,Orc,0.5,A group of 5 Orc(s) confronts a party of 3 adventurers at level 3.,Possible
encounter_3543,1,12,7,Young Red Dragon,10.0,A group of 7 Young Red Dragon(s) confronts a party of 1 adventurers at level 12.,Not Possible
encounter_1614,4,2,4,Troll,5.0,A group of 4 Troll(s) confronts a party of 4 adventurers at level 2.,Not Possible
encounter_3152,1,14,6,Troll,5.0,A group of 6 Troll(s) confronts a party of 1 adventurers at level 14.,Not Possible
encounter_963,3,15,6,Orc,0.5,A group of 6 Orc(s) confronts a party of 3 adventurers at level 15.,Possible
encounter_2511,4,14,1,Troll,5.0,A group of 1 Troll(s) confronts a party of 4 adventurers at level 14.,Possible
encounter_3832,3,4,7,Orc,0.5,A group of 7 Orc(s) confronts a party of 3 adventurers at level 4.,Possible
encounter_2824,1,14,3,Orc,0.5,A group of 3 Orc(s) confronts a party of 1 adventurers at level 14.,Possible
encounter_4344,2,7,5,Bugbear,1.0,A group of 5 Bugbear(s) confronts a party of 2 adventurers at level 7.,Possible
encounter_3033,4,8,3,Troll,5.0,A group of 3 Troll(s) confronts a party of 4 adventurers at level 8.,Possible
encounter_2416,5,1,4,Young Red Dragon,10.0,A group of 4 Young Red Dragon(s) confronts a party of 5 adventurers at level 1.,Not Possible
encounter_4655,2,13,4,Ogre,2.0,A group of 4 Ogre(s) confronts a party of 2 adventurers at level 13.,Possible
encounter_4237,4,13,7,Goblin,0.25,A group of 7 Goblin(s) confronts a party of 4 adventurers at level 13.,Possible
encounter_2186,5,13,5,Orc,0.5,A group of 5 Orc(s) confronts a party of 5 adventurers at level 13.,Possible
encounter_3670,5,16,1,Young Red Dragon,10.0,A group of 1 Young Red Dragon(s) confronts a party of 5 adventurers at level 16.,Possible
encounter_2038,5,17,4,Goblin,0.25,A group of 4 Goblin(s) confronts a party of 5 adventurers at level 17.,Possible
encounter_4363,1,17,3,Orc,0.5,A group of 3 Orc(s) confronts a party of 1 adventurers at level 17.,Possible
encounter_773,2,15,4,Goblin,0.25,A group of 4 Goblin(s) confronts a party of 2 adventurers at level 15.,Possible
encounter_1285,4,8,9,Ogre,2.0,A group of 9 Ogre(s) confronts a party of 4 adventurers at level 8.,Possible
encounter_4604,5,4,5,Orc,0.5,A group of 5 Orc(s) confronts a party of 5 adventurers at level 4.,Possible
encounter_4795,4,12,4,Orc,0.5,A group of 4 Orc(s) confronts a party of 4 adventurers at level 12.,Possible
encounter_1415,5,19,3,Young Red Dragon,10.0,A group of 3 Young Red Dragon(s) confronts a party of 5 adventurers at level 19.,Possible
encounter_1235,4,19,1,Bugbear,1.0,A group of 1 Bugbear(s) confronts a party of 4 adventurers at level 19.,Possible
encounter_2700,1,17,2,Bugbear,1.0,A group of 2 Bugbear(s) confronts a party of 1 adventurers at level 17.,Possible
encounter_436,2,12,2,Troll,5.0,A group of 2 Troll(s) confronts a party of 2 adventurers at level 12.,Possible
encounter_1675,5,9,4,Young Red Dragon,10.0,A group of 4 Young Red Dragon(s) confronts a party of 5 adventurers at level 9.,Possible
encounter_366,5,13,2,Young Red Dragon,10.0,A group of 2 Young Red Dragon(s) confronts a party of 5 adventurers at level 13.,Possible
encounter_2650,2,19,9,Bugbear,1.0,A group of 9 Bugbear(s) confronts a party of 2 adventurers at level 19.,Possible
encounter_232,3,3,8,Young Red Dragon,10.0,A group of 8 Young Red Dragon(s) confronts a party of 3 adventurers at level 3.,Not Possible
encounter_4268,1,6,8,Goblin,0.25,A group of 8 Goblin(s) confronts a party of 1 adventurers at level 6.,Possible
encounter_4042,5,13,1,Bugbear,1.0,A group of 1 Bugbear(s) confronts a party of 5 adventurers at level 13.,Possible
encounter_4400,4,4,2,Orc,0.5,A group of 2 Orc(s) confronts a party of 4 adventurers at level 4.,Possible
encounter_408,1,3,3,Ogre,2.0,A group of 3 Ogre(s) confronts a party of 1 adventurers at level 3.,Not Possible
encounter_2091,3,19,6,Young Red Dragon,10.0,A group of 6 Young Red Dragon(s) confronts a party of 3 adventurers at level 19.,Not Possible
encounter_87,2,9,8,Goblin,0.25,A group of 8 Goblin(s) confronts a party of 2 adventurers at level 9.,Possible
encounter_845,4,11,1,Bugbear,1.0,A group of 1 Bugbear(s) confronts a party of 4 adventurers at level 11.,Possible
encounter_1032,5,5,3,Goblin,0.25,A group of 3 Goblin(s) confronts a party of 5 adventurers at level 5.,Possible
encounter_2856,5,3,4,Goblin,0.25,A group of 4 Goblin(s) confronts a party of 5 adventurers at level 3.,Possible
encounter_4110,4,17,1,Young Red Dragon,10.0,A group of 1 Young Red Dragon(s) confronts a party of 4 adventurers at level 17.,Possible
encounter_4397,3,15,7,Young Red Dragon,10.0,A group of 7 Young Red Dragon(s) confronts a party of 3 adventurers at level 15.,Not Possible
encounter_3894,1,14,6,Goblin,0.25,A group of 6 Goblin(s) confronts a party of 1 adventurers at level 14.,Possible
encounter_2659,1,13,9,Bugbear,1.0,A group of 9 Bugbear(s) confronts a party of 1 adventurers at level 13.,Possible
encounter_856,3,17,3,Young Red Dragon,10.0,A group of 3 Young Red Dragon(s) confronts a party of 3 adventurers at level 17.,Possible
encounter_79,3,11,4,Troll,5.0,A group of 4 Troll(s) confronts a party of 3 adventurers at level 11.,Possible
encounter_2248,5,16,8,Ogre,2.0,A group of 8 Ogre(s) confronts a party of 5 adventurers at level 16.,Possible
encounter_4571,5,7,5,Bugbear,1.0,A group of 5 Bugbear(s) confronts a party of 5 adventurers at level 7.,Possible
encounter_3657,2,3,1,Young Red Dragon,10.0,A group of 1 Young Red Dragon(s) confronts a party of 2 adventurers at level 3.,Not Possible
encounter_4152,2,12,4,Young Red Dragon,10.0,A group of 4 Young Red Dragon(s) confronts a party of 2 adventurers at level 12.,Not Possible
encounter_3379,4,15,1,Ogre,2.0,A group of 1 Ogre(s) confronts a party of 4 adventurers at level 15.,Possible
encounter_2280,4,15,5,Orc,0.5,A group of 5 Orc(s) confronts a party of 4 adventurers at level 15.,Possible
encounter_2599,1,4,7,Young Red Dragon,10.0,A group of 7 Young Red Dragon(s) confronts a party of 1 adventurers at level 4.,Not Possible
encounter_4160,3,3,2,Troll,5.0,A group of 2 Troll(s) confronts a party of 3 adventurers at level 3.,Not Possible
encounter_3871,4,18,6,Ogre,2.0,A group of 6 Ogre(s) confronts a party of 4 adventurers at level 18.,Possible
encounter_3429,1,17,8,Young Red Dragon,10.0,A group of 8 Young Red Dragon(s) confronts a party of 1 adventurers at level 17.,Not Possible
encounter_2177,1,12,9,Young Red Dragon,10.0,A group of 9 Young Red Dragon(s) confronts a party of 1 adventurers at level 12.,Not Possible
encounter_425,5,9,2,Troll,5.0,A group of 2 Troll(s) confronts a party of 5 adventurers at level 9.,Possible
encounter_393,4,17,6,Young Red Dragon,10.0,A group of 6 Young Red Dragon(s) confronts a party of 4 adventurers at level 17.,Possible
encounter_4727,3,7,6,Orc,0.5,A group of 6 Orc(s) confronts a party of 3 adventurers at level 7.,Possible
encounter_3694,5,13,5,Goblin,0.25,A group of 5 Goblin(s) confronts a party of 5 adventurers at level 13.,Possible
encounter_105,2,4,6,Bugbear,1.0,A group of 6 Bugbear(s) confronts a party of 2 adventurers at level 4.,Possible
encounter_3995,3,13,7,Goblin,0.25,A group of 7 Goblin(s) confronts a party of 3 adventurers at level 13.,Possible
encounter_4413,2,11,7,Bugbear,1.0,A group of 7 Bugbear(s) confronts a party of 2 adventurers at level 11.,Possible
encounter_1949,2,9,2,Orc,0.5,A group of 2 Orc(s) confronts a party of 2 adventurers at level 9.,Possible
encounter_1460,1,10,7,Troll,5.0,A group of 7 Troll(s) confronts a party of 1 adventurers at level 10.,Not Possible
encounter_3258,3,7,3,Ogre,2.0,A group of 3 Ogre(s) confronts a party of 3 adventurers at level 7.,Possible
encounter_2804,5,1,1,Orc,0.5,A group of 1 Orc(s) confronts a party of 5 adventurers at level 1.,Possible
encounter_2707,4,13,7,Young Red Dragon,10.0,A group of 7 Young Red Dragon(s) confronts a party of 4 adventurers at level 13.,Not Possible
encounter_4790,2,14,4,Goblin,0.25,A group of 4 Goblin(s) confronts a party of 2 adventurers at level 14.,Possible
encounter_1588,3,12,7,Young Red Dragon,10.0,A group of 7 Young Red Dragon(s) confronts a party of 3 adventurers at level 12.,Not Possible
encounter_3660,5,3,1,Goblin,0.25,A group of 1 Goblin(s) confronts a party of 5 adventurers at level 3.,Possible
encounter_1732,4,15,2,Goblin,0.25,A group of 2 Goblin(s) confronts a party of 4 adventurers at level 15.,Possible
encounter_4765,1,12,4,Young Red Dragon,10.0,A group of 4 Young Red Dragon(s) confronts a party of 1 adventurers at level 12.,Not Possible
encounter_4225,4,8,4,Troll,5.0,A group of 4 Troll(s) confronts a party of 4 adventurers at level 8.,Possible
encounter_3682,5,17,7,Goblin,0.25,A group of 7 Goblin(s) confronts a party of 5 adventurers at level 17.,Possible
encounter_1792,3,4,8,Troll,5.0,A group of 8 Troll(s) confronts a party of 3 adventurers at level 4.,Not Possible
encounter_2356,2,18,5,Troll,5.0,A group of 5 Troll(s) confronts a party of 2 adventurers at level 18.,Possible
encounter_1941,4,12,8,Ogre,2.0,A group of 8 Ogre(s) confronts a party of 4 adventurers at level 12.,Possible
encounter_703,3,8,2,Goblin,0.25,A group of 2 Goblin(s) confronts a party of 3 adventurers at level 8.,Possible
encounter_2443,5,7,7,Bugbear,1.0,A group of 7 Bugbear(s) confronts a party of 5 adventurers at level 7.,Possible
encounter_4376,4,4,1,Goblin,0.25,A group of 1 Goblin(s) confronts a party of 4 adventurers at level 4.,Possible
encounter_497,4,10,4,Ogre,2.0,A group of 4 Ogre(s) confronts a party of 4 adventurers at level 10.,Possible
encounter_465,4,3,6,Goblin,0.25,A group of 6 Goblin(s) confronts a party of 4 adventurers at level 3.,Possible
encounter_4072,3,1,9,Goblin,0.25,A group of 9 Goblin(s) confronts a party of 3 adventurers at level 1.,Possible
encounter_4334,1,7,7,Troll,5.0,A group of 7 Troll(s) confronts a party of 1 adventurers at level 7.,Not Possible
encounter_173,2,14,2,Orc,0.5,A group of 2 Orc(s) confronts a party of 2 adventurers at level 14.,Possible
encounter_4944,5,3,7,Goblin,0.25,A group of 7 Goblin(s) confronts a party of 5 adventurers at level 3.,Possible
encounter_4797,2,13,8,Goblin,0.25,A group of 8 Goblin(s) confronts a party of 2 adventurers at level 13.,Possible
encounter_2541,4,12,9,Goblin,0.25,A group of 9 Goblin(s) confronts a party of 4 adventurers at level 12.,Possible
encounter_3263,2,7,9,Young Red Dragon,10.0,A group of 9 Young Red Dragon(s) confronts a party of 2 adventurers at level 7.,Not Possible
encounter_4681,2,1,1,Bugbear,1.0,A group of 1 Bugbear(s) confronts a party of 2 adventurers at level 1.,Possible
encounter_2261,1,11,6,Goblin,0.25,A group of 6 Goblin(s) confronts a party of 1 adventurers at level 11.,Possible
encounter_2113,1,16,1,Young Red Dragon,10.0,A group of 1 Young Red Dragon(s) confronts a party of 1 adventurers at level 16.,Possible
encounter_901,2,19,1,Orc,0.5,A group of 1 Orc(s) confronts a party of 2 adventurers at level 19.,Possible
encounter_1447,2,8,5,Young Red Dragon,10.0,A group of 5 Young Red Dragon(s) confronts a party of 2 adventurers at level 8.,Not Possible
encounter_3574,2,16,5,Young Red Dragon,10.0,A group of 5 Young Red Dragon(s) confronts a party of 2 adventurers at level 16.,Not Possible
encounter_742,4,16,2,Young Red Dragon,10.0,A group of 2 Young Red Dragon(s) confronts a party of 4 adventurers at level 16.,Possible
encounter_2294,5,13,1,Troll,5.0,A group of 1 Troll(s) confronts a party of 5 adventurers at level 13.,Possible
encounter_2453,5,10,8,Goblin,0.25,A group of 8 Goblin(s) confronts a party of 5 adventurers at level 10.,Possible
encounter_2623,4,18,9,Goblin,0.25,A group of 9 Goblin(s) confronts a party of 4 adventurers at level 18.,Possible
encounter_4079,4,17,3,Bugbear,1.0,A group of 3 Bugbear(s) confronts a party of 4 adventurers at level 17.,Possible
encounter_1207,3,1,7,Young Red Dragon,10.0,A group of 7 Young Red Dragon(s) confronts a party of 3 adventurers at level 1.,Not Possible
encounter_510,3,13,9,Bugbear,1.0,A group of 9 Bugbear(s) confronts a party of 3 adventurers at level 13.,Possible
encounter_2621,5,4,4,Young Red Dragon,10.0,A group of 4 Young Red Dragon(s) confronts a party of 5 adventurers at level 4.,Not Possible
encounter_2803,3,14,1,Bugbear,1.0,A group of 1 Bugbear(s) confronts a party of 3 adventurers at level 14.,Possible
encounter_3314,2,15,5,Young Red Dragon,10.0,A group of 5 Young Red Dragon(s) confronts a party of 2 adventurers at level 15.,Not Possible
encounter_1550,2,18,4,Goblin,0.25,A group of 4 Goblin(s) confronts a party of 2 adventurers at level 18.,Possible
encounter_4564,2,7,6,Troll,5.0,A group of 6 Troll(s) confronts a party of 2 adventurers at level 7.,Not Possible
encounter_2203,2,12,5,Goblin,0.25,A group of 5 Goblin(s) confronts a party of 2 adventurers at level 12.,Possible
encounter_2567,5,7,1,Bugbear,1.0,A group of 1 Bugbear(s) confronts a party of 5 adventurers at level 7.,Possible
encounter_3893,3,3,2,Young Red Dragon,10.0,A group of 2 Young Red Dragon(s) confronts a party of 3 adventurers at level 3.,Not Possible
encounter_2045,3,15,1,Bugbear,1.0,A group of 1 Bugbear(s) confronts a party of 3 adventurers at level 15.,Possible
encounter_768,3,1,6,Troll,5.0,A group of 6 Troll(s) confronts a party of 3 adventurers at level 1.,Not Possible
encounter_4873,3,2,5,Goblin,0.25,A group of 5 Goblin(s) confronts a party of 3 adventurers at level 2.,Possible
encounter_3739,3,13,3,Bugbear,1.0,A group of 3 Bugbear(s) confronts a party of 3 adventurers at level 13.,Possible
encounter_422,5,7,7,Orc,0.5,A group of 7 Orc(s) confronts a party of 5 adventurers at level 7.,Possible
encounter_124,5,13,5,Bugbear,1.0,A group of 5 Bugbear(s) confronts a party of 5 adventurers at level 13.,Possible
encounter_4163,1,2,6,Troll,5.0,A group of 6 Troll(s) confronts a party of 1 adventurers at level 2.,Not Possible
encounter_2629,4,19,5,Troll,5.0,A group of 5 Troll(s) confronts a party of 4 adventurers at level 19.,Possible
encounter_820,2,3,7,Troll,5.0,A group of 7 Troll(s) confronts a party of 2 adventurers at level 3.,Not Possible
encounter_1404,3,3,4,Young Red Dragon,10.0,A group of 4 Young Red Dragon(s) confronts a party of 3 adventurers at level 3.,Not Possible
encounter_1383,1,7,7,Young Red Dragon,10.0,A group of 7 Young Red Dragon(s) confronts a party of 1 adventurers at level 7.,Not Possible
encounter_2149,4,5,5,Troll,5.0,A group of 5 Troll(s) confronts a party of 4 adventurers at level 5.,Not Possible
encounter_1576,2,6,8,Young Red Dragon,10.0,A group of 8 Young Red Dragon(s) confronts a party of 2 adventurers at level 6.,Not Possible
encounter_1639,3,7,4,Ogre,2.0,A group of 4 Ogre(s) confronts a party of 3 adventurers at level 7.,Possible
encounter_1796,3,8,6,Orc,0.5,A group of 6 Orc(s) confronts a party of 3 adventurers at level 8.,Possible
encounter_4816,1,11,7,Young Red Dragon,10.0,A group of 7 Young Red Dragon(s) confronts a party of 1 adventurers at level 11.,Not Possible
encounter_400,3,9,7,Goblin,0.25,A group of 7 Goblin(s) confronts a party of 3 adventurers at level 9.,Possible
encounter_2311,4,14,6,Goblin,0.25,A group of 6 Goblin(s) confronts a party of 4 adventurers at level 14.,Possible
encounter_883,4,6,3,Goblin,0.25,A group of 3 Goblin(s) confronts a party of 4 adventurers at level 6.,Possible
encounter_4974,4,14,2,Bugbear,1.0,A group of 2 Bugbear(s) confronts a party of 4 adventurers at level 14.,Possible
encounter_2898,1,15,5,Troll,5.0,A group of 5 Troll(s) confronts a party of 1 adventurers at level 15.,Not Possible
encounter_1353,4,4,7,Orc,0.5,A group of 7 Orc(s) confronts a party of 4 adventurers at level 4.,Possible
encounter_2743,2,14,1,Troll,5.0,A group of 1 Troll(s) confronts a party of 2 adventurers at level 14.,Possible
encounter_4551,3,17,3,Goblin,0.25,A group of 3 Goblin(s) confronts a party of 3 adventurers at level 17.,Possible
encounter_2131,2,19,6,Young Red Dragon,10.0,A group of 6 Young Red Dragon(s) confronts a party of 2 adventurers at level 19.,Not Possible
encounter_983,2,16,1,Goblin,0.25,A group of 1 Goblin(s) confronts a party of 2 adventurers at level 16.,Possible
encounter_457,3,9,4,Ogre,2.0,A group of 4 Ogre(s) confronts a party of 3 adventurers at level 9.,Possible
encounter_4120,2,19,1,Goblin,0.25,A group of 1 Goblin(s) confronts a party of 2 adventurers at level 19.,Possible
encounter_1080,2,16,4,Ogre,2.0,A group of 4 Ogre(s) confronts a party of 2 adventurers at level 16.,Possible
encounter_1951,1,8,5,Orc,0.5,A group of 5 Orc(s) confronts a party of 1 adventurers at level 8.,Possible
encounter_4315,3,19,5,Bugbear,1.0,A group of 5 Bugbear(s) confronts a party of 3 adventurers at level 19.,Possible
encounter_690,4,6,6,Goblin,0.25,A group of 6 Goblin(s) confronts a party of 4 adventurers at level 6.,Possible
encounter_2430,5,18,6,Goblin,0.25,A group of 6 Goblin(s) confronts a party of 5 adventurers at level 18.,Possible
encounter_642,5,17,3,Troll,5.0,A group of 3 Troll(s) confronts a party of 5 adventurers at level 17.,Possible
encounter_2393,5,5,7,Troll,5.0,A group of 7 Troll(s) confronts a party of 5 adventurers at level 5.,Not Possible
encounter_1954,4,7,5,Bugbear,1.0,A group of 5 Bugbear(s) confronts a party of 4 adventurers at level 7.,Possible
encounter_2749,3,8,4,Orc,0.5,A group of 4 Orc(s) confronts a party of 3 adventurers at level 8.,Possible
encounter_4314,2,1,8,Orc,0.5,A group of 8 Orc(s) confronts a party of 2 adventurers at level 1.,Not Possible
encounter_3436,5,1,3,Goblin,0.25,A group of 3 Goblin(s) confronts a party of 5 adventurers at level 1.,Possible
encounter_3337,2,10,3,Ogre,2.0,A group of 3 Ogre(s) confronts a party of 2 adventurers at level 10.,Possible
encounter_4767,1,10,2,Ogre,2.0,A group of 2 Ogre(s) confronts a party of 1 adventurers at level 10.,Possible
encounter_3371,3,14,1,Young Red Dragon,10.0,A group of 1 Young Red Dragon(s) confronts a party of 3 adventurers at level 14.,Possible
encounter_1885,3,16,3,Young Red Dragon,10.0,A group of 3 Young Red Dragon(s) confronts a party of 3 adventurers at level 16.,Possible
encounter_390,3,4,3,Bugbear,1.0,A group of 3 Bugbear(s) confronts a party of 3 adventurers at level 4.,Possible
encounter_2495,2,15,6,Young Red Dragon,10.0,A group of 6 Young Red Dragon(s) confronts a party of 2 adventurers at level 15.,Not Possible
encounter_3879,1,17,6,Bugbear,1.0,A group of 6 Bugbear(s) confronts a party of 1 adventurers at level 17.,Possible
encounter_3857,2,11,6,Orc,0.5,A group of 6 Orc(s) confronts a party of 2 adventurers at level 11.,Possible
encounter_846,5,4,9,Orc,0.5,A group of 9 Orc(s) confronts a party of 5 adventurers at level 4.,Possible
encounter_543,5,4,2,Goblin,0.25,A group of 2 Goblin(s) confronts a party of 5 adventurers at level 4.,Possible
encounter_92,4,11,9,Troll,5.0,A group of 9 Troll(s) confronts a party of 4 adventurers at level 11.,Not Possible
encounter_3890,3,2,5,Troll,5.0,A group of 5 Troll(s) confronts a party of 3 adventurers at level 2.,Not Possible
encounter_1980,4,6,1,Ogre,2.0,A group of 1 Ogre(s) confronts a party of 4 adventurers at level 6.,Possible
encounter_2813,5,3,2,Goblin,0.25,A group of 2 Goblin(s) confronts a party of 5 adventurers at level 3.,Possible
encounter_4083,5,18,4,Ogre,2.0,A group of 4 Ogre(s) confronts a party of 5 adventurers at level 18.,Possible
encounter_2903,3,15,9,Young Red Dragon,10.0,A group of 9 Young Red Dragon(s) confronts a party of 3 adventurers at level 15.,Not Possible
encounter_2530,1,14,1,Orc,0.5,A group of 1 Orc(s) confronts a party of 1 adventurers at level 14.,Possible
encounter_1677,3,5,1,Bugbear,1.0,A group of 1 Bugbear(s) confronts a party of 3 adventurers at level 5.,Possible
encounter_1049,3,5,3,Troll,5.0,A group of 3 Troll(s) confronts a party of 3 adventurers at level 5.,Possible
encounter_1961,5,12,5,Young Red Dragon,10.0,A group of 5 Young Red Dragon(s) confronts a party of 5 adventurers at level 12.,Possible
encounter_2531,4,10,1,Orc,0.5,A group of 1 Orc(s) confronts a party of 4 adventurers at level 10.,Possible
encounter_3993,5,5,9,Troll,5.0,A group of 9 Troll(s) confronts a party of 5 adventurers at level 5.,Not Possible
encounter_238,4,1,1,Ogre,2.0,A group of 1 Ogre(s) confronts a party of 4 adventurers at level 1.,Possible
encounter_3098,5,7,5,Bugbear,1.0,A group of 5 Bugbear(s) confronts a party of 5 adventurers at level 7.,Possible
encounter_3489,3,16,4,Ogre,2.0,A group of 4 Ogre(s) confronts a party of 3 adventurers at level 16.,Possible
encounter_1134,3,18,6,Bugbear,1.0,A group of 6 Bugbear(s) confronts a party of 3 adventurers at level 18.,Possible
encounter_1806,3,4,1,Goblin,0.25,A group of 1 Goblin(s) confronts a party of 3 adventurers at level 4.,Possible
encounter_4318,2,4,6,Ogre,2.0,A group of 6 Ogre(s) confronts a party of 2 adventurers at level 4.,Not Possible
encounter_164,5,10,8,Troll,5.0,A group of 8 Troll(s) confronts a party of 5 adventurers at level 10.,Possible
encounter_3493,2,6,5,Goblin,0.25,A group of 5 Goblin(s) confronts a party of 2 adventurers at level 6.,Possible
encounter_4710,4,5,1,Young Red Dragon,10.0,A group of 1 Young Red Dragon(s) confronts a party of 4 adventurers at level 5.,Possible
encounter_4631,2,2,5,Ogre,2.0,A group of 5 Ogre(s) confronts a party of 2 adventurers at level 2.,Not Possible
encounter_3454,3,5,9,Troll,5.0,A group of 9 Troll(s) confronts a party of 3 adventurers at level 5.,Not Possible
encounter_3200,4,8,2,Bugbear,1.0,A group of 2 Bugbear(s) confronts a party of 4 adventurers at level 8.,Possible
encounter_3635,3,16,9,Troll,5.0,A group of 9 Troll(s) confronts a party of 3 adventurers at level 16.,Possible
encounter_3940,1,19,5,Orc,0.5,A group of 5 Orc(s) confronts a party of 1 adventurers at level 19.,Possible
encounter_1812,3,9,7,Young Red Dragon,10.0,A group of 7 Young Red Dragon(s) confronts a party of 3 adventurers at level 9.,Not Possible
encounter_3650,1,5,3,Orc,0.5,A group of 3 Orc(s) confronts a party of 1 adventurers at level 5.,Possible
encounter_4050,4,14,6,Bugbear,1.0,A group of 6 Bugbear(s) confronts a party of 4 adventurers at level 14.,Possible
encounter_1429,3,19,7,Bugbear,1.0,A group of 7 Bugbear(s) confronts a party of 3 adventurers at level 19.,Possible
encounter_3614,2,9,6,Young Red Dragon,10.0,A group of 6 Young Red Dragon(s) confronts a party of 2 adventurers at level 9.,Not Possible
encounter_3132,2,18,8,Ogre,2.0,A group of 8 Ogre(s) confronts a party of 2 adventurers at level 18.,Possible
encounter_3397,1,4,5,Troll,5.0,A group of 5 Troll(s) confronts a party of 1 adventurers at level 4.,Not Possible
encounter_4461,1,11,1,Bugbear,1.0,A group of 1 Bugbear(s) confronts a party of 1 adventurers at level 11.,Possible
encounter_4650,2,13,6,Young Red Dragon,10.0,A group of 6 Young Red Dragon(s) confronts a party of 2 adventurers at level 13.,Not Possible
encounter_2821,5,2,1,Bugbear,1.0,A group of 1 Bugbear(s) confronts a party of 5 adventurers at level 2.,Possible
encounter_1453,3,8,2,Goblin,0.25,A group of 2 Goblin(s) confronts a party of 3 adventurers at level 8.,Possible
encounter_594,5,5,9,Bugbear,1.0,A group of 9 Bugbear(s) confronts a party of 5 adventurers at level 5.,Possible
encounter_42,4,6,4,Young Red Dragon,10.0,A group of 4 Young Red Dragon(s) confronts a party of 4 adventurers at level 6.,Not Possible
encounter_561,2,13,2,Bugbear,1.0,A group of 2 Bugbear(s) confronts a party of 2 adventurers at level 13.,Possible
encounter_3274,4,9,6,Orc,0.5,A group of 6 Orc(s) confronts a party of 4 adventurers at level 9.,Possible
encounter_3245,5,18,4,Troll,5.0,A group of 4 Troll(s) confronts a party of 5 adventurers at level 18.,Possible
encounter_244,2,5,1,Young Red Dragon,10.0,A group of 1 Young Red Dragon(s) confronts a party of 2 adventurers at level 5.,Possible
encounter_1340,5,7,8,Bugbear,1.0,A group of 8 Bugbear(s) confronts a party of 5 adventurers at level 7.,Possible
encounter_2781,4,3,7,Bugbear,1.0,A group of 7 Bugbear(s) confronts a party of 4 adventurers at level 3.,Possible
encounter_3188,4,15,1,Young Red Dragon,10.0,A group of 1 Young Red Dragon(s) confronts a party of 4 adventurers at level 15.,Possible
encounter_3800,5,11,5,Orc,0.5,A group of 5 Orc(s) confronts a party of 5 adventurers at level 11.,Possible
encounter_1443,3,14,1,Ogre,2.0,A group of 1 Ogre(s) confronts a party of 3 adventurers at level 14.,Possible
encounter_262,3,1,9,Bugbear,1.0,A group of 9 Bugbear(s) confronts a party of 3 adventurers at level 1.,Not Possible
encounter_2765,1,13,5,Troll,5.0,A group of 5 Troll(s) confronts a party of 1 adventurers at level 13.,Not Possible
encounter_1690,2,6,3,Troll,5.0,A group of 3 Troll(s) confronts a party of 2 adventurers at level 6.,Not Possible
encounter_1726,1,1,8,Orc,0.5,A group of 8 Orc(s) confronts a party of 1 adventurers at level 1.,Not Possible
encounter_4793,3,17,3,Ogre,2.0,A group of 3 Ogre(s) confronts a party of 3 adventurers at level 17.,Possible
encounter_835,2,14,1,Orc,0.5,A group of 1 Orc(s) confronts a party of 2 adventurers at level 14.,Possible
encounter_1867,5,3,7,Young Red Dragon,10.0,A group of 7 Young Red Dragon(s) confronts a party of 5 adventurers at level 3.,Not Possible
encounter_2497,5,3,3,Troll,5.0,A group of 3 Troll(s) confronts a party of 5 adventurers at level 3.,Possible
encounter_2011,2,12,3,Orc,0.5,A group of 3 Orc(s) confronts a party of 2 adventurers at level 12.,Possible
encounter_341,1,8,9,Orc,0.5,A group of 9 Orc(s) confronts a party of 1 adventurers at level 8.,Possible
encounter_2989,2,14,1,Goblin,0.25,A group of 1 Goblin(s) confronts a party of 2 adventurers at level 14.,Possible
encounter_1602,3,15,1,Goblin,0.25,A group of 1 Goblin(s) confronts a party of 3 adventurers at level 15.,Possible
encounter_3876,1,8,3,Goblin,0.25,A group of 3 Goblin(s) confronts a party of 1 adventurers at level 8.,Possible
encounter_4695,4,18,4,Goblin,0.25,A group of 4 Goblin(s) confronts a party of 4 adventurers at level 18.,Possible
encounter_481,1,18,7,Ogre,2.0,A group of 7 Ogre(s) confronts a party of 1 adventurers at level 18.,Possible
encounter_2826,1,5,2,Bugbear,1.0,A group of 2 Bugbear(s) confronts a party of 1 adventurers at level 5.,Possible
encounter_4330,5,17,7,Goblin,0.25,A group of 7 Goblin(s) confronts a party of 5 adventurers at level 17.,Possible
encounter_3541,5,18,4,Orc,0.5,A group of 4 Orc(s) confronts a party of 5 adventurers at level 18.,Possible
encounter_4639,4,15,6,Bugbear,1.0,A group of 6 Bugbear(s) confronts a party of 4 adventurers at level 15.,Possible
encounter_3047,2,2,2,Orc,0.5,A group of 2 Orc(s) confronts a party of 2 adventurers at level 2.,Possible
encounter_3991,4,5,5,Bugbear,1.0,A group of 5 Bugbear(s) confronts a party of 4 adventurers at level 5.,Possible
encounter_1767,5,13,2,Ogre,2.0,A group of 2 Ogre(s) confronts a party of 5 adventurers at level 13.,Possible
encounter_4474,5,9,3,Bugbear,1.0,A group of 3 Bugbear(s) confronts a party of 5 adventurers at level 9.,Possible
encounter_2454,2,7,8,Goblin,0.25,A group of 8 Goblin(s) confronts a party of 2 adventurers at level 7.,Possible
encounter_2878,4,11,2,Bugbear,1.0,A group of 2 Bugbear(s) confronts a party of 4 adventurers at level 11.,Possible
encounter_3816,2,8,7,Orc,0.5,A group of 7 Orc(s) confronts a party of 2 adventurers at level 8.,Possible
encounter_4017,1,14,8,Bugbear,1.0,A group of 8 Bugbear(s) confronts a party of 1 adventurers at level 14.,Possible
encounter_4678,2,4,6,Orc,0.5,A group of 6 Orc(s) confronts a party of 2 adventurers at level 4.,Possible
encounter_3680,2,2,1,Young Red Dragon,10.0,A group of 1 Young Red Dragon(s) confronts a party of 2 adventurers at level 2.,Not Possible
encounter_1272,2,18,4,Goblin,0.25,A group of 4 Goblin(s) confronts a party of 2 adventurers at level 18.,Possible
encounter_3078,2,12,4,Troll,5.0,A group of 4 Troll(s) confronts a party of 2 adventurers at level 12.,Possible
encounter_4502,5,18,6,Goblin,0.25,A group of 6 Goblin(s) confronts a party of 5 adventurers at level 18.,Possible
encounter_3095,3,1,6,Bugbear,1.0,A group of 6 Bugbear(s) confronts a party of 3 adventurers at level 1.,Not Possible
encounter_4654,3,16,7,Young Red Dragon,10.0,A group of 7 Young Red Dragon(s) confronts a party of 3 adventurers at level 16.,Not Possible
encounter_348,1,8,8,Orc,0.5,A group of 8 Orc(s) confronts a party of 1 adventurers at level 8.,Possible
encounter_3882,4,16,6,Goblin,0.25,A group of 6 Goblin(s) confronts a party of 4 adventurers at level 16.,Possible
encounter_4624,2,8,4,Ogre,2.0,A group of 4 Ogre(s) confronts a party of 2 adventurers at level 8.,Possible
encounter_2563,4,3,7,Young Red Dragon,10.0,A group of 7 Young Red Dragon(s) confronts a party of 4 adventurers at level 3.,Not Possible
encounter_4591,5,1,4,Ogre,2.0,A group of 4 Ogre(s) confronts a party of 5 adventurers at level 1.,Not Possible
encounter_1424,3,6,3,Troll,5.0,A group of 3 Troll(s) confronts a party of 3 adventurers at level 6.,Possible
encounter_657,3,13,5,Orc,0.5,A group of 5 Orc(s) confronts a party of 3 adventurers at level 13.,Possible
encounter_2103,4,13,9,Troll,5.0,A group of 9 Troll(s) confronts a party of 4 adventurers at level 13.,Possible
encounter_633,4,4,6,Goblin,0.25,A group of 6 Goblin(s) confronts a party of 4 adventurers at level 4.,Possible
encounter_2893,1,12,5,Young Red Dragon,10.0,A group of 5 Young Red Dragon(s) confronts a party of 1 adventurers at level 12.,Not Possible
encounter_2494,1,18,1,Young Red Dragon,10.0,A group of 1 Young Red Dragon(s) confronts a party of 1 adventurers at level 18.,Possible
encounter_2666,4,1,7,Goblin,0.25,A group of 7 Goblin(s) confronts a party of 4 adventurers at level 1.,Possible
encounter_4016,2,5,9,Young Red Dragon,10.0,A group of 9 Young Red Dragon(s) confronts a party of 2 adventurers at level 5.,Not Possible
encounter_3663,5,1,5,Orc,0.5,A group of 5 Orc(s) confronts a party of 5 adventurers at level 1.,Possible
encounter_3308,5,3,3,Ogre,2.0,A group of 3 Ogre(s) confronts a party of 5 adventurers at level 3.,Possible
encounter_3097,5,7,7,Goblin,0.25,A group of 7 Goblin(s) confronts a party of 5 adventurers at level 7.,Possible
encounter_3920,1,4,5,Bugbear,1.0,A group of 5 Bugbear(s) confronts a party of 1 adventurers at level 4.,Not Possible
encounter_2501,4,10,3,Orc,0.5,A group of 3 Orc(s) confronts a party of 4 adventurers at level 10.,Possible
encounter_1466,1,10,6,Bugbear,1.0,A group of 6 Bugbear(s) confronts a party of 1 adventurers at level 10.,Possible
encounter_2834,3,12,6,Bugbear,1.0,A group of 6 Bugbear(s) confronts a party of 3 adventurers at level 12.,Possible
encounter_116,1,2,5,Young Red Dragon,10.0,A group of 5 Young Red Dragon(s) confronts a party of 1 adventurers at level 2.,Not Possible
encounter_1822,4,8,2,Young Red Dragon,10.0,A group of 2 Young Red Dragon(s) confronts a party of 4 adventurers at level 8.,Possible
encounter_1495,3,14,7,Troll,5.0,A group of 7 Troll(s) confronts a party of 3 adventurers at level 14.,Possible
encounter_2402,4,13,8,Bugbear,1.0,A group of 8 Bugbear(s) confronts a party of 4 adventurers at level 13.,Possible
encounter_1233,4,6,8,Young Red Dragon,10.0,A group of 8 Young Red Dragon(s) confronts a party of 4 adventurers at level 6.,Not Possible
encounter_2662,4,12,5,Troll,5.0,A group of 5 Troll(s) confronts a party of 4 adventurers at level 12.,Possible
encounter_4101,5,16,2,Bugbear,1.0,A group of 2 Bugbear(s) confronts a party of 5 adventurers at level 16.,Possible
encounter_4574,2,9,4,Young Red Dragon,10.0,A group of 4 Young Red Dragon(s) confronts a party of 2 adventurers at level 9.,Not Possible
encounter_1154,2,7,1,Ogre,2.0,A group of 1 Ogre(s) confronts a party of 2 adventurers at level 7.,Possible
encounter_3849,5,12,6,Bugbear,1.0,A group of 6 Bugbear(s) confronts a party of 5 adventurers at level 12.,Possible
encounter_58,4,13,1,Goblin,0.25,A group of 1 Goblin(s) confronts a party of 4 adventurers at level 13.,Possible
encounter_4105,2,14,1,Goblin,0.25,A group of 1 Goblin(s) confronts a party of 2 adventurers at level 14.,Possible
encounter_4289,3,6,9,Young Red Dragon,10.0,A group of 9 Young Red Dragon(s) confronts a party of 3 adventurers at level 6.,Not Possible
encounter_4946,3,14,5,Orc,0.5,A group of 5 Orc(s) confronts a party of 3 adventurers at level 14.,Possible
encounter_1736,1,9,8,Goblin,0.25,A group of 8 Goblin(s) confronts a party of 1 adventurers at level 9.,Possible
encounter_2197,3,6,6,Goblin,0.25,A group of 6 Goblin(s) confronts a party of 3 adventurers at level 6.,Possible
encounter_3554,4,6,5,Ogre,2.0,A group of 5 Ogre(s) confronts a party of 4 adventurers at level 6.,Possible
encounter_2476,4,6,6,Troll,5.0,A group of 6 Troll(s) confronts a party of 4 adventurers at level 6.,Not Possible
encounter_2565,5,12,6,Goblin,0.25,A group of 6 Goblin(s) confronts a party of 5 adventurers at level 12.,Possible
encounter_3159,1,7,3,Bugbear,1.0,A group of 3 Bugbear(s) confronts a party of 1 adventurers at level 7.,Possible
encounter_4035,2,10,8,Goblin,0.25,A group of 8 Goblin(s) confronts a party of 2 adventurers at level 10.,Possible
encounter_3656,4,2,3,Young Red Dragon,10.0,A group of 3 Young Red Dragon(s) confronts a party of 4 adventurers at level 2.,Not Possible
encounter_708,4,6,1,Ogre,2.0,A group of 1 Ogre(s) confronts a party of 4 adventurers at level 6.,Possible
encounter_4281,2,15,2,Young Red Dragon,10.0,A group of 2 Young Red Dragon(s) confronts a party of 2 adventurers at level 15.,Possible
encounter_1094,5,2,3,Goblin,0.25,A group of 3 Goblin(s) confronts a party of 5 adventurers at level 2.,Possible
encounter_4840,2,11,8,Young Red Dragon,10.0,A group of 8 Young Red Dragon(s) confronts a party of 2 adventurers at level 11.,Not Possible
encounter_1377,2,1,1,Goblin,0.25,A group of 1 Goblin(s) confronts a party of 2 adventurers at level 1.,Possible
encounter_4914,5,6,8,Goblin,0.25,A group of 8 Goblin(s) confronts a party of 5 adventurers at level 6.,Possible
encounter_73,4,16,7,Bugbear,1.0,A group of 7 Bugbear(s) confronts a party of 4 adventurers at level 16.,Possible
encounter_1923,5,10,6,Goblin,0.25,A group of 6 Goblin(s) confronts a party of 5 adventurers at level 10.,Possible
encounter_3174,2,5,2,Ogre,2.0,A group of 2 Ogre(s) confronts a party of 2 adventurers at level 5.,Possible
encounter_1765,1,11,6,Young Red Dragon,10.0,A group of 6 Young Red Dragon(s) confronts a party of 1 adventurers at level 11.,Not Possible
encounter_744,3,13,5,Troll,5.0,A group of 5 Troll(s) confronts a party of 3 adventurers at level 13.,Possible
encounter_4319,5,3,5,Young Red Dragon,10.0,A group of 5 Young Red Dragon(s) confronts a party of 5 adventurers at level 3.,Not Possible
encounter_1006,3,10,1,Young Red Dragon,10.0,A group of 1 Young Red Dragon(s) confronts a party of 3 adventurers at level 10.,Possible
encounter_2669,3,17,1,Orc,0.5,A group of 1 Orc(s) confronts a party of 3 adventurers at level 17.,Possible
encounter_1191,2,15,8,Ogre,2.0,A group of 8 Ogre(s) confronts a party of 2 adventurers at level 15.,Possible
encounter_4632,3,17,1,Orc,0.5,A group of 1 Orc(s) confronts a party of 3 adventurers at level 17.,Possible
encounter_2602,4,17,6,Troll,5.0,A group of 6 Troll(s) confronts a party of 4 adventurers at level 17.,Possible
encounter_1126,3,18,8,Ogre,2.0,A group of 8 Ogre(s) confronts a party of 3 adventurers at level 18.,Possible
encounter_1242,5,3,7,Ogre,2.0,A group of 7 Ogre(s) confronts a party of 5 adventurers at level 3.,Possible
encounter_4607,2,18,7,Troll,5.0,A group of 7 Troll(s) confronts a party of 2 adventurers at level 18.,Possible
encounter_4131,2,6,8,Young Red Dragon,10.0,A group of 8 Young Red Dragon(s) confronts a party of 2 adventurers at level 6.,Not Possible
encounter_3443,1,11,5,Troll,5.0,A group of 5 Troll(s) confronts a party of 1 adventurers at level 11.,Not Possible
encounter_999,5,5,1,Young Red Dragon,10.0,A group of 1 Young Red Dragon(s) confronts a party of 5 adventurers at level 5.,Possible
encounter_3387,5,14,5,Ogre,2.0,A group of 5 Ogre(s) confronts a party of 5 adventurers at level 14.,Possible
encounter_2685,4,9,3,Troll,5.0,A group of 3 Troll(s) confronts a party of 4 adventurers at level 9.,Possible
encounter_1578,5,7,6,Orc,0.5,A group of 6 Orc(s) confronts a party of 5 adventurers at level 7.,Possible
encounter_4791,1,14,5,Young Red Dragon,10.0,A group of 5 Young Red Dragon(s) confronts a party of 1 adventurers at level 14.,Not Possible
encounter_1827,4,16,6,Orc,0.5,A group of 6 Orc(s) confronts a party of 4 adventurers at level 16.,Possible
encounter_3293,3,16,8,Ogre,2.0,A group of 8 Ogre(s) confronts a party of 3 adventurers at level 16.,Possible
encounter_4990,3,3,8,Goblin,0.25,A group of 8 Goblin(s) confronts a party of 3 adventurers at level 3.,Possible
encounter_3537,5,6,6,Goblin,0.25,A group of 6 Goblin(s) confronts a party of 5 adventurers at level 6.,Possible
encounter_441,3,2,4,Goblin,0.25,A group of 4 Goblin(s) confronts a party of 3 adventurers at level 2.,Possible
encounter_4952,3,16,5,Troll,5.0,A group of 5 Troll(s) confronts a party of 3 adventurers at level 16.,Possible
encounter_1101,1,7,5,Bugbear,1.0,A group of 5 Bugbear(s) confronts a party of 1 adventurers at level 7.,Possible
encounter_4011,1,19,7,Orc,0.5,A group of 7 Orc(s) confronts a party of 1 adventurers at level 19.,Possible
encounter_3059,5,14,6,Orc,0.5,A group of 6 Orc(s) confronts a party of 5 adventurers at level 14.,Possible
encounter_650,4,11,4,Ogre,2.0,A group of 4 Ogre(s) confronts a party of 4 adventurers at level 11.,Possible
encounter_1547,3,13,1,Ogre,2.0,A group of 1 Ogre(s) confronts a party of 3 adventurers at level 13.,Possible
encounter_4757,5,8,7,Goblin,0.25,A group of 7 Goblin(s) confronts a party of 5 adventurers at level 8.,Possible
encounter_3561,5,19,6,Bugbear,1.0,A group of 6 Bugbear(s) confronts a party of 5 adventurers at level 19.,Possible
encounter_3887,4,19,1,Bugbear,1.0,A group of 1 Bugbear(s) confronts a party of 4 adventurers at level 19.,Possible
encounter_3742,2,3,7,Orc,0.5,A group of 7 Orc(s) confronts a party of 2 adventurers at level 3.,Possible
encounter_631,5,15,6,Young Red Dragon,10.0,A group of 6 Young Red Dragon(s) confronts a party of 5 adventurers at level 15.,Possible
encounter_673,1,16,1,Young Red Dragon,10.0,A group of 1 Young Red Dragon(s) confronts a party of 1 adventurers at level 16.,Possible
encounter_1250,1,6,4,Young Red Dragon,10.0,A group of 4 Young Red Dragon(s) confronts a party of 1 adventurers at level 6.,Not Possible
encounter_483,5,15,1,Bugbear,1.0,A group of 1 Bugbear(s) confronts a party of 5 adventurers at level 15.,Possible
encounter_1585,1,2,2,Goblin,0.25,A group of 2 Goblin(s) confronts a party of 1 adventurers at level 2.,Possible
encounter_3075,1,1,1,Ogre,2.0,A group of 1 Ogre(s) confronts a party of 1 adventurers at level 1.,Not Possible
encounter_4628,5,8,8,Orc,0.5,A group of 8 Orc(s) confronts a party of 5 adventurers at level 8.,Possible
encounter_3039,1,3,7,Bugbear,1.0,A group of 7 Bugbear(s) confronts a party of 1 adventurers at level 3.,Not Possible
encounter_1463,1,6,6,Orc,0.5,A group of 6 Orc(s) confronts a party of 1 adventurers at level 6.,Possible
encounter_3930,1,18,6,Young Red Dragon,10.0,A group of 6 Young Red Dragon(s) confronts a party of 1 adventurers at level 18.,Not Possible
encounter_3622,2,13,4,Young Red Dragon,10.0,A group of 4 Young Red Dragon(s) confronts a party of 2 adventurers at level 13.,Not Possible
encounter_2579,2,3,4,Young Red Dragon,10.0,A group of 4 Young Red Dragon(s) confronts a party of 2 adventurers at level 3.,Not Possible
encounter_3802,1,13,8,Ogre,2.0,A group of 8 Ogre(s) confronts a party of 1 adventurers at level 13.,Not Possible
encounter_50,3,12,1,Young Red Dragon,10.0,A group of 1 Young Red Dragon(s) confronts a party of 3 adventurers at level 12.,Possible
encounter_4290,4,8,5,Orc,0.5,A group of 5 Orc(s) confronts a party of 4 adventurers at level 8.,Possible
encounter_3345,1,13,4,Young Red Dragon,10.0,A group of 4 Young Red Dragon(s) confronts a party of 1 adventurers at level 13.,Not Possible
encounter_859,5,9,2,Ogre,2.0,A group of 2 Ogre(s) confronts a party of 5 adventurers at level 9.,Possible
encounter_1073,5,14,4,Troll,5.0,A group of 4 Troll(s) confronts a party of 5 adventurers at level 14.,Possible
encounter_720,2,3,3,Orc,0.5,A group of 3 Orc(s) confronts a party of 2 adventurers at level 3.,Possible
encounter_3718,3,7,1,Orc,0.5,A group of 1 Orc(s) confronts a party of 3 adventurers at level 7.,Possible
encounter_2632,1,9,1,Ogre,2.0,A group of 1 Ogre(s) confronts a party of 1 adventurers at level 9.,Possible
encounter_4874,2,2,7,Troll,5.0,A group of 7 Troll(s) confronts a party of 2 adventurers at level 2.,Not Possible
encounter_1661,3,3,7,Troll,5.0,A group of 7 Troll(s) confronts a party of 3 adventurers at level 3.,Not Possible
encounter_1657,4,18,5,Bugbear,1.0,A group of 5 Bugbear(s) confronts a party of 4 adventurers at level 18.,Possible
encounter_2426,1,1,5,Bugbear,1.0,A group of 5 Bugbear(s) confronts a party of 1 adventurers at level 1.,Not Possible
encounter_3525,3,8,9,Troll,5.0,A group of 9 Troll(s) confronts a party of 3 adventurers at level 8.,Not Possible
encounter_4230,4,12,7,Young Red Dragon,10.0,A group of 7 Young Red Dragon(s) confronts a party of 4 adventurers at level 12.,Not Possible
encounter_4975,1,15,9,Troll,5.0,A group of 9 Troll(s) confronts a party of 1 adventurers at level 15.,Not Possible
encounter_3310,4,5,5,Bugbear,1.0,A group of 5 Bugbear(s) confronts a party of 4 adventurers at level 5.,Possible
encounter_4477,4,18,3,Young Red Dragon,10.0,A group of 3 Young Red Dragon(s) confronts a party of 4 adventurers at level 18.,Possible
encounter_3306,5,8,1,Goblin,0.25,A group of 1 Goblin(s) confronts a party of 5 adventurers at level 8.,Possible
encounter_4752,1,4,4,Ogre,2.0,A group of 4 Ogre(s) confronts a party of 1 adventurers at level 4.,Not Possible
encounter_4127,4,12,6,Troll,5.0,A group of 6 Troll(s) confronts a party of 4 adventurers at level 12.,Possible
encounter_2607,1,3,4,Bugbear,1.0,A group of 4 Bugbear(s) confronts a party of 1 adventurers at level 3.,Not Possible
encounter_1386,3,4,5,Bugbear,1.0,A group of 5 Bugbear(s) confronts a party of 3 adventurers at level 4.,Possible
encounter_3836,5,15,8,Goblin,0.25,A group of 8 Goblin(s) confronts a party of 5 adventurers at level 15.,Possible
encounter_1400,3,4,5,Goblin,0.25,A group of 5 Goblin(s) confronts a party of 3 adventurers at level 4.,Possible
encounter_1196,4,10,3,Goblin,0.25,A group of 3 Goblin(s) confronts a party of 4 adventurers at level 10.,Possible
encounter_1409,1,15,4,Troll,5.0,A group of 4 Troll(s) confronts a party of 1 adventurers at level 15.,Not Possible
encounter_3825,5,6,9,Bugbear,1.0,A group of 9 Bugbear(s) confronts a party of 5 adventurers at level 6.,Possible
encounter_1799,1,6,5,Goblin,0.25,A group of 5 Goblin(s) confronts a party of 1 adventurers at level 6.,Possible
encounter_1476,5,9,3,Troll,5.0,A group of 3 Troll(s) confronts a party of 5 adventurers at level 9.,Possible
encounter_4966,3,8,7,Troll,5.0,A group of 7 Troll(s) confronts a party of 3 adventurers at level 8.,Not Possible
encounter_36,4,8,7,Ogre,2.0,A group of 7 Ogre(s) confronts a party of 4 adventurers at level 8.,Possible
encounter_3542,1,18,2,Troll,5.0,A group of 2 Troll(s) confronts a party of 1 adventurers at level 18.,Possible
encounter_2346,1,2,6,Bugbear,1.0,A group of 6 Bugbear(s) confronts a party of 1 adventurers at level 2.,Not Possible
encounter_4679,5,4,2,Ogre,2.0,A group of 2 Ogre(s) confronts a party of 5 adventurers at level 4.,Possible
encounter_2360,1,15,3,Young Red Dragon,10.0,A group of 3 Young Red Dragon(s) confronts a party of 1 adventurers at level 15.,Not Possible
encounter_2207,2,5,3,Young Red Dragon,10.0,A group of 3 Young Red Dragon(s) confronts a party of 2 adventurers at level 5.,Not Possible
encounter_3768,4,17,7,Young Red Dragon,10.0,A group of 7 Young Red Dragon(s) confronts a party of 4 adventurers at level 17.,Not Possible
encounter_1287,5,7,7,Ogre,2.0,A group of 7 Ogre(s) confronts a party of 5 adventurers at level 7.,Possible
encounter_350,4,15,9,Orc,0.5,A group of 9 Orc(s) confronts a party of 4 adventurers at level 15.,Possible
encounter_2138,4,6,4,Bugbear,1.0,A group of 4 Bugbear(s) confronts a party of 4 adventurers at level 6.,Possible
encounter_2692,4,16,6,Troll,5.0,A group of 6 Troll(s) confronts a party of 4 adventurers at level 16.,Possible
encounter_4561,4,12,9,Ogre,2.0,A group of 9 Ogre(s) confronts a party of 4 adventurers at level 12.,Possible
encounter_3968,2,1,1,Orc,0.5,A group of 1 Orc(s) confronts a party of 2 adventurers at level 1.,Possible
encounter_1682,3,7,3,Troll,5.0,A group of 3 Troll(s) confronts a party of 3 adventurers at level 7.,Possible
encounter_4835,5,11,6,Orc,0.5,A group of 6 Orc(s) confronts a party of 5 adventurers at level 11.,Possible
encounter_1444,1,9,4,Young Red Dragon,10.0,A group of 4 Young Red Dragon(s) confronts a party of 1 adventurers at level 9.,Not Possible
encounter_3244,2,5,7,Young Red Dragon,10.0,A group of 7 Young Red Dragon(s) confronts a party of 2 adventurers at level 5.,Not Possible
encounter_1672,5,18,7,Orc,0.5,A group of 7 Orc(s) confronts a party of 5 adventurers at level 18.,Possible
encounter_3837,2,11,6,Young Red Dragon,10.0,A group of 6 Young Red Dragon(s) confronts a party of 2 adventurers at level 11.,Not Possible
encounter_1180,2,5,3,Orc,0.5,A group of 3 Orc(s) confronts a party of 2 adventurers at level 5.,Possible
encounter_2799,4,10,1,Bugbear,1.0,A group of 1 Bugbear(s) confronts a party of 4 adventurers at level 10.,Possible
encounter_1693,4,16,6,Goblin,0.25,A group of 6 Goblin(s) confronts a party of 4 adventurers at level 16.,Possible
encounter_3957,2,18,5,Goblin,0.25,A group of 5 Goblin(s) confronts a party of 2 adventurers at level 18.,Possible
encounter_373,2,9,1,Bugbear,1.0,A group of 1 Bugbear(s) confronts a party of 2 adventurers at level 9.,Possible
encounter_3611,5,8,4,Young Red Dragon,10.0,A group of 4 Young Red Dragon(s) confronts a party of 5 adventurers at level 8.,Possible
encounter_1917,1,13,7,Bugbear,1.0,A group of 7 Bugbear(s) confronts a party of 1 adventurers at level 13.,Possible
encounter_1358,5,6,7,Troll,5.0,A group of 7 Troll(s) confronts a party of 5 adventurers at level 6.,Not Possible
encounter_1826,2,9,6,Bugbear,1.0,A group of 6 Bugbear(s) confronts a party of 2 adventurers at level 9.,Possible
encounter_787,3,16,6,Orc,0.5,A group of 6 Orc(s) confronts a party of 3 adventurers at level 16.,Possible
encounter_470,1,2,3,Troll,5.0,A group of 3 Troll(s) confronts a party of 1 adventurers at level 2.,Not Possible
encounter_141,2,9,4,Young Red Dragon,10.0,A group of 4 Young Red Dragon(s) confronts a party of 2 adventurers at level 9.,Not Possible
encounter_789,2,13,3,Bugbear,1.0,A group of 3 Bugbear(s) confronts a party of 2 adventurers at level 13.,Possible
encounter_324,3,14,8,Bugbear,1.0,A group of 8 Bugbear(s) confronts a party of 3 adventurers at level 14.,Possible
encounter_51,5,5,3,Troll,5.0,A group of 3 Troll(s) confronts a party of 5 adventurers at level 5.,Possible
encounter_715,4,2,9,Young Red Dragon,10.0,A group of 9 Young Red Dragon(s) confronts a party of 4 adventurers at level 2.,Not Possible
encounter_4890,3,6,1,Bugbear,1.0,A group of 1 Bugbear(s) confronts a party of 3 adventurers at level 6.,Possible
encounter_2841,5,18,7,Troll,5.0,A group of 7 Troll(s) confronts a party of 5 adventurers at level 18.,Possible
encounter_2447,5,13,6,Ogre,2.0,A group of 6 Ogre(s) confronts a party of 5 adventurers at level 13.,Possible
encounter_4814,3,16,3,Troll,5.0,A group of 3 Troll(s) confronts a party of 3 adventurers at level 16.,Possible
encounter_4420,5,8,8,Young Red Dragon,10.0,A group of 8 Young Red Dragon(s) confronts a party of 5 adventurers at level 8.,Not Possible
encounter_4597,5,8,1,Bugbear,1.0,A group of 1 Bugbear(s) confronts a party of 5 adventurers at level 8.,Possible
encounter_3016,4,1,3,Ogre,2.0,A group of 3 Ogre(s) confronts a party of 4 adventurers at level 1.,Not Possible
encounter_2667,5,4,8,Orc,0.5,A group of 8 Orc(s) confronts a party of 5 adventurers at level 4.,Possible
encounter_407,5,3,8,Ogre,2.0,A group of 8 Ogre(s) confronts a party of 5 adventurers at level 3.,Not Possible
encounter_3725,4,8,2,Troll,5.0,A group of 2 Troll(s) confronts a party of 4 adventurers at level 8.,Possible
encounter_1005,2,12,2,Bugbear,1.0,A group of 2 Bugbear(s) confronts a party of 2 adventurers at level 12.,Possible
encounter_3788,4,5,5,Bugbear,1.0,A group of 5 Bugbear(s) confronts a party of 4 adventurers at level 5.,Possible
encounter_891,4,9,2,Goblin,0.25,A group of 2 Goblin(s) confronts a party of 4 adventurers at level 9.,Possible
encounter_2412,3,10,3,Troll,5.0,A group of 3 Troll(s) confronts a party of 3 adventurers at level 10.,Possible
encounter_2546,1,19,9,Orc,0.5,A group of 9 Orc(s) confronts a party of 1 adventurers at level 19.,Possible
encounter_4834,5,14,6,Goblin,0.25,A group of 6 Goblin(s) confronts a party of 5 adventurers at level 14.,Possible
encounter_2391,4,12,5,Orc,0.5,A group of 5 Orc(s) confronts a party of 4 adventurers at level 12.,Possible
encounter_3941,1,17,1,Goblin,0.25,A group of 1 Goblin(s) confronts a party of 1 adventurers at level 17.,Possible
encounter_43,2,9,1,Bugbear,1.0,A group of 1 Bugbear(s) confronts a party of 2 adventurers at level 9.,Possible
encounter_2831,3,15,8,Ogre,2.0,A group of 8 Ogre(s) confronts a party of 3 adventurers at level 15.,Possible
encounter_3966,4,6,1,Young Red Dragon,10.0,A group of 1 Young Red Dragon(s) confronts a party of 4 adventurers at level 6.,Possible
encounter_304,1,17,7,Bugbear,1.0,A group of 7 Bugbear(s) confronts a party of 1 adventurers at level 17.,Possible
encounter_4514,2,11,7,Troll,5.0,A group of 7 Troll(s) confronts a party of 2 adventurers at level 11.,Not Possible
encounter_3748,5,1,6,Young Red Dragon,10.0,A group of 6 Young Red Dragon(s) confronts a party of 5 adventurers at level 1.,Not Possible
encounter_665,3,2,4,Bugbear,1.0,A group of 4 Bugbear(s) confronts a party of 3 adventurers at level 2.,Possible
encounter_1178,5,10,8,Goblin,0.25,A group of 8 Goblin(s) confronts a party of 5 adventurers at level 10.,Possible
encounter_2677,4,19,8,Young Red Dragon,10.0,A group of 8 Young Red Dragon(s) confronts a party of 4 adventurers at level 19.,Not Possible
encounter_1948,4,13,8,Ogre,2.0,A group of 8 Ogre(s) confronts a party of 4 adventurers at level 13.,Possible
encounter_2502,3,14,7,Ogre,2.0,A group of 7 Ogre(s) confronts a party of 3 adventurers at level 14.,Possible
encounter_1474,4,7,3,Bugbear,1.0,A group of 3 Bugbear(s) confronts a party of 4 adventurers at level 7.,Possible
encounter_3484,3,18,4,Ogre,2.0,A group of 4 Ogre(s) confronts a party of 3 adventurers at level 18.,Possible
encounter_3521,5,18,8,Ogre,2.0,A group of 8 Ogre(s) confronts a party of 5 adventurers at level 18.,Possible
encounter_2133,2,4,1,Goblin,0.25,A group of 1 Goblin(s) confronts a party of 2 adventurers at level 4.,Possible
encounter_1027,2,1,2,Troll,5.0,A group of 2 Troll(s) confronts a party of 2 adventurers at level 1.,Not Possible
encounter_962,1,13,1,Young Red Dragon,10.0,A group of 1 Young Red Dragon(s) confronts a party of 1 adventurers at level 13.,Possible
encounter_2890,4,14,7,Troll,5.0,A group of 7 Troll(s) confronts a party of 4 adventurers at level 14.,Possible
encounter_3135,1,19,7,Troll,5.0,A group of 7 Troll(s) confronts a party of 1 adventurers at level 19.,Not Possible
encounter_2010,4,12,7,Troll,5.0,A group of 7 Troll(s) confronts a party of 4 adventurers at level 12.,Possible
encounter_2150,1,12,3,Goblin,0.25,A group of 3 Goblin(s) confronts a party of 1 adventurers at level 12.,Possible
encounter_3324,4,15,8,Troll,5.0,A group of 8 Troll(s) confronts a party of 4 adventurers at level 15.,Possible
encounter_2339,3,12,9,Orc,0.5,A group of 9 Orc(s) confronts a party of 3 adventurers at level 12.,Possible
encounter_3889,4,6,9,Orc,0.5,A group of 9 Orc(s) confronts a party of 4 adventurers at level 6.,Possible
encounter_305,4,2,8,Ogre,2.0,A group of 8 Ogre(s) confronts a party of 4 adventurers at level 2.,Not Possible
encounter_1441,2,18,2,Troll,5.0,A group of 2 Troll(s) confronts a party of 2 adventurers at level 18.,Possible
encounter_1497,5,6,1,Young Red Dragon,10.0,A group of 1 Young Red Dragon(s) confronts a party of 5 adventurers at level 6.,Possible
encounter_2653,3,11,5,Young Red Dragon,10.0,A group of 5 Young Red Dragon(s) confronts a party of 3 adventurers at level 11.,Not Possible
encounter_2876,5,16,4,Troll,5.0,A group of 4 Troll(s) confronts a party of 5 adventurers at level 16.,Possible
encounter_917,2,4,3,Young Red Dragon,10.0,A group of 3 Young Red Dragon(s) confronts a party of 2 adventurers at level 4.,Not Possible
encounter_4183,3,8,4,Bugbear,1.0,A group of 4 Bugbear(s) confronts a party of 3 adventurers at level 8.,Possible
encounter_3722,1,15,2,Troll,5.0,A group of 2 Troll(s) confronts a party of 1 adventurers at level 15.,Possible
encounter_2773,3,17,8,Orc,0.5,A group of 8 Orc(s) confronts a party of 3 adventurers at level 17.,Possible
encounter_1625,3,16,4,Troll,5.0,A group of 4 Troll(s) confronts a party of 3 adventurers at level 16.,Possible
encounter_3838,4,13,4,Orc,0.5,A group of 4 Orc(s) confronts a party of 4 adventurers at level 13.,Possible
encounter_822,3,12,4,Orc,0.5,A group of 4 Orc(s) confronts a party of 3 adventurers at level 12.,Possible
encounter_3965,2,3,9,Troll,5.0,A group of 9 Troll(s) confronts a party of 2 adventurers at level 3.,Not Possible
encounter_1355,2,15,2,Troll,5.0,A group of 2 Troll(s) confronts a party of 2 adventurers at level 15.,Possible
encounter_4498,5,9,2,Ogre,2.0,A group of 2 Ogre(s) confronts a party of 5 adventurers at level 9.,Possible
encounter_851,5,4,7,Young Red Dragon,10.0,A group of 7 Young Red Dragon(s) confronts a party of 5 adventurers at level 4.,Not Possible
encounter_1001,3,7,1,Ogre,2.0,A group of 1 Ogre(s) confronts a party of 3 adventurers at level 7.,Possible
encounter_3378,5,12,7,Troll,5.0,A group of 7 Troll(s) confronts a party of 5 adventurers at level 12.,Possible
encounter_19,1,11,3,Ogre,2.0,A group of 3 Ogre(s) confronts a party of 1 adventurers at level 11.,Possible
encounter_1638,3,1,1,Troll,5.0,A group of 1 Troll(s) confronts a party of 3 adventurers at level 1.,Not Possible
encounter_1668,3,15,4,Orc,0.5,A group of 4 Orc(s) confronts a party of 3 adventurers at level 15.,Possible
encounter_494,1,7,4,Bugbear,1.0,A group of 4 Bugbear(s) confronts a party of 1 adventurers at level 7.,Possible
encounter_1348,1,14,4,Ogre,2.0,A group of 4 Ogre(s) confronts a party of 1 adventurers at level 14.,Possible
encounter_3728,3,19,9,Orc,0.5,A group of 9 Orc(s) confronts a party of 3 adventurers at level 19.,Possible
encounter_4826,2,9,4,Young Red Dragon,10.0,A group of 4 Young Red Dragon(s) confronts a party of 2 adventurers at level 9.,Not Possible
encounter_3615,3,19,4,Orc,0.5,A group of 4 Orc(s) confronts a party of 3 adventurers at level 19.,Possible
encounter_3482,1,2,1,Young Red Dragon,10.0,A group of 1 Young Red Dragon(s) confronts a party of 1 adventurers at level 2.,Not Possible
encounter_688,5,19,7,Ogre,2.0,A group of 7 Ogre(s) confronts a party of 5 adventurers at level 19.,Possible
encounter_3732,2,3,3,Goblin,0.25,A group of 3 Goblin(s) confronts a party of 2 adventurers at level 3.,Possible
encounter_1609,2,8,2,Orc,0.5,A group of 2 Orc(s) confronts a party of 2 adventurers at level 8.,Possible
encounter_4085,5,2,3,Young Red Dragon,10.0,A group of 3 Young Red Dragon(s) confronts a party of 5 adventurers at level 2.,Not Possible
encounter_3403,4,11,6,Bugbear,1.0,A group of 6 Bugbear(s) confronts a party of 4 adventurers at level 11.,Possible
encounter_1010,1,10,7,Goblin,0.25,A group of 7 Goblin(s) confronts a party of 1 adventurers at level 10.,Possible
encounter_2409,4,9,8,Young Red Dragon,10.0,A group of 8 Young Red Dragon(s) confronts a party of 4 adventurers at level 9.,Not Possible
encounter_1093,1,16,4,Troll,5.0,A group of 4 Troll(s) confronts a party of 1 adventurers at level 16.,Not Possible
encounter_1328,3,12,7,Bugbear,1.0,A group of 7 Bugbear(s) confronts a party of 3 adventurers at level 12.,Possible
encounter_1678,2,9,8,Orc,0.5,A group of 8 Orc(s) confronts a party of 2 adventurers at level 9.,Possible
encounter_2000,3,3,5,Orc,0.5,A group of 5 Orc(s) confronts a party of 3 adventurers at level 3.,Possible
encounter_1311,4,5,5,Orc,0.5,A group of 5 Orc(s) confronts a party of 4 adventurers at level 5.,Possible
encounter_3259,2,16,8,Young Red Dragon,10.0,A group of 8 Young Red Dragon(s) confronts a party of 2 adventurers at level 16.,Not Possible
encounter_1988,3,2,3,Bugbear,1.0,A group of 3 Bugbear(s) confronts a party of 3 adventurers at level 2.,Possible
encounter_3649,1,1,5,Goblin,0.25,A group of 5 Goblin(s) confronts a party of 1 adventurers at level 1.,Not Possible
encounter_345,2,2,5,Bugbear,1.0,A group of 5 Bugbear(s) confronts a party of 2 adventurers at level 2.,Not Possible
encounter_4483,2,17,7,Bugbear,1.0,A group of 7 Bugbear(s) confronts a party of 2 adventurers at level 17.,Possible
encounter_987,2,11,1,Goblin,0.25,A group of 1 Goblin(s) confronts a party of 2 adventurers at level 11.,Possible
encounter_4545,2,9,4,Orc,0.5,A group of 4 Orc(s) confronts a party of 2 adventurers at level 9.,Possible
encounter_3808,4,7,8,Goblin,0.25,A group of 8 Goblin(s) confronts a party of 4 adventurers at level 7.,Possible
encounter_4524,1,5,1,Young Red Dragon,10.0,A group of 1 Young Red Dragon(s) confronts a party of 1 adventurers at level 5.,Not Possible
encounter_4003,5,8,4,Orc,0.5,A group of 4 Orc(s) confronts a party of 5 adventurers at level 8.,Possible
encounter_3092,4,11,8,Troll,5.0,A group of 8 Troll(s) confronts a party of 4 adventurers at level 11.,Possible
encounter_3962,2,4,9,Ogre,2.0,A group of 9 Ogre(s) confronts a party of 2 adventurers at level 4.,Not Possible
encounter_1143,3,8,6,Goblin,0.25,A group of 6 Goblin(s) confronts a party of 3 adventurers at level 8.,Possible
encounter_2359,4,3,7,Troll,5.0,A group of 7 Troll(s) confronts a party of 4 adventurers at level 3.,Not Possible
encounter_1199,2,19,5,Troll,5.0,A group of 5 Troll(s) confronts a party of 2 adventurers at level 19.,Possible
encounter_86,5,5,2,Orc,0.5,A group of 2 Orc(s) confronts a party of 5 adventurers at level 5.,Possible
encounter_1519,4,12,1,Orc,0.5,A group of 1 Orc(s) confronts a party of 4 adventurers at level 12.,Possible
encounter_517,2,1,7,Troll,5.0,A group of 7 Troll(s) confronts a party of 2 adventurers at level 1.,Not Possible
encounter_1382,3,3,9,Young Red Dragon,10.0,A group of 9 Young Red Dragon(s) confronts a party of 3 adventurers at level 3.,Not Possible
encounter_2717,1,3,7,Bugbear,1.0,A group of 7 Bugbear(s) confronts a party of 1 adventurers at level 3.,Not Possible
encounter_3085,3,6,2,Orc,0.5,A group of 2 Orc(s) confronts a party of 3 adventurers at level 6.,Possible
encounter_1015,3,17,3,Goblin,0.25,A group of 3 Goblin(s) confronts a party of 3 adventurers at level 17.,Possible
encounter_129,2,5,2,Goblin,0.25,A group of 2 Goblin(s) confronts a party of 2 adventurers at level 5.,Possible
encounter_1365,1,13,8,Goblin,0.25,A group of 8 Goblin(s) confronts a party of 1 adventurers at level 13.,Possible
encounter_3624,1,15,7,Orc,0.5,A group of 7 Orc(s) confronts a party of 1 adventurers at level 15.,Possible
encounter_4971,5,5,5,Orc,0.5,A group of 5 Orc(s) confronts a party of 5 adventurers at level 5.,Possible
encounter_892,1,18,8,Young Red Dragon,10.0,A group of 8 Young Red Dragon(s) confronts a party of 1 adventurers at level 18.,Not Possible
encounter_2794,3,5,9,Bugbear,1.0,A group of 9 Bugbear(s) confronts a party of 3 adventurers at level 5.,Possible
encounter_4239,3,7,2,Bugbear,1.0,A group of 2 Bugbear(s) confronts a party of 3 adventurers at level 7.,Possible
encounter_1360,3,18,4,Troll,5.0,A group of 4 Troll(s) confronts a party of 3 adventurers at level 18.,Possible
encounter_308,1,19,5,Goblin,0.25,A group of 5 Goblin(s) confronts a party of 1 adventurers at level 19.,Possible
encounter_1662,5,16,1,Bugbear,1.0,A group of 1 Bugbear(s) confronts a party of 5 adventurers at level 16.,Possible
encounter_2432,2,6,3,Troll,5.0,A group of 3 Troll(s) confronts a party of 2 adventurers at level 6.,Not Possible
encounter_3935,1,17,9,Ogre,2.0,A group of 9 Ogre(s) confronts a party of 1 adventurers at level 17.,Not Possible
encounter_1318,5,15,5,Troll,5.0,A group of 5 Troll(s) confronts a party of 5 adventurers at level 15.,Possible
encounter_4304,1,13,6,Orc,0.5,A group of 6 Orc(s) confronts a party of 1 adventurers at level 13.,Possible
encounter_2475,3,17,5,Ogre,2.0,A group of 5 Ogre(s) confronts a party of 3 adventurers at level 17.,Possible
encounter_2543,2,15,8,Bugbear,1.0,A group of 8 Bugbear(s) confronts a party of 2 adventurers at level 15.,Possible
encounter_1247,5,17,2,Goblin,0.25,A group of 2 Goblin(s) confronts a party of 5 adventurers at level 17.,Possible
encounter_1209,2,18,9,Orc,0.5,A group of 9 Orc(s) confronts a party of 2 adventurers at level 18.,Possible
encounter_217,3,17,6,Young Red Dragon,10.0,A group of 6 Young Red Dragon(s) confronts a party of 3 adventurers at level 17.,Not Possible
encounter_4293,1,18,4,Orc,0.5,A group of 4 Orc(s) confronts a party of 1 adventurers at level 18.,Possible
encounter_3063,2,10,3,Orc,0.5,A group of 3 Orc(s) confronts a party of 2 adventurers at level 10.,Possible
encounter_1240,1,18,1,Goblin,0.25,A group of 1 Goblin(s) confronts a party of 1 adventurers at level 18.,Possible
encounter_2290,4,9,5,Young Red Dragon,10.0,A group of 5 Young Red Dragon(s) confronts a party of 4 adventurers at level 9.,Not Possible
encounter_2741,1,6,1,Ogre,2.0,A group of 1 Ogre(s) confronts a party of 1 adventurers at level 6.,Possible
encounter_276,1,7,3,Young Red Dragon,10.0,A group of 3 Young Red Dragon(s) confronts a party of 1 adventurers at level 7.,Not Possible
encounter_490,3,12,1,Young Red Dragon,10.0,A group of 1 Young Red Dragon(s) confronts a party of 3 adventurers at level 12.,Possible
encounter_1036,5,15,5,Young Red Dragon,10.0,A group of 5 Young Red Dragon(s) confronts a party of 5 adventurers at level 15.,Possible
encounter_1230,4,4,8,Orc,0.5,A group of 8 Orc(s) confronts a party of 4 adventurers at level 4.,Possible
encounter_4586,1,7,3,Young Red Dragon,10.0,A group of 3 Young Red Dragon(s) confronts a party of 1 adventurers at level 7.,Not Possible
encounter_1009,2,16,8,Ogre,2.0,A group of 8 Ogre(s) confronts a party of 2 adventurers at level 16.,Possible
encounter_4690,2,19,4,Troll,5.0,A group of 4 Troll(s) confronts a party of 2 adventurers at level 19.,Possible
encounter_4027,1,5,8,Goblin,0.25,A group of 8 Goblin(s) confronts a party of 1 adventurers at level 5.,Possible
encounter_3183,5,2,5,Goblin,0.25,A group of 5 Goblin(s) confronts a party of 5 adventurers at level 2.,Possible
encounter_2533,3,6,9,Goblin,0.25,A group of 9 Goblin(s) confronts a party of 3 adventurers at level 6.,Possible
encounter_4170,4,12,5,Troll,5.0,A group of 5 Troll(s) confronts a party of 4 adventurers at level 12.,Possible
encounter_1059,5,12,1,Orc,0.5,A group of 1 Orc(s) confronts a party of 5 adventurers at level 12.,Possible
encounter_2167,3,8,1,Ogre,2.0,A group of 1 Ogre(s) confronts a party of 3 adventurers at level 8.,Possible
encounter_4579,1,3,2,Ogre,2.0,A group of 2 Ogre(s) confronts a party of 1 adventurers at level 3.,Not Possible
encounter_282,3,19,7,Ogre,2.0,A group of 7 Ogre(s) confronts a party of 3 adventurers at level 19.,Possible
encounter_3566,4,9,1,Orc,0.5,A group of 1 Orc(s) confronts a party of 4 adventurers at level 9.,Possible
encounter_1317,1,17,5,Bugbear,1.0,A group of 5 Bugbear(s) confronts a party of 1 adventurers at level 17.,Possible
encounter_4979,2,9,5,Bugbear,1.0,A group of 5 Bugbear(s) confronts a party of 2 adventurers at level 9.,Possible
encounter_969,2,14,3,Orc,0.5,A group of 3 Orc(s) confronts a party of 2 adventurers at level 14.,Possible
encounter_3127,3,15,8,Troll,5.0,A group of 8 Troll(s) confronts a party of 3 adventurers at level 15.,Possible
encounter_3921,4,19,9,Ogre,2.0,A group of 9 Ogre(s) confronts a party of 4 adventurers at level 19.,Possible
encounter_3167,3,8,3,Orc,0.5,A group of 3 Orc(s) confronts a party of 3 adventurers at level 8.,Possible
encounter_3520,5,19,8,Goblin,0.25,A group of 8 Goblin(s) confronts a party of 5 adventurers at level 19.,Possible
encounter_620,3,19,2,Troll,5.0,A group of 2 Troll(s) confronts a party of 3 adventurers at level 19.,Possible
encounter_3347,5,5,2,Bugbear,1.0,A group of 2 Bugbear(s) confronts a party of 5 adventurers at level 5.,Possible
encounter_1743,4,5,2,Ogre,2.0,A group of 2 Ogre(s) confronts a party of 4 adventurers at level 5.,Possible
encounter_1391,4,1,8,Orc,0.5,A group of 8 Orc(s) confronts a party of 4 adventurers at level 1.,Possible
encounter_4051,3,19,3,Orc,0.5,A group of 3 Orc(s) confronts a party of 3 adventurers at level 19.,Possible
encounter_1848,2,8,8,Goblin,0.25,A group of 8 Goblin(s) confronts a party of 2 adventurers at level 8.,Possible
encounter_1580,5,17,7,Orc,0.5,A group of 7 Orc(s) confronts a party of 5 adventurers at level 17.,Possible
encounter_1656,1,15,9,Troll,5.0,A group of 9 Troll(s) confronts a party of 1 adventurers at level 15.,Not Possible
encounter_2353,5,15,8,Bugbear,1.0,A group of 8 Bugbear(s) confronts a party of 5 adventurers at level 15.,Possible
encounter_2213,3,18,7,Goblin,0.25,A group of 7 Goblin(s) confronts a party of 3 adventurers at level 18.,Possible
encounter_2021,3,16,2,Troll,5.0,A group of 2 Troll(s) confronts a party of 3 adventurers at level 16.,Possible
encounter_4973,3,13,8,Ogre,2.0,A group of 8 Ogre(s) confronts a party of 3 adventurers at level 13.,Possible
encounter_1957,1,14,6,Goblin,0.25,A group of 6 Goblin(s) confronts a party of 1 adventurers at level 14.,Possible
encounter_1308,3,3,6,Young Red Dragon,10.0,A group of 6 Young Red Dragon(s) confronts a party of 3 adventurers at level 3.,Not Possible
encounter_2004,1,1,4,Troll,5.0,A group of 4 Troll(s) confronts a party of 1 adventurers at level 1.,Not Possible
encounter_4456,2,15,9,Orc,0.5,A group of 9 Orc(s) confronts a party of 2 adventurers at level 15.,Possible
encounter_576,5,15,1,Bugbear,1.0,A group of 1 Bugbear(s) confronts a party of 5 adventurers at level 15.,Possible
encounter_4090,1,5,4,Goblin,0.25,A group of 4 Goblin(s) confronts a party of 1 adventurers at level 5.,Possible
encounter_4320,4,16,1,Young Red Dragon,10.0,A group of 1 Young Red Dragon(s) confronts a party of 4 adventurers at level 16.,Possible
encounter_4437,4,14,8,Goblin,0.25,A group of 8 Goblin(s) confronts a party of 4 adventurers at level 14.,Possible
encounter_1707,3,18,7,Goblin,0.25,A group of 7 Goblin(s) confronts a party of 3 adventurers at level 18.,Possible
encounter_3743,1,14,5,Ogre,2.0,A group of 5 Ogre(s) confronts a party of 1 adventurers at level 14.,Possible
encounter_3471,2,8,1,Ogre,2.0,A group of 1 Ogre(s) confronts a party of 2 adventurers at level 8.,Possible
encounter_1281,3,17,8,Bugbear,1.0,A group of 8 Bugbear(s) confronts a party of 3 adventurers at level 17.,Possible
encounter_862,3,19,7,Orc,0.5,A group of 7 Orc(s) confronts a party of 3 adventurers at level 19.,Possible
encounter_4146,4,2,3,Goblin,0.25,A group of 3 Goblin(s) confronts a party of 4 adventurers at level 2.,Possible
encounter_1802,1,11,7,Goblin,0.25,A group of 7 Goblin(s) confronts a party of 1 adventurers at level 11.,Possible
encounter_1629,2,13,5,Young Red Dragon,10.0,A group of 5 Young Red Dragon(s) confronts a party of 2 adventurers at level 13.,Not Possible
encounter_1994,5,8,1,Ogre,2.0,A group of 1 Ogre(s) confronts a party of 5 adventurers at level 8.,Possible
encounter_2640,3,4,1,Orc,0.5,A group of 1 Orc(s) confronts a party of 3 adventurers at level 4.,Possible
encounter_270,1,7,1,Ogre,2.0,A group of 1 Ogre(s) confronts a party of 1 adventurers at level 7.,Possible
encounter_630,4,5,7,Bugbear,1.0,A group of 7 Bugbear(s) confronts a party of 4 adventurers at level 5.,Possible
encounter_3082,2,5,7,Ogre,2.0,A group of 7 Ogre(s) confronts a party of 2 adventurers at level 5.,Not Possible
encounter_2335,4,1,6,Bugbear,1.0,A group of 6 Bugbear(s) confronts a party of 4 adventurers at level 1.,Not Possible
encounter_2967,5,14,3,Goblin,0.25,A group of 3 Goblin(s) confronts a party of 5 adventurers at level 14.,Possible
encounter_301,3,16,7,Goblin,0.25,A group of 7 Goblin(s) confronts a party of 3 adventurers at level 16.,Possible
encounter_460,2,9,4,Ogre,2.0,A group of 4 Ogre(s) confronts a party of 2 adventurers at level 9.,Possible
encounter_1448,4,15,4,Orc,0.5,A group of 4 Orc(s) confronts a party of 4 adventurers at level 15.,Possible
encounter_1473,5,6,7,Orc,0.5,A group of 7 Orc(s) confronts a party of 5 adventurers at level 6.,Possible
encounter_2047,1,7,1,Orc,0.5,A group of 1 Orc(s) confronts a party of 1 adventurers at level 7.,Possible
encounter_4229,4,16,4,Orc,0.5,A group of 4 Orc(s) confronts a party of 4 adventurers at level 16.,Possible
encounter_3765,3,14,8,Young Red Dragon,10.0,A group of 8 Young Red Dragon(s) confronts a party of 3 adventurers at level 14.,Not Possible
encounter_2114,4,3,2,Goblin,0.25,A group of 2 Goblin(s) confronts a party of 4 adventurers at level 3.,Possible
encounter_28,5,1,5,Goblin,0.25,A group of 5 Goblin(s) confronts a party of 5 adventurers at level 1.,Possible
encounter_3840,3,9,3,Bugbear,1.0,A group of 3 Bugbear(s) confronts a party of 3 adventurers at level 9.,Possible
encounter_4523,5,5,2,Goblin,0.25,A group of 2 Goblin(s) confronts a party of 5 adventurers at level 5.,Possible
encounter_838,4,10,3,Goblin,0.25,A group of 3 Goblin(s) confronts a party of 4 adventurers at level 10.,Possible
encounter_3827,2,19,8,Troll,5.0,A group of 8 Troll(s) confronts a party of 2 adventurers at level 19.,Not Possible
encounter_2009,1,16,3,Troll,5.0,A group of 3 Troll(s) confronts a party of 1 adventurers at level 16.,Possible
encounter_4908,4,11,5,Orc,0.5,A group of 5 Orc(s) confronts a party of 4 adventurers at level 11.,Possible
encounter_504,3,2,2,Bugbear,1.0,A group of 2 Bugbear(s) confronts a party of 3 adventurers at level 2.,Possible
encounter_3207,1,2,7,Young Red Dragon,10.0,A group of 7 Young Red Dragon(s) confronts a party of 1 adventurers at level 2.,Not Possible
encounter_4305,4,14,3,Orc,0.5,A group of 3 Orc(s) confronts a party of 4 adventurers at level 14.,Possible
encounter_381,3,5,7,Troll,5.0,A group of 7 Troll(s) confronts a party of 3 adventurers at level 5.,Not Possible
encounter_1852,3,14,4,Bugbear,1.0,A group of 4 Bugbear(s) confronts a party of 3 adventurers at level 14.,Possible
encounter_1526,4,5,9,Goblin,0.25,A group of 9 Goblin(s) confronts a party of 4 adventurers at level 5.,Possible
encounter_2366,3,8,2,Orc,0.5,A group of 2 Orc(s) confronts a party of 3 adventurers at level 8.,Possible
encounter_4148,2,6,9,Bugbear,1.0,A group of 9 Bugbear(s) confronts a party of 2 adventurers at level 6.,Possible
encounter_3053,5,3,9,Bugbear,1.0,A group of 9 Bugbear(s) confronts a party of 5 adventurers at level 3.,Possible
encounter_2885,2,2,7,Goblin,0.25,A group of 7 Goblin(s) confronts a party of 2 adventurers at level 2.,Possible
encounter_2341,2,11,5,Young Red Dragon,10.0,A group of 5 Young Red Dragon(s) confronts a party of 2 adventurers at level 11.,Not Possible
encounter_375,1,6,9,Troll,5.0,A group of 9 Troll(s) confronts a party of 1 adventurers at level 6.,Not Possible
encounter_3261,5,17,8,Bugbear,1.0,A group of 8 Bugbear(s) confronts a party of 5 adventurers at level 17.,Possible
encounter_2382,5,2,4,Orc,0.5,A group of 4 Orc(s) confronts a party of 5 adventurers at level 2.,Possible
encounter_4310,5,1,7,Bugbear,1.0,A group of 7 Bugbear(s) confronts a party of 5 adventurers at level 1.,Not Possible
encounter_940,3,17,1,Troll,5.0,A group of 1 Troll(s) confronts a party of 3 adventurers at level 17.,Possible
encounter_4199,1,9,5,Bugbear,1.0,A group of 5 Bugbear(s) confronts a party of 1 adventurers at level 9.,Possible
encounter_4166,5,2,7,Bugbear,1.0,A group of 7 Bugbear(s) confronts a party of 5 adventurers at level 2.,Possible
encounter_2800,3,10,7,Orc,0.5,A group of 7 Orc(s) confronts a party of 3 adventurers at level 10.,Possible
encounter_2148,1,2,5,Young Red Dragon,10.0,A group of 5 Young Red Dragon(s) confronts a party of 1 adventurers at level 2.,Not Possible
encounter_3818,5,11,9,Young Red Dragon,10.0,A group of 9 Young Red Dragon(s) confronts a party of 5 adventurers at level 11.,Not Possible
encounter_4541,2,19,7,Goblin,0.25,A group of 7 Goblin(s) confronts a party of 2 adventurers at level 19.,Possible
encounter_4217,1,10,9,Young Red Dragon,10.0,A group of 9 Young Red Dragon(s) confronts a party of 1 adventurers at level 10.,Not Possible
encounter_2069,2,19,6,Goblin,0.25,A group of 6 Goblin(s) confronts a party of 2 adventurers at level 19.,Possible
encounter_530,3,5,4,Troll,5.0,A group of 4 Troll(s) confronts a party of 3 adventurers at level 5.,Not Possible
encounter_4605,1,3,3,Young Red Dragon,10.0,A group of 3 Young Red Dragon(s) confronts a party of 1 adventurers at level 3.,Not Possible
encounter_637,4,5,2,Orc,0.5,A group of 2 Orc(s) confronts a party of 4 adventurers at level 5.,Possible
encounter_1270,4,8,1,Bugbear,1.0,A group of 1 Bugbear(s) confronts a party of 4 adventurers at level 8.,Possible
encounter_186,2,4,2,Bugbear,1.0,A group of 2 Bugbear(s) confronts a party of 2 adventurers at level 4.,Possible
encounter_4350,3,16,7,Young Red Dragon,10.0,A group of 7 Young Red Dragon(s) confronts a party of 3 adventurers at level 16.,Not Possible
encounter_3180,5,1,8,Troll,5.0,A group of 8 Troll(s) confronts a party of 5 adventurers at level 1.,Not Possible
encounter_3455,4,6,9,Goblin,0.25,A group of 9 Goblin(s) confronts a party of 4 adventurers at level 6.,Possible
encounter_1798,2,13,5,Bugbear,1.0,A group of 5 Bugbear(s) confronts a party of 2 adventurers at level 13.,Possible
encounter_2980,2,19,5,Troll,5.0,A group of 5 Troll(s) confronts a party of 2 adventurers at level 19.,Possible
encounter_1442,4,16,8,Bugbear,1.0,A group of 8 Bugbear(s) confronts a party of 4 adventurers at level 16.,Possible
encounter_3428,2,17,7,Ogre,2.0,A group of 7 Ogre(s) confronts a party of 2 adventurers at level 17.,Possible
encounter_4875,1,15,1,Orc,0.5,A group of 1 Orc(s) confronts a party of 1 adventurers at level 15.,Possible
encounter_1536,4,12,9,Bugbear,1.0,A group of 9 Bugbear(s) confronts a party of 4 adventurers at level 12.,Possible
encounter_3444,2,14,6,Orc,0.5,A group of 6 Orc(s) confronts a party of 2 adventurers at level 14.,Possible
encounter_1274,4,4,6,Troll,5.0,A group of 6 Troll(s) confronts a party of 4 adventurers at level 4.,Not Possible
encounter_2468,2,5,5,Orc,0.5,A group of 5 Orc(s) confronts a party of 2 adventurers at level 5.,Possible
encounter_608,5,17,8,Goblin,0.25,A group of 8 Goblin(s) confronts a party of 5 adventurers at level 17.,Possible
encounter_3514,1,15,2,Ogre,2.0,A group of 2 Ogre(s) confronts a party of 1 adventurers at level 15.,Possible
encounter_1713,1,18,5,Bugbear,1.0,A group of 5 Bugbear(s) confronts a party of 1 adventurers at level 18.,Possible
encounter_2200,1,9,5,Bugbear,1.0,A group of 5 Bugbear(s) confronts a party of 1 adventurers at level 9.,Possible
encounter_956,4,11,2,Bugbear,1.0,A group of 2 Bugbear(s) confronts a party of 4 adventurers at level 11.,Possible
encounter_2580,3,6,4,Troll,5.0,A group of 4 Troll(s) confronts a party of 3 adventurers at level 6.,Not Possible
encounter_3898,1,4,7,Young Red Dragon,10.0,A group of 7 Young Red Dragon(s) confronts a party of 1 adventurers at level 4.,Not Possible
encounter_4426,3,9,4,Goblin,0.25,A group of 4 Goblin(s) confronts a party of 3 adventurers at level 9.,Possible
encounter_3381,5,16,8,Young Red Dragon,10.0,A group of 8 Young Red Dragon(s) confronts a party of 5 adventurers at level 16.,Possible
encounter_3686,1,14,9,Troll,5.0,A group of 9 Troll(s) confronts a party of 1 adventurers at level 14.,Not Possible
encounter_404,1,6,3,Bugbear,1.0,A group of 3 Bugbear(s) confronts a party of 1 adventurers at level 6.,Possible
encounter_2072,4,16,9,Ogre,2.0,A group of 9 Ogre(s) confronts a party of 4 adventurers at level 16.,Possible
encounter_4756,5,10,9,Ogre,2.0,A group of 9 Ogre(s) confronts a party of 5 adventurers at level 10.,Possible
encounter_1978,4,3,5,Orc,0.5,A group of 5 Orc(s) confronts a party of 4 adventurers at level 3.,Possible
encounter_159,2,3,7,Young Red Dragon,10.0,A group of 7 Young Red Dragon(s) confronts a party of 2 adventurers at level 3.,Not Possible
encounter_1749,5,1,1,Bugbear,1.0,A group of 1 Bugbear(s) confronts a party of 5 adventurers at level 1.,Possible
encounter_2910,4,1,5,Ogre,2.0,A group of 5 Ogre(s) confronts a party of 4 adventurers at level 1.,Not Possible
encounter_3535,5,3,6,Goblin,0.25,A group of 6 Goblin(s) confronts a party of 5 adventurers at level 3.,Possible
encounter_903,3,18,5,Orc,0.5,A group of 5 Orc(s) confronts a party of 3 adventurers at level 18.,Possible
encounter_353,5,18,4,Bugbear,1.0,A group of 4 Bugbear(s) confronts a party of 5 adventurers at level 18.,Possible
encounter_1231,3,14,9,Goblin,0.25,A group of 9 Goblin(s) confronts a party of 3 adventurers at level 14.,Possible
encounter_4671,5,15,4,Goblin,0.25,A group of 4 Goblin(s) confronts a party of 5 adventurers at level 15.,Possible
encounter_2141,5,16,2,Troll,5.0,A group of 2 Troll(s) confronts a party of 5 adventurers at level 16.,Possible
encounter_445,5,8,5,Bugbear,1.0,A group of 5 Bugbear(s) confronts a party of 5 adventurers at level 8.,Possible
encounter_4949,2,10,2,Young Red Dragon,10.0,A group of 2 Young Red Dragon(s) confronts a party of 2 adventurers at level 10.,Possible
encounter_755,1,6,3,Goblin,0.25,A group of 3 Goblin(s) confronts a party of 1 adventurers at level 6.,Possible
encounter_1738,2,3,3,Troll,5.0,A group of 3 Troll(s) confronts a party of 2 adventurers at level 3.,Not Possible
encounter_2972,2,18,8,Orc,0.5,A group of 8 Orc(s) confronts a party of 2 adventurers at level 18.,Possible
encounter_4980,5,7,6,Orc,0.5,A group of 6 Orc(s) confronts a party of 5 adventurers at level 7.,Possible
encounter_2921,2,16,6,Ogre,2.0,A group of 6 Ogre(s) confronts a party of 2 adventurers at level 16.,Possible
encounter_312,3,2,1,Young Red Dragon,10.0,A group of 1 Young Red Dragon(s) confronts a party of 3 adventurers at level 2.,Not Possible
encounter_549,4,17,9,Orc,0.5,A group of 9 Orc(s) confronts a party of 4 adventurers at level 17.,Possible
encounter_4053,3,19,9,Orc,0.5,A group of 9 Orc(s) confronts a party of 3 adventurers at level 19.,Possible
encounter_4762,1,13,7,Troll,5.0,A group of 7 Troll(s) confronts a party of 1 adventurers at level 13.,Not Possible
encounter_1990,3,3,5,Orc,0.5,A group of 5 Orc(s) confronts a party of 3 adventurers at level 3.,Possible
encounter_307,3,13,4,Troll,5.0,A group of 4 Troll(s) confronts a party of 3 adventurers at level 13.,Possible
encounter_2336,4,14,6,Troll,5.0,A group of 6 Troll(s) confronts a party of 4 adventurers at level 14.,Possible
encounter_695,3,17,8,Goblin,0.25,A group of 8 Goblin(s) confronts a party of 3 adventurers at level 17.,Possible
encounter_2357,5,12,8,Goblin,0.25,A group of 8 Goblin(s) confronts a party of 5 adventurers at level 12.,Possible
encounter_1928,3,17,5,Goblin,0.25,A group of 5 Goblin(s) confronts a party of 3 adventurers at level 17.,Possible
encounter_685,3,16,8,Young Red Dragon,10.0,A group of 8 Young Red Dragon(s) confronts a party of 3 adventurers at level 16.,Not Possible
encounter_750,1,17,2,Troll,5.0,A group of 2 Troll(s) confronts a party of 1 adventurers at level 17.,Possible
encounter_4009,5,6,1,Goblin,0.25,A group of 1 Goblin(s) confronts a party of 5 adventurers at level 6.,Possible
encounter_1267,4,13,9,Bugbear,1.0,A group of 9 Bugbear(s) confronts a party of 4 adventurers at level 13.,Possible
encounter_3286,4,19,8,Goblin,0.25,A group of 8 Goblin(s) confronts a party of 4 adventurers at level 19.,Possible
encounter_3530,2,17,1,Young Red Dragon,10.0,A group of 1 Young Red Dragon(s) confronts a party of 2 adventurers at level 17.,Possible
encounter_4424,5,9,3,Young Red Dragon,10.0,A group of 3 Young Red Dragon(s) confronts a party of 5 adventurers at level 9.,Possible
encounter_3985,3,13,4,Young Red Dragon,10.0,A group of 4 Young Red Dragon(s) confronts a party of 3 adventurers at level 13.,Not Possible
encounter_3084,1,3,4,Young Red Dragon,10.0,A group of 4 Young Red Dragon(s) confronts a party of 1 adventurers at level 3.,Not Possible
encounter_3062,3,11,7,Bugbear,1.0,A group of 7 Bugbear(s) confronts a party of 3 adventurers at level 11.,Possible
encounter_3026,3,15,8,Bugbear,1.0,A group of 8 Bugbear(s) confronts a party of 3 adventurers at level 15.,Possible
encounter_971,2,19,5,Troll,5.0,A group of 5 Troll(s) confronts a party of 2 adventurers at level 19.,Possible
encounter_14,1,15,9,Goblin,0.25,A group of 9 Goblin(s) confronts a party of 1 adventurers at level 15.,Possible
encounter_874,1,18,4,Orc,0.5,A group of 4 Orc(s) confronts a party of 1 adventurers at level 18.,Possible
encounter_809,4,18,1,Orc,0.5,A group of 1 Orc(s) confronts a party of 4 adventurers at level 18.,Possible
encounter_3199,2,16,7,Ogre,2.0,A group of 7 Ogre(s) confronts a party of 2 adventurers at level 16.,Possible
encounter_515,4,9,8,Troll,5.0,A group of 8 Troll(s) confronts a party of 4 adventurers at level 9.,Not Possible
encounter_4473,2,2,1,Goblin,0.25,A group of 1 Goblin(s) confronts a party of 2 adventurers at level 2.,Possible
encounter_410,5,3,4,Young Red Dragon,10.0,A group of 4 Young Red Dragon(s) confronts a party of 5 adventurers at level 3.,Not Possible
encounter_3409,3,5,9,Ogre,2.0,A group of 9 Ogre(s) confronts a party of 3 adventurers at level 5.,Not Possible
encounter_4343,5,16,4,Orc,0.5,A group of 4 Orc(s) confronts a party of 5 adventurers at level 16.,Possible
encounter_208,5,1,2,Goblin,0.25,A group of 2 Goblin(s) confronts a party of 5 adventurers at level 1.,Possible
encounter_3692,4,12,6,Troll,5.0,A group of 6 Troll(s) confronts a party of 4 adventurers at level 12.,Possible
encounter_459,4,6,8,Orc,0.5,A group of 8 Orc(s) confronts a party of 4 adventurers at level 6.,Possible
encounter_3472,3,17,7,Goblin,0.25,A group of 7 Goblin(s) confronts a party of 3 adventurers at level 17.,Possible
encounter_2431,4,9,3,Young Red Dragon,10.0,A group of 3 Young Red Dragon(s) confronts a party of 4 adventurers at level 9.,Possible
encounter_3658,1,5,4,Young Red Dragon,10.0,A group of 4 Young Red Dragon(s) confronts a party of 1 adventurers at level 5.,Not Possible
encounter_111,1,2,3,Bugbear,1.0,A group of 3 Bugbear(s) confronts a party of 1 adventurers at level 2.,Not Possible
encounter_4590,2,9,8,Ogre,2.0,A group of 8 Ogre(s) confronts a party of 2 adventurers at level 9.,Possible
encounter_4045,2,12,8,Troll,5.0,A group of 8 Troll(s) confronts a party of 2 adventurers at level 12.,Not Possible
encounter_1884,5,9,9,Troll,5.0,A group of 9 Troll(s) confronts a party of 5 adventurers at level 9.,Possible
encounter_1714,3,14,5,Goblin,0.25,A group of 5 Goblin(s) confronts a party of 3 adventurers at level 14.,Possible
encounter_3959,2,13,3,Goblin,0.25,A group of 3 Goblin(s) confronts a party of 2 adventurers at level 13.,Possible
encounter_3400,3,2,7,Ogre,2.0,A group of 7 Ogre(s) confronts a party of 3 adventurers at level 2.,Not Possible
encounter_553,2,13,8,Troll,5.0,A group of 8 Troll(s) confronts a party of 2 adventurers at level 13.,Not Possible
encounter_1440,1,4,5,Troll,5.0,A group of 5 Troll(s) confronts a party of 1 adventurers at level 4.,Not Possible
encounter_2271,1,6,9,Troll,5.0,A group of 9 Troll(s) confronts a party of 1 adventurers at level 6.,Not Possible
encounter_3145,4,1,1,Orc,0.5,A group of 1 Orc(s) confronts a party of 4 adventurers at level 1.,Possible
encounter_2822,4,16,9,Orc,0.5,A group of 9 Orc(s) confronts a party of 4 adventurers at level 16.,Possible
encounter_4782,4,16,4,Young Red Dragon,10.0,A group of 4 Young Red Dragon(s) confronts a party of 4 adventurers at level 16.,Possible
encounter_1926,2,12,5,Orc,0.5,A group of 5 Orc(s) confronts a party of 2 adventurers at level 12.,Possible
encounter_635,5,4,3,Ogre,2.0,A group of 3 Ogre(s) confronts a party of 5 adventurers at level 4.,Possible
encounter_4806,2,3,1,Orc,0.5,A group of 1 Orc(s) confronts a party of 2 adventurers at level 3.,Possible
encounter_317,5,9,5,Troll,5.0,A group of 5 Troll(s) confronts a party of 5 adventurers at level 9.,Possible
encounter_4218,1,4,5,Young Red Dragon,10.0,A group of 5 Young Red Dragon(s) confronts a party of 1 adventurers at level 4.,Not Possible
encounter_4700,4,4,5,Goblin,0.25,A group of 5 Goblin(s) confronts a party of 4 adventurers at level 4.,Possible
encounter_1329,5,8,6,Ogre,2.0,A group of 6 Ogre(s) confronts a party of 5 adventurers at level 8.,Possible
encounter_428,4,8,3,Bugbear,1.0,A group of 3 Bugbear(s) confronts a party of 4 adventurers at level 8.,Possible
encounter_4375,2,3,5,Young Red Dragon,10.0,A group of 5 Young Red Dragon(s) confronts a party of 2 adventurers at level 3.,Not Possible
encounter_106,4,8,3,Ogre,2.0,A group of 3 Ogre(s) confronts a party of 4 adventurers at level 8.,Possible
encounter_3042,1,1,9,Bugbear,1.0,A group of 9 Bugbear(s) confronts a party of 1 adventurers at level 1.,Not Possible
encounter_143,3,17,7,Troll,5.0,A group of 7 Troll(s) confronts a party of 3 adventurers at level 17.,Possible
encounter_2170,2,4,5,Bugbear,1.0,A group of 5 Bugbear(s) confronts a party of 2 adventurers at level 4.,Possible
encounter_3459,5,7,7,Bugbear,1.0,A group of 7 Bugbear(s) confronts a party of 5 adventurers at level 7.,Possible
encounter_90,4,13,7,Bugbear,1.0,A group of 7 Bugbear(s) confronts a party of 4 adventurers at level 13.,Possible
encounter_2919,5,5,2,Troll,5.0,A group of 2 Troll(s) confronts a party of 5 adventurers at level 5.,Possible
encounter_3238,3,7,6,Ogre,2.0,A group of 6 Ogre(s) confronts a party of 3 adventurers at level 7.,Possible
encounter_2242,5,3,1,Ogre,2.0,A group of 1 Ogre(s) confronts a party of 5 adventurers at level 3.,Possible
encounter_3175,5,5,7,Troll,5.0,A group of 7 Troll(s) confronts a party of 5 adventurers at level 5.,Not Possible
encounter_3413,1,11,5,Young Red Dragon,10.0,A group of 5 Young Red Dragon(s) confronts a party of 1 adventurers at level 11.,Not Possible
encounter_2164,4,18,3,Bugbear,1.0,A group of 3 Bugbear(s) confronts a party of 4 adventurers at level 18.,Possible
encounter_2637,2,2,1,Young Red Dragon,10.0,A group of 1 Young Red Dragon(s) confronts a party of 2 adventurers at level 2.,Not Possible
encounter_1950,1,7,9,Orc,0.5,A group of 9 Orc(s) confronts a party of 1 adventurers at level 7.,Possible
encounter_1769,5,9,3,Troll,5.0,A group of 3 Troll(s) confronts a party of 5 adventurers at level 9.,Possible
encounter_4291,5,14,8,Goblin,0.25,A group of 8 Goblin(s) confronts a party of 5 adventurers at level 14.,Possible
encounter_2273,2,3,6,Bugbear,1.0,A group of 6 Bugbear(s) confronts a party of 2 adventurers at level 3.,Possible
encounter_2,3,17,4,Orc,0.5,A group of 4 Orc(s) confronts a party of 3 adventurers at level 17.,Possible
encounter_3283,1,7,8,Ogre,2.0,A group of 8 Ogre(s) confronts a party of 1 adventurers at level 7.,Not Possible
encounter_4958,2,4,4,Bugbear,1.0,A group of 4 Bugbear(s) confronts a party of 2 adventurers at level 4.,Possible
encounter_1952,4,6,4,Ogre,2.0,A group of 4 Ogre(s) confronts a party of 4 adventurers at level 6.,Possible
encounter_936,2,11,4,Troll,5.0,A group of 4 Troll(s) confronts a party of 2 adventurers at level 11.,Possible
encounter_4297,3,15,8,Troll,5.0,A group of 8 Troll(s) confronts a party of 3 adventurers at level 15.,Possible
encounter_2721,4,15,6,Bugbear,1.0,A group of 6 Bugbear(s) confronts a party of 4 adventurers at level 15.,Possible
encounter_4448,1,8,3,Orc,0.5,A group of 3 Orc(s) confronts a party of 1 adventurers at level 8.,Possible
encounter_1110,5,19,9,Orc,0.5,A group of 9 Orc(s) confronts a party of 5 adventurers at level 19.,Possible
encounter_3961,2,6,4,Ogre,2.0,A group of 4 Ogre(s) confronts a party of 2 adventurers at level 6.,Possible
encounter_592,4,7,4,Ogre,2.0,A group of 4 Ogre(s) confronts a party of 4 adventurers at level 7.,Possible
encounter_1696,5,9,2,Young Red Dragon,10.0,A group of 2 Young Red Dragon(s) confronts a party of 5 adventurers at level 9.,Possible
encounter_3451,5,9,3,Troll,5.0,A group of 3 Troll(s) confronts a party of 5 adventurers at level 9.,Possible
encounter_2937,5,9,3,Troll,5.0,A group of 3 Troll(s) confronts a party of 5 adventurers at level 9.,Possible
encounter_4205,1,2,4,Bugbear,1.0,A group of 4 Bugbear(s) confronts a party of 1 adventurers at level 2.,Not Possible
encounter_3412,5,13,6,Bugbear,1.0,A group of 6 Bugbear(s) confronts a party of 5 adventurers at level 13.,Possible
encounter_1577,5,12,8,Goblin,0.25,A group of 8 Goblin(s) confronts a party of 5 adventurers at level 12.,Possible
encounter_3955,3,11,1,Bugbear,1.0,A group of 1 Bugbear(s) confronts a party of 3 adventurers at level 11.,Possible
encounter_214,1,14,4,Troll,5.0,A group of 4 Troll(s) confronts a party of 1 adventurers at level 14.,Not Possible
encounter_779,4,1,4,Orc,0.5,A group of 4 Orc(s) confronts a party of 4 adventurers at level 1.,Possible
encounter_1416,3,14,3,Bugbear,1.0,A group of 3 Bugbear(s) confronts a party of 3 adventurers at level 14.,Possible
encounter_3760,4,1,9,Bugbear,1.0,A group of 9 Bugbear(s) confronts a party of 4 adventurers at level 1.,Not Possible
encounter_2044,1,14,1,Orc,0.5,A group of 1 Orc(s) confronts a party of 1 adventurers at level 14.,Possible
encounter_2849,5,10,8,Troll,5.0,A group of 8 Troll(s) confronts a party of 5 adventurers at level 10.,Possible
encounter_4538,1,5,2,Orc,0.5,A group of 2 Orc(s) confronts a party of 1 adventurers at level 5.,Possible
encounter_3506,5,9,2,Young Red Dragon,10.0,A group of 2 Young Red Dragon(s) confronts a party of 5 adventurers at level 9.,Possible
encounter_3814,2,15,6,Goblin,0.25,A group of 6 Goblin(s) confronts a party of 2 adventurers at level 15.,Possible
encounter_1568,1,19,9,Orc,0.5,A group of 9 Orc(s) confronts a party of 1 adventurers at level 19.,Possible
encounter_166,4,14,3,Ogre,2.0,A group of 3 Ogre(s) confronts a party of 4 adventurers at level 14.,Possible
encounter_4715,3,19,5,Orc,0.5,A group of 5 Orc(s) confronts a party of 3 adventurers at level 19.,Possible
encounter_4273,5,10,4,Bugbear,1.0,A group of 4 Bugbear(s) confronts a party of 5 adventurers at level 10.,Possible
encounter_4927,1,7,2,Orc,0.5,A group of 2 Orc(s) confronts a party of 1 adventurers at level 7.,Possible
encounter_1344,5,6,2,Troll,5.0,A group of 2 Troll(s) confronts a party of 5 adventurers at level 6.,Possible
encounter_2014,5,6,9,Troll,5.0,A group of 9 Troll(s) confronts a party of 5 adventurers at level 6.,Not Possible
encounter_274,5,1,2,Goblin,0.25,A group of 2 Goblin(s) confronts a party of 5 adventurers at level 1.,Possible
encounter_72,5,4,7,Ogre,2.0,A group of 7 Ogre(s) confronts a party of 5 adventurers at level 4.,Possible
encounter_3888,1,19,2,Ogre,2.0,A group of 2 Ogre(s) confronts a party of 1 adventurers at level 19.,Possible
encounter_1088,5,15,5,Orc,0.5,A group of 5 Orc(s) confronts a party of 5 adventurers at level 15.,Possible
encounter_395,1,18,4,Troll,5.0,A group of 4 Troll(s) confronts a party of 1 adventurers at level 18.,Not Possible
encounter_584,5,1,3,Troll,5.0,A group of 3 Troll(s) confronts a party of 5 adventurers at level 1.,Not Possible
encounter_1368,5,11,6,Orc,0.5,A group of 6 Orc(s) confronts a party of 5 adventurers at level 11.,Possible
encounter_4988,5,6,7,Bugbear,1.0,A group of 7 Bugbear(s) confronts a party of 5 adventurers at level 6.,Possible
encounter_4089,4,5,2,Young Red Dragon,10.0,A group of 2 Young Red Dragon(s) confronts a party of 4 adventurers at level 5.,Possible
encounter_2549,4,17,8,Orc,0.5,A group of 8 Orc(s) confronts a party of 4 adventurers at level 17.,Possible
encounter_1014,5,12,6,Goblin,0.25,A group of 6 Goblin(s) confronts a party of 5 adventurers at level 12.,Possible
encounter_4898,5,13,2,Goblin,0.25,A group of 2 Goblin(s) confronts a party of 5 adventurers at level 13.,Possible
encounter_3004,4,1,1,Orc,0.5,A group of 1 Orc(s) confronts a party of 4 adventurers at level 1.,Possible
encounter_4789,5,4,5,Troll,5.0,A group of 5 Troll(s) confronts a party of 5 adventurers at level 4.,Not Possible
encounter_4408,1,18,1,Troll,5.0,A group of 1 Troll(s) confronts a party of 1 adventurers at level 18.,Possible
encounter_3533,3,4,1,Bugbear,1.0,A group of 1 Bugbear(s) confronts a party of 3 adventurers at level 4.,Possible
encounter_1764,3,5,1,Orc,0.5,A group of 1 Orc(s) confronts a party of 3 adventurers at level 5.,Possible
encounter_1876,1,8,3,Troll,5.0,A group of 3 Troll(s) confronts a party of 1 adventurers at level 8.,Not Possible
encounter_1260,3,19,7,Bugbear,1.0,A group of 7 Bugbear(s) confronts a party of 3 adventurers at level 19.,Possible
encounter_4531,1,9,9,Young Red Dragon,10.0,A group of 9 Young Red Dragon(s) confronts a party of 1 adventurers at level 9.,Not Possible
encounter_2254,1,5,9,Troll,5.0,A group of 9 Troll(s) confronts a party of 1 adventurers at level 5.,Not Possible
encounter_2782,2,19,8,Orc,0.5,A group of 8 Orc(s) confronts a party of 2 adventurers at level 19.,Possible
encounter_3593,4,15,9,Young Red Dragon,10.0,A group of 9 Young Red Dragon(s) confronts a party of 4 adventurers at level 15.,Not Possible
encounter_527,3,14,1,Young Red Dragon,10.0,A group of 1 Young Red Dragon(s) confronts a party of 3 adventurers at level 14.,Possible
encounter_4264,5,15,8,Troll,5.0,A group of 8 Troll(s) confronts a party of 5 adventurers at level 15.,Possible
encounter_2947,2,5,6,Troll,5.0,A group of 6 Troll(s) confronts a party of 2 adventurers at level 5.,Not Possible
encounter_378,5,14,7,Young Red Dragon,10.0,A group of 7 Young Red Dragon(s) confronts a party of 5 adventurers at level 14.,Possible
encounter_1560,1,8,2,Orc,0.5,A group of 2 Orc(s) confronts a party of 1 adventurers at level 8.,Possible
encounter_3821,2,7,4,Orc,0.5,A group of 4 Orc(s) confronts a party of 2 adventurers at level 7.,Possible
encounter_1964,1,11,1,Troll,5.0,A group of 1 Troll(s) confronts a party of 1 adventurers at level 11.,Possible
encounter_4733,2,15,5,Orc,0.5,A group of 5 Orc(s) confronts a party of 2 adventurers at level 15.,Possible
encounter_349,1,12,3,Orc,0.5,A group of 3 Orc(s) confronts a party of 1 adventurers at level 12.,Possible
encounter_2435,4,18,7,Troll,5.0,A group of 7 Troll(s) confronts a party of 4 adventurers at level 18.,Possible
encounter_2247,2,7,9,Orc,0.5,A group of 9 Orc(s) confronts a party of 2 adventurers at level 7.,Possible
encounter_4167,2,18,4,Orc,0.5,A group of 4 Orc(s) confronts a party of 2 adventurers at level 18.,Possible
encounter_1710,2,6,1,Troll,5.0,A group of 1 Troll(s) confronts a party of 2 adventurers at level 6.,Possible
encounter_1051,3,19,4,Troll,5.0,A group of 4 Troll(s) confronts a party of 3 adventurers at level 19.,Possible
encounter_591,2,3,1,Troll,5.0,A group of 1 Troll(s) confronts a party of 2 adventurers at level 3.,Possible
encounter_520,5,4,1,Troll,5.0,A group of 1 Troll(s) confronts a party of 5 adventurers at level 4.,Possible
encounter_4753,1,9,8,Young Red Dragon,10.0,A group of 8 Young Red Dragon(s) confronts a party of 1 adventurers at level 9.,Not Possible
encounter_4309,4,11,2,Troll,5.0,A group of 2 Troll(s) confronts a party of 4 adventurers at level 11.,Possible
encounter_2478,5,2,9,Goblin,0.25,A group of 9 Goblin(s) confronts a party of 5 adventurers at level 2.,Possible
encounter_1084,2,11,3,Troll,5.0,A group of 3 Troll(s) confronts a party of 2 adventurers at level 11.,Possible
encounter_3589,1,11,2,Bugbear,1.0,A group of 2 Bugbear(s) confronts a party of 1 adventurers at level 11.,Possible
encounter_4779,1,9,4,Young Red Dragon,10.0,A group of 4 Young Red Dragon(s) confronts a party of 1 adventurers at level 9.,Not Possible
encounter_4510,2,17,7,Ogre,2.0,A group of 7 Ogre(s) confronts a party of 2 adventurers at level 17.,Possible
encounter_1295,2,18,2,Troll,5.0,A group of 2 Troll(s) confronts a party of 2 adventurers at level 18.,Possible
encounter_1810,4,3,9,Ogre,2.0,A group of 9 Ogre(s) confronts a party of 4 adventurers at level 3.,Not Possible
encounter_792,4,14,7,Troll,5.0,A group of 7 Troll(s) confronts a party of 4 adventurers at level 14.,Possible
encounter_793,4,11,4,Ogre,2.0,A group of 4 Ogre(s) confronts a party of 4 adventurers at level 11.,Possible
encounter_4115,2,11,9,Orc,0.5,A group of 9 Orc(s) confronts a party of 2 adventurers at level 11.,Possible
encounter_1856,4,11,2,Troll,5.0,A group of 2 Troll(s) confronts a party of 4 adventurers at level 11.,Possible
encounter_4758,3,11,5,Young Red Dragon,10.0,A group of 5 Young Red Dragon(s) confronts a party of 3 adventurers at level 11.,Not Possible
encounter_1981,4,9,7,Goblin,0.25,A group of 7 Goblin(s) confronts a party of 4 adventurers at level 9.,Possible
encounter_3234,5,8,9,Young Red Dragon,10.0,A group of 9 Young Red Dragon(s) confronts a party of 5 adventurers at level 8.,Not Possible
encounter_3909,1,2,1,Young Red Dragon,10.0,A group of 1 Young Red Dragon(s) confronts a party of 1 adventurers at level 2.,Not Possible
encounter_4985,2,19,8,Bugbear,1.0,A group of 8 Bugbear(s) confronts a party of 2 adventurers at level 19.,Possible
encounter_3329,3,13,4,Ogre,2.0,A group of 4 Ogre(s) confronts a party of 3 adventurers at level 13.,Possible
encounter_1531,5,10,6,Bugbear,1.0,A group of 6 Bugbear(s) confronts a party of 5 adventurers at level 10.,Possible
encounter_1411,2,19,7,Troll,5.0,A group of 7 Troll(s) confronts a party of 2 adventurers at level 19.,Possible
encounter_4295,4,14,7,Goblin,0.25,A group of 7 Goblin(s) confronts a party of 4 adventurers at level 14.,Possible
encounter_4649,2,10,2,Troll,5.0,A group of 2 Troll(s) confronts a party of 2 adventurers at level 10.,Possible
encounter_84,2,3,1,Troll,5.0,A group of 1 Troll(s) confronts a party of 2 adventurers at level 3.,Possible
encounter_869,5,14,5,Troll,5.0,A group of 5 Troll(s) confronts a party of 5 adventurers at level 14.,Possible
encounter_2351,1,14,1,Ogre,2.0,A group of 1 Ogre(s) confronts a party of 1 adventurers at level 14.,Possible
encounter_21,4,13,5,Troll,5.0,A group of 5 Troll(s) confronts a party of 4 adventurers at level 13.,Possible
encounter_3425,5,19,3,Goblin,0.25,A group of 3 Goblin(s) confronts a party of 5 adventurers at level 19.,Possible
encounter_2796,2,14,4,Young Red Dragon,10.0,A group of 4 Young Red Dragon(s) confronts a party of 2 adventurers at level 14.,Not Possible
encounter_4573,1,8,5,Ogre,2.0,A group of 5 Ogre(s) confronts a party of 1 adventurers at level 8.,Not Possible
encounter_1563,1,12,9,Troll,5.0,A group of 9 Troll(s) confronts a party of 1 adventurers at level 12.,Not Possible
encounter_3094,2,11,5,Young Red Dragon,10.0,A group of 5 Young Red Dragon(s) confronts a party of 2 adventurers at level 11.,Not Possible
encounter_3156,5,7,1,Troll,5.0,A group of 1 Troll(s) confronts a party of 5 adventurers at level 7.,Possible
encounter_974,1,10,2,Ogre,2.0,A group of 2 Ogre(s) confronts a party of 1 adventurers at level 10.,Possible
encounter_1711,1,3,4,Young Red Dragon,10.0,A group of 4 Young Red Dragon(s) confronts a party of 1 adventurers at level 3.,Not Possible
encounter_3202,5,14,9,Young Red Dragon,10.0,A group of 9 Young Red Dragon(s) confronts a party of 5 adventurers at level 14.,Not Possible
encounter_4372,4,16,1,Bugbear,1.0,A group of 1 Bugbear(s) confronts a party of 4 adventurers at level 16.,Possible
encounter_4820,4,18,7,Ogre,2.0,A group of 7 Ogre(s) confronts a party of 4 adventurers at level 18.,Possible
encounter_1099,4,9,5,Orc,0.5,A group of 5 Orc(s) confronts a party of 4 adventurers at level 9.,Possible
encounter_4162,4,9,5,Ogre,2.0,A group of 5 Ogre(s) confronts a party of 4 adventurers at level 9.,Possible
encounter_2845,2,11,5,Goblin,0.25,A group of 5 Goblin(s) confronts a party of 2 adventurers at level 11.,Possible
encounter_887,4,17,2,Goblin,0.25,A group of 2 Goblin(s) confronts a party of 4 adventurers at level 17.,Possible
encounter_4932,5,17,3,Bugbear,1.0,A group of 3 Bugbear(s) confronts a party of 5 adventurers at level 17.,Possible
encounter_3679,2,17,4,Ogre,2.0,A group of 4 Ogre(s) confronts a party of 2 adventurers at level 17.,Possible
encounter_4581,4,17,2,Goblin,0.25,A group of 2 Goblin(s) confronts a party of 4 adventurers at level 17.,Possible
encounter_3567,4,12,3,Orc,0.5,A group of 3 Orc(s) confronts a party of 4 adventurers at level 12.,Possible
encounter_4402,4,16,9,Orc,0.5,A group of 9 Orc(s) confronts a party of 4 adventurers at level 16.,Possible
encounter_516,4,8,3,Orc,0.5,A group of 3 Orc(s) confronts a party of 4 adventurers at level 8.,Possible
encounter_4621,4,9,3,Orc,0.5,A group of 3 Orc(s) confronts a party of 4 adventurers at level 9.,Possible
encounter_738,5,9,2,Goblin,0.25,A group of 2 Goblin(s) confronts a party of 5 adventurers at level 9.,Possible
encounter_1454,2,8,1,Young Red Dragon,10.0,A group of 1 Young Red Dragon(s) confronts a party of 2 adventurers at level 8.,Possible
encounter_3972,5,17,2,Orc,0.5,A group of 2 Orc(s) confronts a party of 5 adventurers at level 17.,Possible
encounter_4701,2,16,7,Young Red Dragon,10.0,A group of 7 Young Red Dragon(s) confronts a party of 2 adventurers at level 16.,Not Possible
encounter_2507,4,13,7,Young Red Dragon,10.0,A group of 7 Young Red Dragon(s) confronts a party of 4 adventurers at level 13.,Not Possible
encounter_2995,3,19,7,Ogre,2.0,A group of 7 Ogre(s) confronts a party of 3 adventurers at level 19.,Possible
encounter_2127,2,9,5,Goblin,0.25,A group of 5 Goblin(s) confronts a party of 2 adventurers at level 9.,Possible
encounter_2927,3,12,2,Ogre,2.0,A group of 2 Ogre(s) confronts a party of 3 adventurers at level 12.,Possible
encounter_4746,5,9,6,Troll,5.0,A group of 6 Troll(s) confronts a party of 5 adventurers at level 9.,Possible
encounter_907,1,19,9,Goblin,0.25,A group of 9 Goblin(s) confronts a party of 1 adventurers at level 19.,Possible
encounter_3648,4,4,1,Goblin,0.25,A group of 1 Goblin(s) confronts a party of 4 adventurers at level 4.,Possible
encounter_1031,4,15,7,Bugbear,1.0,A group of 7 Bugbear(s) confronts a party of 4 adventurers at level 15.,Possible
encounter_2508,3,14,4,Bugbear,1.0,A group of 4 Bugbear(s) confronts a party of 3 adventurers at level 14.,Possible
encounter_2429,4,7,1,Ogre,2.0,A group of 1 Ogre(s) confronts a party of 4 adventurers at level 7.,Possible
encounter_948,2,17,1,Orc,0.5,A group of 1 Orc(s) confronts a party of 2 adventurers at level 17.,Possible
encounter_3807,5,9,1,Bugbear,1.0,A group of 1 Bugbear(s) confronts a party of 5 adventurers at level 9.,Possible
encounter_4755,3,2,5,Orc,0.5,A group of 5 Orc(s) confronts a party of 3 adventurers at level 2.,Possible
encounter_716,1,7,9,Goblin,0.25,A group of 9 Goblin(s) confronts a party of 1 adventurers at level 7.,Possible
encounter_4056,3,13,3,Orc,0.5,A group of 3 Orc(s) confronts a party of 3 adventurers at level 13.,Possible
encounter_687,1,19,4,Ogre,2.0,A group of 4 Ogre(s) confronts a party of 1 adventurers at level 19.,Possible
encounter_704,3,7,2,Troll,5.0,A group of 2 Troll(s) confronts a party of 3 adventurers at level 7.,Possible
encounter_3342,1,15,9,Goblin,0.25,A group of 9 Goblin(s) confronts a party of 1 adventurers at level 15.,Possible
encounter_2354,1,12,3,Ogre,2.0,A group of 3 Ogre(s) confronts a party of 1 adventurers at level 12.,Possible
encounter_2258,4,2,2,Ogre,2.0,A group of 2 Ogre(s) confronts a party of 4 adventurers at level 2.,Possible
encounter_3552,4,10,9,Young Red Dragon,10.0,A group of 9 Young Red Dragon(s) confronts a party of 4 adventurers at level 10.,Not Possible
encounter_474,5,10,5,Ogre,2.0,A group of 5 Ogre(s) confronts a party of 5 adventurers at level 10.,Possible
encounter_22,1,7,8,Orc,0.5,A group of 8 Orc(s) confronts a party of 1 adventurers at level 7.,Possible
encounter_2753,2,10,6,Bugbear,1.0,A group of 6 Bugbear(s) confronts a party of 2 adventurers at level 10.,Possible
encounter_886,3,8,7,Ogre,2.0,A group of 7 Ogre(s) confronts a party of 3 adventurers at level 8.,Possible
encounter_2449,1,7,7,Bugbear,1.0,A group of 7 Bugbear(s) confronts a party of 1 adventurers at level 7.,Possible
encounter_918,1,2,1,Troll,5.0,A group of 1 Troll(s) confronts a party of 1 adventurers at level 2.,Not Possible
encounter_3758,5,4,1,Orc,0.5,A group of 1 Orc(s) confronts a party of 5 adventurers at level 4.,Possible
encounter_3752,5,3,7,Goblin,0.25,A group of 7 Goblin(s) confronts a party of 5 adventurers at level 3.,Possible
encounter_2240,2,6,2,Bugbear,1.0,A group of 2 Bugbear(s) confronts a party of 2 adventurers at level 6.,Possible
encounter_3845,2,17,1,Young Red Dragon,10.0,A group of 1 Young Red Dragon(s) confronts a party of 2 adventurers at level 17.,Possible
encounter_3396,1,17,2,Troll,5.0,A group of 2 Troll(s) confronts a party of 1 adventurers at level 17.,Possible
encounter_1266,2,8,6,Goblin,0.25,A group of 6 Goblin(s) confronts a party of 2 adventurers at level 8.,Possible
encounter_484,1,14,4,Goblin,0.25,A group of 4 Goblin(s) confronts a party of 1 adventurers at level 14.,Possible
encounter_4338,5,3,9,Troll,5.0,A group of 9 Troll(s) confronts a party of 5 adventurers at level 3.,Not Possible
encounter_2964,4,15,1,Bugbear,1.0,A group of 1 Bugbear(s) confronts a party of 4 adventurers at level 15.,Possible
encounter_1220,1,8,1,Ogre,2.0,A group of 1 Ogre(s) confronts a party of 1 adventurers at level 8.,Possible
encounter_278,4,14,1,Goblin,0.25,A group of 1 Goblin(s) confronts a party of 4 adventurers at level 14.,Possible
encounter_989,3,5,6,Troll,5.0,A group of 6 Troll(s) confronts a party of 3 adventurers at level 5.,Not Possible
encounter_2085,4,1,6,Young Red Dragon,10.0,A group of 6 Young Red Dragon(s) confronts a party of 4 adventurers at level 1.,Not Possible
encounter_1246,1,14,8,Goblin,0.25,A group of 8 Goblin(s) confronts a party of 1 adventurers at level 14.,Possible
encounter_2383,2,10,8,Ogre,2.0,A group of 8 Ogre(s) confronts a party of 2 adventurers at level 10.,Possible
encounter_572,3,13,3,Ogre,2.0,A group of 3 Ogre(s) confronts a party of 3 adventurers at level 13.,Possible
encounter_1436,5,16,4,Goblin,0.25,A group of 4 Goblin(s) confronts a party of 5 adventurers at level 16.,Possible
encounter_994,4,6,1,Goblin,0.25,A group of 1 Goblin(s) confronts a party of 4 adventurers at level 6.,Possible
encounter_3931,5,4,2,Ogre,2.0,A group of 2 Ogre(s) confronts a party of 5 adventurers at level 4.,Possible
encounter_3448,1,15,4,Ogre,2.0,A group of 4 Ogre(s) confronts a party of 1 adventurers at level 15.,Possible
encounter_586,1,11,2,Ogre,2.0,A group of 2 Ogre(s) confronts a party of 1 adventurers at level 11.,Possible
encounter_3659,2,2,8,Goblin,0.25,A group of 8 Goblin(s) confronts a party of 2 adventurers at level 2.,Possible
encounter_2515,4,1,4,Goblin,0.25,A group of 4 Goblin(s) confronts a party of 4 adventurers at level 1.,Possible
encounter_1350,1,6,5,Bugbear,1.0,A group of 5 Bugbear(s) confronts a party of 1 adventurers at level 6.,Possible
encounter_1008,2,5,8,Goblin,0.25,A group of 8 Goblin(s) confronts a party of 2 adventurers at level 5.,Possible
encounter_675,3,8,1,Young Red Dragon,10.0,A group of 1 Young Red Dragon(s) confronts a party of 3 adventurers at level 8.,Possible
encounter_2413,3,2,7,Bugbear,1.0,A group of 7 Bugbear(s) confronts a party of 3 adventurers at level 2.,Not Possible
encounter_2904,4,19,8,Goblin,0.25,A group of 8 Goblin(s) confronts a party of 4 adventurers at level 19.,Possible
encounter_448,5,16,3,Bugbear,1.0,A group of 3 Bugbear(s) confronts a party of 5 adventurers at level 16.,Possible
encounter_3835,3,14,3,Ogre,2.0,A group of 3 Ogre(s) confronts a party of 3 adventurers at level 14.,Possible
encounter_3759,1,18,5,Orc,0.5,A group of 5 Orc(s) confronts a party of 1 adventurers at level 18.,Possible
encounter_3704,2,4,5,Bugbear,1.0,A group of 5 Bugbear(s) confronts a party of 2 adventurers at level 4.,Possible
encounter_360,1,14,5,Bugbear,1.0,A group of 5 Bugbear(s) confronts a party of 1 adventurers at level 14.,Possible
encounter_2065,5,12,9,Troll,5.0,A group of 9 Troll(s) confronts a party of 5 adventurers at level 12.,Possible
encounter_4450,1,7,2,Troll,5.0,A group of 2 Troll(s) confronts a party of 1 adventurers at level 7.,Not Possible
encounter_3811,1,14,9,Troll,5.0,A group of 9 Troll(s) confronts a party of 1 adventurers at level 14.,Not Possible
encounter_1691,3,4,6,Young Red Dragon,10.0,A group of 6 Young Red Dragon(s) confronts a party of 3 adventurers at level 4.,Not Possible
encounter_4327,4,15,3,Orc,0.5,A group of 3 Orc(s) confronts a party of 4 adventurers at level 15.,Possible
encounter_1549,3,18,5,Orc,0.5,A group of 5 Orc(s) confronts a party of 3 adventurers at level 18.,Possible
encounter_1248,3,17,8,Bugbear,1.0,A group of 8 Bugbear(s) confronts a party of 3 adventurers at level 17.,Possible
encounter_1986,2,12,3,Young Red Dragon,10.0,A group of 3 Young Red Dragon(s) confronts a party of 2 adventurers at level 12.,Not Possible
encounter_295,3,1,7,Troll,5.0,A group of 7 Troll(s) confronts a party of 3 adventurers at level 1.,Not Possible
encounter_1548,5,7,9,Young Red Dragon,10.0,A group of 9 Young Red Dragon(s) confronts a party of 5 adventurers at level 7.,Not Possible
encounter_2013,3,3,3,Bugbear,1.0,A group of 3 Bugbear(s) confronts a party of 3 adventurers at level 3.,Possible
encounter_589,1,4,5,Orc,0.5,A group of 5 Orc(s) confronts a party of 1 adventurers at level 4.,Possible
encounter_3330,1,11,4,Young Red Dragon,10.0,A group of 4 Young Red Dragon(s) confronts a party of 1 adventurers at level 11.,Not Possible
encounter_2404,4,3,5,Goblin,0.25,A group of 5 Goblin(s) confronts a party of 4 adventurers at level 3.,Possible
encounter_2130,4,11,9,Troll,5.0,A group of 9 Troll(s) confronts a party of 4 adventurers at level 11.,Not Possible
encounter_4389,3,10,8,Orc,0.5,A group of 8 Orc(s) confronts a party of 3 adventurers at level 10.,Possible
encounter_2411,3,16,7,Bugbear,1.0,A group of 7 Bugbear(s) confronts a party of 3 adventurers at level 16.,Possible
encounter_2720,3,4,9,Bugbear,1.0,A group of 9 Bugbear(s) confronts a party of 3 adventurers at level 4.,Possible
encounter_426,1,3,8,Bugbear,1.0,A group of 8 Bugbear(s) confronts a party of 1 adventurers at level 3.,Not Possible
encounter_2583,2,10,5,Troll,5.0,A group of 5 Troll(s) confronts a party of 2 adventurers at level 10.,Not Possible
encounter_1055,5,9,2,Orc,0.5,A group of 2 Orc(s) confronts a party of 5 adventurers at level 9.,Possible
encounter_3967,3,13,6,Ogre,2.0,A group of 6 Ogre(s) confronts a party of 3 adventurers at level 13.,Possible
encounter_4563,2,13,9,Goblin,0.25,A group of 9 Goblin(s) confronts a party of 2 adventurers at level 13.,Possible
encounter_557,3,14,2,Ogre,2.0,A group of 2 Ogre(s) confronts a party of 3 adventurers at level 14.,Possible
encounter_4359,2,10,3,Troll,5.0,A group of 3 Troll(s) confronts a party of 2 adventurers at level 10.,Possible
encounter_3939,4,2,8,Orc,0.5,A group of 8 Orc(s) confronts a party of 4 adventurers at level 2.,Possible
encounter_4713,3,18,2,Goblin,0.25,A group of 2 Goblin(s) confronts a party of 3 adventurers at level 18.,Possible
encounter_2470,3,19,9,Goblin,0.25,A group of 9 Goblin(s) confronts a party of 3 adventurers at level 19.,Possible
encounter_4711,4,7,4,Troll,5.0,A group of 4 Troll(s) confronts a party of 4 adventurers at level 7.,Possible
encounter_356,3,2,5,Troll,5.0,A group of 5 Troll(s) confronts a party of 3 adventurers at level 2.,Not Possible
encounter_1194,3,10,4,Bugbear,1.0,A group of 4 Bugbear(s) confronts a party of 3 adventurers at level 10.,Possible
encounter_1717,5,11,9,Ogre,2.0,A group of 9 Ogre(s) confronts a party of 5 adventurers at level 11.,Possible
encounter_3417,3,15,5,Goblin,0.25,A group of 5 Goblin(s) confronts a party of 3 adventurers at level 15.,Possible
encounter_2605,2,13,7,Goblin,0.25,A group of 7 Goblin(s) confronts a party of 2 adventurers at level 13.,Possible
encounter_4130,2,1,1,Orc,0.5,A group of 1 Orc(s) confronts a party of 2 adventurers at level 1.,Possible
encounter_2829,4,9,9,Troll,5.0,A group of 9 Troll(s) confronts a party of 4 adventurers at level 9.,Not Possible
encounter_1705,4,8,8,Troll,5.0,A group of 8 Troll(s) confronts a party of 4 adventurers at level 8.,Not Possible
encounter_2864,2,8,5,Bugbear,1.0,A group of 5 Bugbear(s) confronts a party of 2 adventurers at level 8.,Possible
encounter_2619,5,17,8,Bugbear,1.0,A group of 8 Bugbear(s) confronts a party of 5 adventurers at level 17.,Possible
encounter_2401,3,15,1,Orc,0.5,A group of 1 Orc(s) confronts a party of 3 adventurers at level 15.,Possible
encounter_2140,4,1,7,Orc,0.5,A group of 7 Orc(s) confronts a party of 4 adventurers at level 1.,Possible
encounter_3240,2,16,9,Bugbear,1.0,A group of 9 Bugbear(s) confronts a party of 2 adventurers at level 16.,Possible
encounter_2384,5,17,2,Bugbear,1.0,A group of 2 Bugbear(s) confronts a party of 5 adventurers at level 17.,Possible
encounter_3219,3,8,4,Bugbear,1.0,A group of 4 Bugbear(s) confronts a party of 3 adventurers at level 8.,Possible
encounter_3936,3,5,5,Goblin,0.25,A group of 5 Goblin(s) confronts a party of 3 adventurers at level 5.,Possible
encounter_1286,1,1,9,Ogre,2.0,A group of 9 Ogre(s) confronts a party of 1 adventurers at level 1.,Not Possible
encounter_3797,2,18,9,Ogre,2.0,A group of 9 Ogre(s) confronts a party of 2 adventurers at level 18.,Possible
encounter_4895,2,8,1,Bugbear,1.0,A group of 1 Bugbear(s) confronts a party of 2 adventurers at level 8.,Possible
encounter_4469,2,13,5,Goblin,0.25,A group of 5 Goblin(s) confronts a party of 2 adventurers at level 13.,Possible
encounter_2088,5,12,5,Bugbear,1.0,A group of 5 Bugbear(s) confronts a party of 5 adventurers at level 12.,Possible
encounter_1890,5,8,2,Troll,5.0,A group of 2 Troll(s) confronts a party of 5 adventurers at level 8.,Possible
encounter_4623,4,12,5,Orc,0.5,A group of 5 Orc(s) confronts a party of 4 adventurers at level 12.,Possible
encounter_1592,1,11,1,Goblin,0.25,A group of 1 Goblin(s) confronts a party of 1 adventurers at level 11.,Possible
encounter_1347,1,15,1,Ogre,2.0,A group of 1 Ogre(s) confronts a party of 1 adventurers at level 15.,Possible
encounter_4432,3,3,7,Troll,5.0,A group of 7 Troll(s) confronts a party of 3 adventurers at level 3.,Not Possible
encounter_2163,1,6,7,Young Red Dragon,10.0,A group of 7 Young Red Dragon(s) confronts a party of 1 adventurers at level 6.,Not Possible
encounter_2397,2,11,2,Goblin,0.25,A group of 2 Goblin(s) confronts a party of 2 adventurers at level 11.,Possible
encounter_4769,1,6,5,Young Red Dragon,10.0,A group of 5 Young Red Dragon(s) confronts a party of 1 adventurers at level 6.,Not Possible
encounter_2272,5,10,2,Orc,0.5,A group of 2 Orc(s) confronts a party of 5 adventurers at level 10.,Possible
encounter_4491,2,14,1,Troll,5.0,A group of 1 Troll(s) confronts a party of 2 adventurers at level 14.,Possible
encounter_3112,4,18,9,Troll,5.0,A group of 9 Troll(s) confronts a party of 4 adventurers at level 18.,Possible
encounter_1138,5,4,2,Ogre,2.0,A group of 2 Ogre(s) confronts a party of 5 adventurers at level 4.,Possible
encounter_3896,1,10,1,Orc,0.5,A group of 1 Orc(s) confronts a party of 1 adventurers at level 10.,Possible
encounter_973,2,13,8,Ogre,2.0,A group of 8 Ogre(s) confronts a party of 2 adventurers at level 13.,Possible
encounter_796,3,19,1,Ogre,2.0,A group of 1 Ogre(s) confronts a party of 3 adventurers at level 19.,Possible
encounter_3021,1,15,4,Ogre,2.0,A group of 4 Ogre(s) confronts a party of 1 adventurers at level 15.,Possible
encounter_1712,1,17,3,Ogre,2.0,A group of 3 Ogre(s) confronts a party of 1 adventurers at level 17.,Possible
encounter_3388,3,9,2,Young Red Dragon,10.0,A group of 2 Young Red Dragon(s) confronts a party of 3 adventurers at level 9.,Possible
encounter_37,5,11,9,Ogre,2.0,A group of 9 Ogre(s) confronts a party of 5 adventurers at level 11.,Possible
encounter_454,1,3,3,Goblin,0.25,A group of 3 Goblin(s) confronts a party of 1 adventurers at level 3.,Possible
encounter_914,1,9,8,Orc,0.5,A group of 8 Orc(s) confronts a party of 1 adventurers at level 9.,Possible
encounter_4082,3,4,5,Troll,5.0,A group of 5 Troll(s) confronts a party of 3 adventurers at level 4.,Not Possible
encounter_1200,2,10,9,Ogre,2.0,A group of 9 Ogre(s) confronts a party of 2 adventurers at level 10.,Possible
encounter_1275,4,15,6,Troll,5.0,A group of 6 Troll(s) confronts a party of 4 adventurers at level 15.,Possible
encounter_2376,4,10,3,Troll,5.0,A group of 3 Troll(s) confronts a party of 4 adventurers at level 10.,Possible
encounter_38,5,3,6,Young Red Dragon,10.0,A group of 6 Young Red Dragon(s) confronts a party of 5 adventurers at level 3.,Not Possible
encounter_975,4,14,9,Bugbear,1.0,A group of 9 Bugbear(s) confronts a party of 4 adventurers at level 14.,Possible
encounter_3196,3,7,5,Goblin,0.25,A group of 5 Goblin(s) confronts a party of 3 adventurers at level 7.,Possible
encounter_984,1,8,7,Goblin,0.25,A group of 7 Goblin(s) confronts a party of 1 adventurers at level 8.,Possible
encounter_3905,1,17,2,Ogre,2.0,A group of 2 Ogre(s) confronts a party of 1 adventurers at level 17.,Possible
encounter_4070,2,1,6,Orc,0.5,A group of 6 Orc(s) confronts a party of 2 adventurers at level 1.,Not Possible
encounter_1419,2,19,4,Troll,5.0,A group of 4 Troll(s) confronts a party of 2 adventurers at level 19.,Possible
encounter_3333,2,4,7,Troll,5.0,A group of 7 Troll(s) confronts a party of 2 adventurers at level 4.,Not Possible
encounter_1561,2,2,1,Troll,5.0,A group of 1 Troll(s) confronts a party of 2 adventurers at level 2.,Not Possible
encounter_40,4,8,5,Goblin,0.25,A group of 5 Goblin(s) confronts a party of 4 adventurers at level 8.,Possible
encounter_1487,3,5,9,Young Red Dragon,10.0,A group of 9 Young Red Dragon(s) confronts a party of 3 adventurers at level 5.,Not Possible
encounter_3884,4,3,6,Goblin,0.25,A group of 6 Goblin(s) confronts a party of 4 adventurers at level 3.,Possible
encounter_170,5,9,9,Orc,0.5,A group of 9 Orc(s) confronts a party of 5 adventurers at level 9.,Possible
encounter_1356,2,15,5,Bugbear,1.0,A group of 5 Bugbear(s) confronts a party of 2 adventurers at level 15.,Possible
encounter_2786,1,3,6,Goblin,0.25,A group of 6 Goblin(s) confronts a party of 1 adventurers at level 3.,Possible
encounter_3633,5,14,1,Goblin,0.25,A group of 1 Goblin(s) confronts a party of 5 adventurers at level 14.,Possible
encounter_4749,2,16,1,Orc,0.5,A group of 1 Orc(s) confronts a party of 2 adventurers at level 16.,Possible
encounter_4005,2,6,5,Ogre,2.0,A group of 5 Ogre(s) confronts a party of 2 adventurers at level 6.,Possible
encounter_2683,1,7,4,Ogre,2.0,A group of 4 Ogre(s) confronts a party of 1 adventurers at level 7.,Not Possible
encounter_4705,1,3,7,Young Red Dragon,10.0,A group of 7 Young Red Dragon(s) confronts a party of 1 adventurers at level 3.,Not Possible
encounter_4026,5,15,5,Ogre,2.0,A group of 5 Ogre(s) confronts a party of 5 adventurers at level 15.,Possible
encounter_1641,2,8,3,Goblin,0.25,A group of 3 Goblin(s) confronts a party of 2 adventurers at level 8.,Possible
encounter_1291,2,10,8,Goblin,0.25,A group of 8 Goblin(s) confronts a party of 2 adventurers at level 10.,Possible
encounter_1381,4,10,5,Troll,5.0,A group of 5 Troll(s) confronts a party of 4 adventurers at level 10.,Possible
encounter_1934,3,3,5,Young Red Dragon,10.0,A group of 5 Young Red Dragon(s) confronts a party of 3 adventurers at level 3.,Not Possible
encounter_580,1,9,8,Ogre,2.0,A group of 8 Ogre(s) confronts a party of 1 adventurers at level 9.,Not Possible
encounter_4221,5,1,4,Goblin,0.25,A group of 4 Goblin(s) confronts a party of 5 adventurers at level 1.,Possible
encounter_3161,2,11,6,Bugbear,1.0,A group of 6 Bugbear(s) confronts a party of 2 adventurers at level 11.,Possible
encounter_2031,5,9,6,Orc,0.5,A group of 6 Orc(s) confronts a party of 5 adventurers at level 9.,Possible
encounter_893,2,9,3,Goblin,0.25,A group of 3 Goblin(s) confronts a party of 2 adventurers at level 9.,Possible
encounter_3952,1,15,3,Bugbear,1.0,A group of 3 Bugbear(s) confronts a party of 1 adventurers at level 15.,Possible
encounter_781,5,17,5,Troll,5.0,A group of 5 Troll(s) confronts a party of 5 adventurers at level 17.,Possible
encounter_160,4,14,2,Goblin,0.25,A group of 2 Goblin(s) confronts a party of 4 adventurers at level 14.,Possible
encounter_3,3,4,6,Orc,0.5,A group of 6 Orc(s) confronts a party of 3 adventurers at level 4.,Possible
encounter_2264,3,1,2,Orc,0.5,A group of 2 Orc(s) confronts a party of 3 adventurers at level 1.,Possible
encounter_3217,5,15,1,Troll,5.0,A group of 1 Troll(s) confronts a party of 5 adventurers at level 15.,Possible
encounter_2110,2,8,4,Troll,5.0,A group of 4 Troll(s) confronts a party of 2 adventurers at level 8.,Not Possible
encounter_850,4,13,1,Orc,0.5,A group of 1 Orc(s) confronts a party of 4 adventurers at level 13.,Possible
encounter_2738,3,8,3,Goblin,0.25,A group of 3 Goblin(s) confronts a party of 3 adventurers at level 8.,Possible
encounter_2467,3,3,1,Troll,5.0,A group of 1 Troll(s) confronts a party of 3 adventurers at level 3.,Possible
encounter_3651,4,16,7,Orc,0.5,A group of 7 Orc(s) confronts a party of 4 adventurers at level 16.,Possible
encounter_1597,2,14,2,Goblin,0.25,A group of 2 Goblin(s) confronts a party of 2 adventurers at level 14.,Possible
encounter_1777,2,10,2,Bugbear,1.0,A group of 2 Bugbear(s) confronts a party of 2 adventurers at level 10.,Possible
encounter_1914,4,10,7,Goblin,0.25,A group of 7 Goblin(s) confronts a party of 4 adventurers at level 10.,Possible
encounter_1044,3,18,6,Bugbear,1.0,A group of 6 Bugbear(s) confronts a party of 3 adventurers at level 18.,Possible
encounter_4714,4,14,3,Ogre,2.0,A group of 3 Ogre(s) confronts a party of 4 adventurers at level 14.,Possible
encounter_1545,3,6,8,Bugbear,1.0,A group of 8 Bugbear(s) confronts a party of 3 adventurers at level 6.,Possible
encounter_2737,5,9,2,Orc,0.5,A group of 2 Orc(s) confronts a party of 5 adventurers at level 9.,Possible
encounter_3707,5,5,1,Goblin,0.25,A group of 1 Goblin(s) confronts a party of 5 adventurers at level 5.,Possible
encounter_4618,3,19,4,Orc,0.5,A group of 4 Orc(s) confronts a party of 3 adventurers at level 19.,Possible
encounter_54,5,2,2,Bugbear,1.0,A group of 2 Bugbear(s) confronts a party of 5 adventurers at level 2.,Possible
encounter_1797,3,7,2,Goblin,0.25,A group of 2 Goblin(s) confronts a party of 3 adventurers at level 7.,Possible
encounter_1912,4,1,6,Young Red Dragon,10.0,A group of 6 Young Red Dragon(s) confronts a party of 4 adventurers at level 1.,Not Possible
encounter_2307,4,14,9,Troll,5.0,A group of 9 Troll(s) confronts a party of 4 adventurers at level 14.,Possible
encounter_2554,2,15,3,Young Red Dragon,10.0,A group of 3 Young Red Dragon(s) confronts a party of 2 adventurers at level 15.,Possible
encounter_2801,5,12,7,Troll,5.0,A group of 7 Troll(s) confronts a party of 5 adventurers at level 12.,Possible
encounter_4087,5,13,2,Orc,0.5,A group of 2 Orc(s) confronts a party of 5 adventurers at level 13.,Possible
encounter_4128,2,17,9,Ogre,2.0,A group of 9 Ogre(s) confronts a party of 2 adventurers at level 17.,Possible
encounter_825,4,18,5,Orc,0.5,A group of 5 Orc(s) confronts a party of 4 adventurers at level 18.,Possible
encounter_4734,5,15,9,Orc,0.5,A group of 9 Orc(s) confronts a party of 5 adventurers at level 15.,Possible
encounter_3179,5,19,9,Troll,5.0,A group of 9 Troll(s) confronts a party of 5 adventurers at level 19.,Possible
encounter_3402,1,6,4,Young Red Dragon,10.0,A group of 4 Young Red Dragon(s) confronts a party of 1 adventurers at level 6.,Not Possible
encounter_1390,4,15,9,Ogre,2.0,A group of 9 Ogre(s) confronts a party of 4 adventurers at level 15.,Possible
encounter_3565,5,15,2,Goblin,0.25,A group of 2 Goblin(s) confronts a party of 5 adventurers at level 15.,Possible
encounter_4877,1,8,8,Ogre,2.0,A group of 8 Ogre(s) confronts a party of 1 adventurers at level 8.,Not Possible
encounter_885,5,14,3,Young Red Dragon,10.0,A group of 3 Young Red Dragon(s) confronts a party of 5 adventurers at level 14.,Possible
encounter_3806,2,17,5,Bugbear,1.0,A group of 5 Bugbear(s) confronts a party of 2 adventurers at level 17.,Possible
encounter_1608,3,12,6,Goblin,0.25,A group of 6 Goblin(s) confronts a party of 3 adventurers at level 12.,Possible
encounter_1595,2,9,4,Troll,5.0,A group of 4 Troll(s) confronts a party of 2 adventurers at level 9.,Not Possible
encounter_772,4,1,7,Young Red Dragon,10.0,A group of 7 Young Red Dragon(s) confronts a party of 4 adventurers at level 1.,Not Possible
encounter_2612,3,5,5,Orc,0.5,A group of 5 Orc(s) confronts a party of 3 adventurers at level 5.,Possible
encounter_4662,1,3,7,Goblin,0.25,A group of 7 Goblin(s) confronts a party of 1 adventurers at level 3.,Possible
encounter_2274,3,6,2,Orc,0.5,A group of 2 Orc(s) confronts a party of 3 adventurers at level 6.,Possible
encounter_1869,1,11,3,Goblin,0.25,A group of 3 Goblin(s) confronts a party of 1 adventurers at level 11.,Possible
encounter_1086,4,3,2,Bugbear,1.0,A group of 2 Bugbear(s) confronts a party of 4 adventurers at level 3.,Possible
encounter_11,1,13,7,Orc,0.5,A group of 7 Orc(s) confronts a party of 1 adventurers at level 13.,Possible
encounter_3612,3,11,5,Ogre,2.0,A group of 5 Ogre(s) confronts a party of 3 adventurers at level 11.,Possible
encounter_1326,4,15,3,Bugbear,1.0,A group of 3 Bugbear(s) confronts a party of 4 adventurers at level 15.,Possible
encounter_3391,2,9,6,Ogre,2.0,A group of 6 Ogre(s) confronts a party of 2 adventurers at level 9.,Possible
encounter_1464,3,4,6,Bugbear,1.0,A group of 6 Bugbear(s) confronts a party of 3 adventurers at level 4.,Possible
encounter_807,3,15,4,Goblin,0.25,A group of 4 Goblin(s) confronts a party of 3 adventurers at level 15.,Possible
encounter_4261,4,19,3,Troll,5.0,A group of 3 Troll(s) confronts a party of 4 adventurers at level 19.,Possible
encounter_3986,3,14,1,Ogre,2.0,A group of 1 Ogre(s) confronts a party of 3 adventurers at level 14.,Possible
encounter_3772,5,15,6,Bugbear,1.0,A group of 6 Bugbear(s) confronts a party of 5 adventurers at level 15.,Possible
encounter_2109,2,7,4,Young Red Dragon,10.0,A group of 4 Young Red Dragon(s) confronts a party of 2 adventurers at level 7.,Not Possible
encounter_4236,3,1,9,Goblin,0.25,A group of 9 Goblin(s) confronts a party of 3 adventurers at level 1.,Possible
encounter_4957,1,10,9,Orc,0.5,A group of 9 Orc(s) confronts a party of 1 adventurers at level 10.,Possible
encounter_2235,2,4,6,Goblin,0.25,A group of 6 Goblin(s) confronts a party of 2 adventurers at level 4.,Possible
encounter_3212,1,3,6,Bugbear,1.0,A group of 6 Bugbear(s) confronts a party of 1 adventurers at level 3.,Not Possible
encounter_964,2,10,3,Goblin,0.25,A group of 3 Goblin(s) confronts a party of 2 adventurers at level 10.,Possible
encounter_3416,5,2,2,Troll,5.0,A group of 2 Troll(s) confronts a party of 5 adventurers at level 2.,Possible
encounter_3754,5,8,2,Troll,5.0,A group of 2 Troll(s) confronts a party of 5 adventurers at level 8.,Possible
encounter_399,5,7,2,Goblin,0.25,A group of 2 Goblin(s) confronts a party of 5 adventurers at level 7.,Possible
encounter_2633,3,4,5,Bugbear,1.0,A group of 5 Bugbear(s) confronts a party of 3 adventurers at level 4.,Possible
encounter_4852,1,6,8,Troll,5.0,A group of 8 Troll(s) confronts a party of 1 adventurers at level 6.,Not Possible
encounter_2997,2,8,4,Young Red Dragon,10.0,A group of 4 Young Red Dragon(s) confronts a party of 2 adventurers at level 8.,Not Possible
encounter_705,4,3,2,Goblin,0.25,A group of 2 Goblin(s) confronts a party of 4 adventurers at level 3.,Possible
encounter_432,5,15,3,Troll,5.0,A group of 3 Troll(s) confronts a party of 5 adventurers at level 15.,Possible
encounter_293,1,14,7,Orc,0.5,A group of 7 Orc(s) confronts a party of 1 adventurers at level 14.,Possible
encounter_4868,1,18,8,Orc,0.5,A group of 8 Orc(s) confronts a party of 1 adventurers at level 18.,Possible
encounter_146,5,4,4,Ogre,2.0,A group of 4 Ogre(s) confronts a party of 5 adventurers at level 4.,Possible
encounter_4394,2,11,6,Young Red Dragon,10.0,A group of 6 Young Red Dragon(s) confronts a party of 2 adventurers at level 11.,Not Possible
encounter_2034,3,18,3,Troll,5.0,A group of 3 Troll(s) confronts a party of 3 adventurers at level 18.,Possible
encounter_4284,4,18,5,Orc,0.5,A group of 5 Orc(s) confronts a party of 4 adventurers at level 18.,Possible
encounter_1166,1,3,8,Bugbear,1.0,A group of 8 Bugbear(s) confronts a party of 1 adventurers at level 3.,Not Possible
encounter_3501,5,18,5,Ogre,2.0,A group of 5 Ogre(s) confronts a party of 5 adventurers at level 18.,Possible
encounter_2051,2,17,9,Young Red Dragon,10.0,A group of 9 Young Red Dragon(s) confronts a party of 2 adventurers at level 17.,Not Possible
encounter_2625,5,9,9,Orc,0.5,A group of 9 Orc(s) confronts a party of 5 adventurers at level 9.,Possible
encounter_4379,3,3,7,Young Red Dragon,10.0,A group of 7 Young Red Dragon(s) confronts a party of 3 adventurers at level 3.,Not Possible
encounter_340,3,4,1,Goblin,0.25,A group of 1 Goblin(s) confronts a party of 3 adventurers at level 4.,Possible
encounter_3880,2,1,7,Orc,0.5,A group of 7 Orc(s) confronts a party of 2 adventurers at level 1.,Not Possible
encounter_4633,2,9,5,Bugbear,1.0,A group of 5 Bugbear(s) confronts a party of 2 adventurers at level 9.,Possible
encounter_2974,1,13,7,Young Red Dragon,10.0,A group of 7 Young Red Dragon(s) confronts a party of 1 adventurers at level 13.,Not Possible
encounter_266,3,19,9,Goblin,0.25,A group of 9 Goblin(s) confronts a party of 3 adventurers at level 19.,Possible
encounter_2425,2,1,3,Bugbear,1.0,A group of 3 Bugbear(s) confronts a party of 2 adventurers at level 1.,Not Possible
encounter_1263,1,10,4,Goblin,0.25,A group of 4 Goblin(s) confronts a party of 1 adventurers at level 10.,Possible
encounter_1772,5,7,2,Ogre,2.0,A group of 2 Ogre(s) confronts a party of 5 adventurers at level 7.,Possible
encounter_3512,2,7,8,Orc,0.5,A group of 8 Orc(s) confronts a party of 2 adventurers at level 7.,Possible
encounter_272,5,5,5,Goblin,0.25,A group of 5 Goblin(s) confronts a party of 5 adventurers at level 5.,Possible
encounter_697,2,17,2,Orc,0.5,A group of 2 Orc(s) confronts a party of 2 adventurers at level 17.,Possible
encounter_748,5,5,6,Goblin,0.25,A group of 6 Goblin(s) confronts a party of 5 adventurers at level 5.,Possible
encounter_245,1,8,3,Young Red Dragon,10.0,A group of 3 Young Red Dragon(s) confronts a party of 1 adventurers at level 8.,Not Possible
encounter_318,2,6,4,Young Red Dragon,10.0,A group of 4 Young Red Dragon(s) confronts a party of 2 adventurers at level 6.,Not Possible
encounter_477,3,6,7,Orc,0.5,A group of 7 Orc(s) confronts a party of 3 adventurers at level 6.,Possible
encounter_2033,1,13,7,Troll,5.0,A group of 7 Troll(s) confronts a party of 1 adventurers at level 13.,Not Possible
encounter_958,5,17,8,Goblin,0.25,A group of 8 Goblin(s) confronts a party of 5 adventurers at level 17.,Possible
encounter_3817,5,17,1,Troll,5.0,A group of 1 Troll(s) confronts a party of 5 adventurers at level 17.,Possible
encounter_814,5,5,1,Ogre,2.0,A group of 1 Ogre(s) confronts a party of 5 adventurers at level 5.,Possible
encounter_4533,3,16,7,Goblin,0.25,A group of 7 Goblin(s) confronts a party of 3 adventurers at level 16.,Possible
encounter_1915,2,11,9,Ogre,2.0,A group of 9 Ogre(s) confronts a party of 2 adventurers at level 11.,Possible
encounter_4603,4,12,9,Young Red Dragon,10.0,A group of 9 Young Red Dragon(s) confronts a party of 4 adventurers at level 12.,Not Possible
encounter_3488,5,19,4,Young Red Dragon,10.0,A group of 4 Young Red Dragon(s) confronts a party of 5 adventurers at level 19.,Possible
encounter_1298,2,18,3,Goblin,0.25,A group of 3 Goblin(s) confronts a party of 2 adventurers at level 18.,Possible
encounter_4031,3,11,4,Ogre,2.0,A group of 4 Ogre(s) confronts a party of 3 adventurers at level 11.,Possible
encounter_1805,4,1,3,Goblin,0.25,A group of 3 Goblin(s) confronts a party of 4 adventurers at level 1.,Possible
encounter_759,3,16,1,Bugbear,1.0,A group of 1 Bugbear(s) confronts a party of 3 adventurers at level 16.,Possible
encounter_251,5,14,1,Young Red Dragon,10.0,A group of 1 Young Red Dragon(s) confronts a party of 5 adventurers at level 14.,Possible
encounter_2462,4,4,7,Young Red Dragon,10.0,A group of 7 Young Red Dragon(s) confronts a party of 4 adventurers at level 4.,Not Possible
encounter_546,3,2,5,Troll,5.0,A group of 5 Troll(s) confronts a party of 3 adventurers at level 2.,Not Possible
encounter_3242,4,2,7,Orc,0.5,A group of 7 Orc(s) confronts a party of 4 adventurers at level 2.,Possible
encounter_739,5,17,1,Young Red Dragon,10.0,A group of 1 Young Red Dragon(s) confronts a party of 5 adventurers at level 17.,Possible
encounter_311,3,15,1,Bugbear,1.0,A group of 1 Bugbear(s) confronts a party of 3 adventurers at level 15.,Possible
encounter_3781,4,16,8,Goblin,0.25,A group of 8 Goblin(s) confronts a party of 4 adventurers at level 16.,Possible
encounter_2942,3,5,5,Ogre,2.0,A group of 5 Ogre(s) confronts a party of 3 adventurers at level 5.,Possible
encounter_1132,3,16,8,Ogre,2.0,A group of 8 Ogre(s) confronts a party of 3 adventurers at level 16.,Possible
encounter_1450,3,7,2,Troll,5.0,A group of 2 Troll(s) confronts a party of 3 adventurers at level 7.,Possible
encounter_4920,5,14,9,Troll,5.0,A group of 9 Troll(s) confronts a party of 5 adventurers at level 14.,Possible
encounter_16,3,18,9,Bugbear,1.0,A group of 9 Bugbear(s) confronts a party of 3 adventurers at level 18.,Possible
encounter_3233,1,14,9,Troll,5.0,A group of 9 Troll(s) confronts a party of 1 adventurers at level 14.,Not Possible
encounter_2770,5,1,7,Troll,5.0,A group of 7 Troll(s) confronts a party of 5 adventurers at level 1.,Not Possible
encounter_3469,4,15,9,Orc,0.5,A group of 9 Orc(s) confronts a party of 4 adventurers at level 15.,Possible
encounter_921,5,6,7,Goblin,0.25,A group of 7 Goblin(s) confronts a party of 5 adventurers at level 6.,Possible
encounter_3030,5,16,3,Bugbear,1.0,A group of 3 Bugbear(s) confronts a party of 5 adventurers at level 16.,Possible
encounter_1373,5,3,3,Goblin,0.25,A group of 3 Goblin(s) confronts a party of 5 adventurers at level 3.,Possible
encounter_3588,2,6,8,Ogre,2.0,A group of 8 Ogre(s) confronts a party of 2 adventurers at level 6.,Not Possible
encounter_2545,1,6,2,Orc,0.5,A group of 2 Orc(s) confronts a party of 1 adventurers at level 6.,Possible
encounter_3599,4,4,4,Goblin,0.25,A group of 4 Goblin(s) confronts a party of 4 adventurers at level 4.,Possible
encounter_39,4,13,3,Goblin,0.25,A group of 3 Goblin(s) confronts a party of 4 adventurers at level 13.,Possible
encounter_364,5,2,3,Ogre,2.0,A group of 3 Ogre(s) confronts a party of 5 adventurers at level 2.,Possible
encounter_4102,2,16,1,Ogre,2.0,A group of 1 Ogre(s) confronts a party of 2 adventurers at level 16.,Possible
encounter_183,1,12,3,Young Red Dragon,10.0,A group of 3 Young Red Dragon(s) confronts a party of 1 adventurers at level 12.,Not Possible
encounter_3034,4,12,6,Ogre,2.0,A group of 6 Ogre(s) confronts a party of 4 adventurers at level 12.,Possible
encounter_2984,4,2,7,Young Red Dragon,10.0,A group of 7 Young Red Dragon(s) confronts a party of 4 adventurers at level 2.,Not Possible
encounter_1195,4,11,1,Bugbear,1.0,A group of 1 Bugbear(s) confronts a party of 4 adventurers at level 11.,Possible
encounter_2853,5,18,6,Orc,0.5,A group of 6 Orc(s) confronts a party of 5 adventurers at level 18.,Possible
encounter_4543,4,6,9,Orc,0.5,A group of 9 Orc(s) confronts a party of 4 adventurers at level 6.,Possible
encounter_1122,1,2,4,Troll,5.0,A group of 4 Troll(s) confronts a party of 1 adventurers at level 2.,Not Possible
encounter_2236,1,10,3,Young Red Dragon,10.0,A group of 3 Young Red Dragon(s) confronts a party of 1 adventurers at level 10.,Not Possible
encounter_2668,1,14,1,Bugbear,1.0,A group of 1 Bugbear(s) confronts a party of 1 adventurers at level 14.,Possible
encounter_3700,5,13,4,Troll,5.0,A group of 4 Troll(s) confronts a party of 5 adventurers at level 13.,Possible
encounter_3224,4,2,6,Bugbear,1.0,A group of 6 Bugbear(s) confronts a party of 4 adventurers at level 2.,Possible
encounter_1183,3,7,1,Goblin,0.25,A group of 1 Goblin(s) confronts a party of 3 adventurers at level 7.,Possible
encounter_4185,5,3,7,Troll,5.0,A group of 7 Troll(s) confronts a party of 5 adventurers at level 3.,Not Possible
encounter_4294,2,15,1,Ogre,2.0,A group of 1 Ogre(s) confronts a party of 2 adventurers at level 15.,Possible
encounter_615,1,13,9,Ogre,2.0,A group of 9 Ogre(s) confronts a party of 1 adventurers at level 13.,Not Possible
encounter_4909,4,2,8,Troll,5.0,A group of 8 Troll(s) confronts a party of 4 adventurers at level 2.,Not Possible
encounter_1467,3,1,8,Young Red Dragon,10.0,A group of 8 Young Red Dragon(s) confronts a party of 3 adventurers at level 1.,Not Possible
encounter_402,1,13,1,Bugbear,1.0,A group of 1 Bugbear(s) confronts a party of 1 adventurers at level 13.,Possible
encounter_3043,5,18,7,Bugbear,1.0,A group of 7 Bugbear(s) confronts a party of 5 adventurers at level 18.,Possible
encounter_935,3,19,5,Young Red Dragon,10.0,A group of 5 Young Red Dragon(s) confronts a party of 3 adventurers at level 19.,Possible
encounter_2420,4,6,9,Troll,5.0,A group of 9 Troll(s) confronts a party of 4 adventurers at level 6.,Not Possible
encounter_4861,2,9,4,Ogre,2.0,A group of 4 Ogre(s) confronts a party of 2 adventurers at level 9.,Possible
encounter_4911,2,6,3,Bugbear,1.0,A group of 3 Bugbear(s) confronts a party of 2 adventurers at level 6.,Possible
encounter_2642,3,6,4,Ogre,2.0,A group of 4 Ogre(s) confronts a party of 3 adventurers at level 6.,Possible
encounter_4018,4,14,8,Ogre,2.0,A group of 8 Ogre(s) confronts a party of 4 adventurers at level 14.,Possible
encounter_727,3,16,5,Troll,5.0,A group of 5 Troll(s) confronts a party of 3 adventurers at level 16.,Possible
encounter_827,2,17,6,Bugbear,1.0,A group of 6 Bugbear(s) confronts a party of 2 adventurers at level 17.,Possible
encounter_1522,3,16,9,Ogre,2.0,A group of 9 Ogre(s) confronts a party of 3 adventurers at level 16.,Possible
encounter_4857,1,14,5,Ogre,2.0,A group of 5 Ogre(s) confronts a party of 1 adventurers at level 14.,Possible
encounter_2931,1,5,3,Young Red Dragon,10.0,A group of 3 Young Red Dragon(s) confronts a party of 1 adventurers at level 5.,Not Possible
encounter_137,3,14,4,Troll,5.0,A group of 4 Troll(s) confronts a party of 3 adventurers at level 14.,Possible
encounter_3591,2,9,6,Ogre,2.0,A group of 6 Ogre(s) confronts a party of 2 adventurers at level 9.,Possible
encounter_629,4,8,2,Bugbear,1.0,A group of 2 Bugbear(s) confronts a party of 4 adventurers at level 8.,Possible
encounter_335,3,3,7,Troll,5.0,A group of 7 Troll(s) confronts a party of 3 adventurers at level 3.,Not Possible
encounter_391,1,2,4,Bugbear,1.0,A group of 4 Bugbear(s) confronts a party of 1 adventurers at level 2.,Not Possible
encounter_4388,1,16,4,Orc,0.5,A group of 4 Orc(s) confronts a party of 1 adventurers at level 16.,Possible
encounter_4905,4,2,9,Bugbear,1.0,A group of 9 Bugbear(s) confronts a party of 4 adventurers at level 2.,Not Possible
encounter_3833,4,17,6,Bugbear,1.0,A group of 6 Bugbear(s) confronts a party of 4 adventurers at level 17.,Possible
encounter_1818,5,5,1,Ogre,2.0,A group of 1 Ogre(s) confronts a party of 5 adventurers at level 5.,Possible
encounter_401,2,4,5,Ogre,2.0,A group of 5 Ogre(s) confronts a party of 2 adventurers at level 4.,Not Possible
encounter_711,5,14,6,Troll,5.0,A group of 6 Troll(s) confronts a party of 5 adventurers at level 14.,Possible
encounter_1040,3,1,2,Orc,0.5,A group of 2 Orc(s) confronts a party of 3 adventurers at level 1.,Possible
encounter_3990,5,16,2,Young Red Dragon,10.0,A group of 2 Young Red Dragon(s) confronts a party of 5 adventurers at level 16.,Possible
encounter_3360,5,10,9,Bugbear,1.0,A group of 9 Bugbear(s) confronts a party of 5 adventurers at level 10.,Possible
encounter_47,2,5,1,Bugbear,1.0,A group of 1 Bugbear(s) confronts a party of 2 adventurers at level 5.,Possible
encounter_1562,2,5,9,Young Red Dragon,10.0,A group of 9 Young Red Dragon(s) confronts a party of 2 adventurers at level 5.,Not Possible
encounter_4800,4,1,2,Young Red Dragon,10.0,A group of 2 Young Red Dragon(s) confronts a party of 4 adventurers at level 1.,Not Possible
encounter_3643,1,18,3,Goblin,0.25,A group of 3 Goblin(s) confronts a party of 1 adventurers at level 18.,Possible
encounter_3727,1,19,9,Goblin,0.25,A group of 9 Goblin(s) confronts a party of 1 adventurers at level 19.,Possible
encounter_4983,5,11,3,Ogre,2.0,A group of 3 Ogre(s) confronts a party of 5 adventurers at level 11.,Possible
encounter_1113,2,1,2,Goblin,0.25,A group of 2 Goblin(s) confronts a party of 2 adventurers at level 1.,Possible
encounter_2514,5,10,2,Orc,0.5,A group of 2 Orc(s) confronts a party of 5 adventurers at level 10.,Possible
encounter_3609,3,16,5,Young Red Dragon,10.0,A group of 5 Young Red Dragon(s) confronts a party of 3 adventurers at level 16.,Not Possible
encounter_1224,1,13,8,Orc,0.5,A group of 8 Orc(s) confronts a party of 1 adventurers at level 13.,Possible
encounter_4061,1,5,9,Young Red Dragon,10.0,A group of 9 Young Red Dragon(s) confronts a party of 1 adventurers at level 5.,Not Possible
encounter_3024,5,4,3,Orc,0.5,A group of 3 Orc(s) confronts a party of 5 adventurers at level 4.,Possible
encounter_2422,5,10,5,Troll,5.0,A group of 5 Troll(s) confronts a party of 5 adventurers at level 10.,Possible
encounter_1509,3,1,6,Troll,5.0,A group of 6 Troll(s) confronts a party of 3 adventurers at level 1.,Not Possible
encounter_1751,4,4,9,Orc,0.5,A group of 9 Orc(s) confronts a party of 4 adventurers at level 4.,Possible
encounter_4838,5,5,2,Goblin,0.25,A group of 2 Goblin(s) confronts a party of 5 adventurers at level 5.,Possible
encounter_4097,2,18,2,Bugbear,1.0,A group of 2 Bugbear(s) confronts a party of 2 adventurers at level 18.,Possible
encounter_1800,1,17,9,Goblin,0.25,A group of 9 Goblin(s) confronts a party of 1 adventurers at level 17.,Possible
encounter_339,5,2,5,Goblin,0.25,A group of 5 Goblin(s) confronts a party of 5 adventurers at level 2.,Possible
encounter_216,3,3,8,Young Red Dragon,10.0,A group of 8 Young Red Dragon(s) confronts a party of 3 adventurers at level 3.,Not Possible
encounter_3664,1,4,8,Orc,0.5,A group of 8 Orc(s) confronts a party of 1 adventurers at level 4.,Possible
encounter_1342,1,2,9,Bugbear,1.0,A group of 9 Bugbear(s) confronts a party of 1 adventurers at level 2.,Not Possible
encounter_12,4,19,2,Goblin,0.25,A group of 2 Goblin(s) confronts a party of 4 adventurers at level 19.,Possible
encounter_1521,5,5,2,Ogre,2.0,A group of 2 Ogre(s) confronts a party of 5 adventurers at level 5.,Possible
encounter_3641,2,15,5,Troll,5.0,A group of 5 Troll(s) confronts a party of 2 adventurers at level 15.,Possible
encounter_3938,5,10,7,Troll,5.0,A group of 7 Troll(s) confronts a party of 5 adventurers at level 10.,Possible
encounter_4428,3,12,2,Ogre,2.0,A group of 2 Ogre(s) confronts a party of 3 adventurers at level 12.,Possible
encounter_3005,3,14,2,Goblin,0.25,A group of 2 Goblin(s) confronts a party of 3 adventurers at level 14.,Possible
encounter_2865,4,19,6,Troll,5.0,A group of 6 Troll(s) confronts a party of 4 adventurers at level 19.,Possible
encounter_3116,4,7,8,Goblin,0.25,A group of 8 Goblin(s) confronts a party of 4 adventurers at level 7.,Possible
encounter_4841,5,16,8,Young Red Dragon,10.0,A group of 8 Young Red Dragon(s) confronts a party of 5 adventurers at level 16.,Possible
encounter_2323,5,14,1,Young Red Dragon,10.0,A group of 1 Young Red Dragon(s) confronts a party of 5 adventurers at level 14.,Possible
encounter_2572,3,2,6,Bugbear,1.0,A group of 6 Bugbear(s) confronts a party of 3 adventurers at level 2.,Possible
encounter_2914,5,9,5,Goblin,0.25,A group of 5 Goblin(s) confronts a party of 5 adventurers at level 9.,Possible
encounter_102,2,7,4,Troll,5.0,A group of 4 Troll(s) confronts a party of 2 adventurers at level 7.,Not Possible
encounter_3550,3,12,4,Goblin,0.25,A group of 4 Goblin(s) confronts a party of 3 adventurers at level 12.,Possible
encounter_1459,4,19,2,Troll,5.0,A group of 2 Troll(s) confronts a party of 4 adventurers at level 19.,Possible
encounter_172,2,1,3,Goblin,0.25,A group of 3 Goblin(s) confronts a party of 2 adventurers at level 1.,Possible
encounter_108,4,16,1,Young Red Dragon,10.0,A group of 1 Young Red Dragon(s) confronts a party of 4 adventurers at level 16.,Possible
encounter_4197,3,2,6,Orc,0.5,A group of 6 Orc(s) confronts a party of 3 adventurers at level 2.,Possible
encounter_3570,3,3,6,Ogre,2.0,A group of 6 Ogre(s) confronts a party of 3 adventurers at level 3.,Not Possible
encounter_4992,3,3,3,Troll,5.0,A group of 3 Troll(s) confronts a party of 3 adventurers at level 3.,Not Possible
encounter_4296,4,7,6,Young Red Dragon,10.0,A group of 6 Young Red Dragon(s) confronts a party of 4 adventurers at level 7.,Not Possible
encounter_4064,3,18,4,Young Red Dragon,10.0,A group of 4 Young Red Dragon(s) confronts a party of 3 adventurers at level 18.,Possible
encounter_3862,1,8,2,Goblin,0.25,A group of 2 Goblin(s) confronts a party of 1 adventurers at level 8.,Possible
encounter_4123,2,15,6,Goblin,0.25,A group of 6 Goblin(s) confronts a party of 2 adventurers at level 15.,Possible
encounter_4630,1,11,9,Young Red Dragon,10.0,A group of 9 Young Red Dragon(s) confronts a party of 1 adventurers at level 11.,Not Possible
encounter_61,3,17,6,Ogre,2.0,A group of 6 Ogre(s) confronts a party of 3 adventurers at level 17.,Possible
encounter_1241,4,16,5,Ogre,2.0,A group of 5 Ogre(s) confronts a party of 4 adventurers at level 16.,Possible
encounter_4638,4,16,6,Bugbear,1.0,A group of 6 Bugbear(s) confronts a party of 4 adventurers at level 16.,Possible
encounter_1041,3,5,9,Bugbear,1.0,A group of 9 Bugbear(s) confronts a party of 3 adventurers at level 5.,Possible
encounter_4188,4,18,9,Orc,0.5,A group of 9 Orc(s) confronts a party of 4 adventurers at level 18.,Possible
encounter_2761,3,2,7,Orc,0.5,A group of 7 Orc(s) confronts a party of 3 adventurers at level 2.,Possible
encounter_2121,2,11,6,Ogre,2.0,A group of 6 Ogre(s) confronts a party of 2 adventurers at level 11.,Possible
encounter_1525,5,16,5,Bugbear,1.0,A group of 5 Bugbear(s) confronts a party of 5 adventurers at level 16.,Possible
encounter_3522,2,16,8,Young Red Dragon,10.0,A group of 8 Young Red Dragon(s) confronts a party of 2 adventurers at level 16.,Not Possible
encounter_154,5,1,8,Bugbear,1.0,A group of 8 Bugbear(s) confronts a party of 5 adventurers at level 1.,Not Possible
encounter_2249,2,15,6,Young Red Dragon,10.0,A group of 6 Young Red Dragon(s) confronts a party of 2 adventurers at level 15.,Not Possible
encounter_482,2,13,7,Troll,5.0,A group of 7 Troll(s) confronts a party of 2 adventurers at level 13.,Not Possible
encounter_4234,5,15,8,Bugbear,1.0,A group of 8 Bugbear(s) confronts a party of 5 adventurers at level 15.,Possible
encounter_4306,1,12,6,Orc,0.5,A group of 6 Orc(s) confronts a party of 1 adventurers at level 12.,Possible
encounter_3579,1,3,7,Orc,0.5,A group of 7 Orc(s) confronts a party of 1 adventurers at level 3.,Not Possible
encounter_4126,2,13,9,Goblin,0.25,A group of 9 Goblin(s) confronts a party of 2 adventurers at level 13.,Possible
encounter_3563,2,19,1,Young Red Dragon,10.0,A group of 1 Young Red Dragon(s) confronts a party of 2 adventurers at level 19.,Possible
encounter_3316,1,5,5,Orc,0.5,A group of 5 Orc(s) confronts a party of 1 adventurers at level 5.,Possible
encounter_1763,3,12,4,Goblin,0.25,A group of 4 Goblin(s) confronts a party of 3 adventurers at level 12.,Possible
encounter_3539,1,13,7,Troll,5.0,A group of 7 Troll(s) confronts a party of 1 adventurers at level 13.,Not Possible
encounter_4804,1,16,9,Young Red Dragon,10.0,A group of 9 Young Red Dragon(s) confronts a party of 1 adventurers at level 16.,Not Possible
encounter_751,2,16,7,Goblin,0.25,A group of 7 Goblin(s) confronts a party of 2 adventurers at level 16.,Possible
encounter_3620,3,6,5,Goblin,0.25,A group of 5 Goblin(s) confronts a party of 3 adventurers at level 6.,Possible
encounter_1786,5,7,4,Bugbear,1.0,A group of 4 Bugbear(s) confronts a party of 5 adventurers at level 7.,Possible
encounter_4271,2,8,1,Troll,5.0,A group of 1 Troll(s) confronts a party of 2 adventurers at level 8.,Possible
encounter_3384,1,1,2,Orc,0.5,A group of 2 Orc(s) confronts a party of 1 adventurers at level 1.,Possible
encounter_4349,3,5,1,Ogre,2.0,A group of 1 Ogre(s) confronts a party of 3 adventurers at level 5.,Possible
encounter_406,4,11,1,Orc,0.5,A group of 1 Orc(s) confronts a party of 4 adventurers at level 11.,Possible
encounter_758,1,5,3,Troll,5.0,A group of 3 Troll(s) confronts a party of 1 adventurers at level 5.,Not Possible
encounter_2712,1,10,8,Goblin,0.25,A group of 8 Goblin(s) confronts a party of 1 adventurers at level 10.,Possible
encounter_2671,5,5,8,Bugbear,1.0,A group of 8 Bugbear(s) confronts a party of 5 adventurers at level 5.,Possible
encounter_3984,3,18,3,Troll,5.0,A group of 3 Troll(s) confronts a party of 3 adventurers at level 18.,Possible
encounter_98,4,17,4,Goblin,0.25,A group of 4 Goblin(s) confronts a party of 4 adventurers at level 17.,Possible
encounter_1334,2,16,9,Young Red Dragon,10.0,A group of 9 Young Red Dragon(s) confronts a party of 2 adventurers at level 16.,Not Possible
encounter_4452,4,5,5,Troll,5.0,A group of 5 Troll(s) confronts a party of 4 adventurers at level 5.,Not Possible
encounter_2792,5,18,4,Young Red Dragon,10.0,A group of 4 Young Red Dragon(s) confronts a party of 5 adventurers at level 18.,Possible
encounter_2855,1,4,9,Ogre,2.0,A group of 9 Ogre(s) confronts a party of 1 adventurers at level 4.,Not Possible
encounter_187,2,11,1,Orc,0.5,A group of 1 Orc(s) confronts a party of 2 adventurers at level 11.,Possible
encounter_4004,5,14,1,Orc,0.5,A group of 1 Orc(s) confronts a party of 5 adventurers at level 14.,Possible
encounter_2724,4,14,6,Goblin,0.25,A group of 6 Goblin(s) confronts a party of 4 adventurers at level 14.,Possible
encounter_3584,4,11,9,Orc,0.5,A group of 9 Orc(s) confronts a party of 4 adventurers at level 11.,Possible
encounter_2059,1,19,9,Goblin,0.25,A group of 9 Goblin(s) confronts a party of 1 adventurers at level 19.,Possible
encounter_1320,2,17,9,Ogre,2.0,A group of 9 Ogre(s) confronts a party of 2 adventurers at level 17.,Possible
encounter_149,1,15,8,Troll,5.0,A group of 8 Troll(s) confronts a party of 1 adventurers at level 15.,Not Possible
encounter_29,1,7,8,Ogre,2.0,A group of 8 Ogre(s) confronts a party of 1 adventurers at level 7.,Not Possible
encounter_4141,5,14,8,Orc,0.5,A group of 8 Orc(s) confronts a party of 5 adventurers at level 14.,Possible
encounter_4010,1,11,5,Orc,0.5,A group of 5 Orc(s) confronts a party of 1 adventurers at level 11.,Possible
encounter_3364,3,15,1,Ogre,2.0,A group of 1 Ogre(s) confronts a party of 3 adventurers at level 15.,Possible
encounter_693,4,6,9,Goblin,0.25,A group of 9 Goblin(s) confronts a party of 4 adventurers at level 6.,Possible
encounter_2867,4,13,5,Bugbear,1.0,A group of 5 Bugbear(s) confronts a party of 4 adventurers at level 13.,Possible
encounter_3777,5,18,7,Young Red Dragon,10.0,A group of 7 Young Red Dragon(s) confronts a party of 5 adventurers at level 18.,Possible
encounter_1387,1,4,3,Troll,5.0,A group of 3 Troll(s) confronts a party of 1 adventurers at level 4.,Not Possible
encounter_1846,4,8,8,Bugbear,1.0,A group of 8 Bugbear(s) confronts a party of 4 adventurers at level 8.,Possible
encounter_4731,1,14,6,Young Red Dragon,10.0,A group of 6 Young Red Dragon(s) confronts a party of 1 adventurers at level 14.,Not Possible
encounter_130,4,3,2,Ogre,2.0,A group of 2 Ogre(s) confronts a party of 4 adventurers at level 3.,Possible
encounter_1600,5,18,8,Ogre,2.0,A group of 8 Ogre(s) confronts a party of 5 adventurers at level 18.,Possible
encounter_3630,5,7,2,Goblin,0.25,A group of 2 Goblin(s) confronts a party of 5 adventurers at level 7.,Possible
encounter_4504,5,18,2,Goblin,0.25,A group of 2 Goblin(s) confronts a party of 5 adventurers at level 18.,Possible
encounter_702,5,9,1,Ogre,2.0,A group of 1 Ogre(s) confronts a party of 5 adventurers at level 9.,Possible
encounter_3983,3,5,9,Orc,0.5,A group of 9 Orc(s) confronts a party of 3 adventurers at level 5.,Possible
encounter_3029,5,18,9,Bugbear,1.0,A group of 9 Bugbear(s) confronts a party of 5 adventurers at level 18.,Possible
encounter_2970,3,15,3,Orc,0.5,A group of 3 Orc(s) confronts a party of 3 adventurers at level 15.,Possible
encounter_4357,4,17,8,Troll,5.0,A group of 8 Troll(s) confronts a party of 4 adventurers at level 17.,Possible
encounter_1709,2,11,4,Young Red Dragon,10.0,A group of 4 Young Red Dragon(s) confronts a party of 2 adventurers at level 11.,Not Possible
encounter_2954,1,19,9,Ogre,2.0,A group of 9 Ogre(s) confronts a party of 1 adventurers at level 19.,Possible
encounter_455,4,11,3,Young Red Dragon,10.0,A group of 3 Young Red Dragon(s) confronts a party of 4 adventurers at level 11.,Possible
encounter_2869,3,4,6,Troll,5.0,A group of 6 Troll(s) confronts a party of 3 adventurers at level 4.,Not Possible
encounter_2041,4,11,9,Young Red Dragon,10.0,A group of 9 Young Red Dragon(s) confronts a party of 4 adventurers at level 11.,Not Possible
encounter_1773,2,1,8,Troll,5.0,A group of 8 Troll(s) confronts a party of 2 adventurers at level 1.,Not Possible
encounter_2316,5,14,6,Goblin,0.25,A group of 6 Goblin(s) confronts a party of 5 adventurers at level 14.,Possible
encounter_610,4,14,2,Goblin,0.25,A group of 2 Goblin(s) confronts a party of 4 adventurers at level 14.,Possible
encounter_168,5,14,2,Troll,5.0,A group of 2 Troll(s) confronts a party of 5 adventurers at level 14.,Possible
encounter_731,2,10,7,Young Red Dragon,10.0,A group of 7 Young Red Dragon(s) confronts a party of 2 adventurers at level 10.,Not Possible
encounter_4249,3,13,3,Orc,0.5,A group of 3 Orc(s) confronts a party of 3 adventurers at level 13.,Possible
encounter_3359,5,13,4,Orc,0.5,A group of 4 Orc(s) confronts a party of 5 adventurers at level 13.,Possible
encounter_2075,3,16,8,Troll,5.0,A group of 8 Troll(s) confronts a party of 3 adventurers at level 16.,Possible
encounter_4040,1,17,1,Bugbear,1.0,A group of 1 Bugbear(s) confronts a party of 1 adventurers at level 17.,Possible
encounter_3701,3,17,6,Orc,0.5,A group of 6 Orc(s) confronts a party of 3 adventurers at level 17.,Possible
encounter_1623,2,10,7,Bugbear,1.0,A group of 7 Bugbear(s) confronts a party of 2 adventurers at level 10.,Possible
encounter_588,2,10,9,Orc,0.5,A group of 9 Orc(s) confronts a party of 2 adventurers at level 10.,Possible
encounter_1402,3,16,7,Goblin,0.25,A group of 7 Goblin(s) confronts a party of 3 adventurers at level 16.,Possible
encounter_3046,5,4,4,Orc,0.5,A group of 4 Orc(s) confronts a party of 5 adventurers at level 4.,Possible
encounter_3225,3,8,2,Young Red Dragon,10.0,A group of 2 Young Red Dragon(s) confronts a party of 3 adventurers at level 8.,Possible
encounter_1701,3,13,5,Bugbear,1.0,A group of 5 Bugbear(s) confronts a party of 3 adventurers at level 13.,Possible
encounter_3089,3,9,5,Orc,0.5,A group of 5 Orc(s) confronts a party of 3 adventurers at level 9.,Possible
encounter_4391,1,7,8,Bugbear,1.0,A group of 8 Bugbear(s) confronts a party of 1 adventurers at level 7.,Not Possible
encounter_2982,2,19,4,Troll,5.0,A group of 4 Troll(s) confronts a party of 2 adventurers at level 19.,Possible
encounter_41,5,16,2,Bugbear,1.0,A group of 2 Bugbear(s) confronts a party of 5 adventurers at level 16.,Possible
encounter_1380,5,13,1,Goblin,0.25,A group of 1 Goblin(s) confronts a party of 5 adventurers at level 13.,Possible
encounter_2090,3,17,5,Young Red Dragon,10.0,A group of 5 Young Red Dragon(s) confronts a party of 3 adventurers at level 17.,Possible
encounter_2176,5,1,5,Orc,0.5,A group of 5 Orc(s) confronts a party of 5 adventurers at level 1.,Possible
encounter_3218,4,2,1,Goblin,0.25,A group of 1 Goblin(s) confronts a party of 4 adventurers at level 2.,Possible
encounter_2886,4,9,8,Troll,5.0,A group of 8 Troll(s) confronts a party of 4 adventurers at level 9.,Not Possible
encounter_75,5,3,5,Ogre,2.0,A group of 5 Ogre(s) confronts a party of 5 adventurers at level 3.,Possible
encounter_3910,1,8,4,Troll,5.0,A group of 4 Troll(s) confronts a party of 1 adventurers at level 8.,Not Possible
encounter_4965,4,3,2,Orc,0.5,A group of 2 Orc(s) confronts a party of 4 adventurers at level 3.,Possible
encounter_2658,5,12,2,Troll,5.0,A group of 2 Troll(s) confronts a party of 5 adventurers at level 12.,Possible
encounter_3181,3,17,4,Goblin,0.25,A group of 4 Goblin(s) confronts a party of 3 adventurers at level 17.,Possible
encounter_2077,2,4,5,Orc,0.5,A group of 5 Orc(s) confronts a party of 2 adventurers at level 4.,Possible
encounter_442,3,15,3,Goblin,0.25,A group of 3 Goblin(s) confronts a party of 3 adventurers at level 15.,Possible
encounter_4052,1,6,1,Bugbear,1.0,A group of 1 Bugbear(s) confronts a party of 1 adventurers at level 6.,Possible
encounter_2052,4,16,2,Orc,0.5,A group of 2 Orc(s) confronts a party of 4 adventurers at level 16.,Possible
encounter_2542,5,9,4,Orc,0.5,A group of 4 Orc(s) confronts a party of 5 adventurers at level 9.,Possible
encounter_3307,4,5,8,Troll,5.0,A group of 8 Troll(s) confronts a party of 4 adventurers at level 5.,Not Possible
encounter_1302,3,2,6,Orc,0.5,A group of 6 Orc(s) confronts a party of 3 adventurers at level 2.,Possible
encounter_1782,1,10,8,Bugbear,1.0,A group of 8 Bugbear(s) confronts a party of 1 adventurers at level 10.,Possible
encounter_4815,2,8,1,Bugbear,1.0,A group of 1 Bugbear(s) confronts a party of 2 adventurers at level 8.,Possible
encounter_3431,2,8,3,Troll,5.0,A group of 3 Troll(s) confronts a party of 2 adventurers at level 8.,Possible
encounter_1305,3,1,3,Orc,0.5,A group of 3 Orc(s) confronts a party of 3 adventurers at level 1.,Possible
encounter_237,2,3,1,Young Red Dragon,10.0,A group of 1 Young Red Dragon(s) confronts a party of 2 adventurers at level 3.,Not Possible
encounter_2600,1,18,7,Goblin,0.25,A group of 7 Goblin(s) confronts a party of 1 adventurers at level 18.,Possible
encounter_521,3,13,7,Young Red Dragon,10.0,A group of 7 Young Red Dragon(s) confronts a party of 3 adventurers at level 13.,Not Possible
encounter_2574,5,19,7,Troll,5.0,A group of 7 Troll(s) confronts a party of 5 adventurers at level 19.,Possible
encounter_3281,2,11,5,Goblin,0.25,A group of 5 Goblin(s) confronts a party of 2 adventurers at level 11.,Possible
encounter_3187,5,9,6,Young Red Dragon,10.0,A group of 6 Young Red Dragon(s) confronts a party of 5 adventurers at level 9.,Not Possible
encounter_2769,2,4,1,Young Red Dragon,10.0,A group of 1 Young Red Dragon(s) confronts a party of 2 adventurers at level 4.,Not Possible
encounter_736,1,15,8,Young Red Dragon,10.0,A group of 8 Young Red Dragon(s) confronts a party of 1 adventurers at level 15.,Not Possible
encounter_4704,1,1,3,Ogre,2.0,A group of 3 Ogre(s) confronts a party of 1 adventurers at level 1.,Not Possible
encounter_4930,4,6,5,Orc,0.5,A group of 5 Orc(s) confronts a party of 4 adventurers at level 6.,Possible
encounter_2107,5,17,1,Goblin,0.25,A group of 1 Goblin(s) confronts a party of 5 adventurers at level 17.,Possible
encounter_2680,3,17,5,Goblin,0.25,A group of 5 Goblin(s) confronts a party of 3 adventurers at level 17.,Possible
encounter_3230,4,16,5,Ogre,2.0,A group of 5 Ogre(s) confronts a party of 4 adventurers at level 16.,Possible
encounter_2762,5,2,5,Goblin,0.25,A group of 5 Goblin(s) confronts a party of 5 adventurers at level 2.,Possible
encounter_593,5,14,1,Ogre,2.0,A group of 1 Ogre(s) confronts a party of 5 adventurers at level 14.,Possible
encounter_1304,1,1,9,Ogre,2.0,A group of 9 Ogre(s) confronts a party of 1 adventurers at level 1.,Not Possible
encounter_1388,4,19,3,Young Red Dragon,10.0,A group of 3 Young Red Dragon(s) confronts a party of 4 adventurers at level 19.,Possible
encounter_4696,2,3,3,Goblin,0.25,A group of 3 Goblin(s) confronts a party of 2 adventurers at level 3.,Possible
encounter_4527,5,13,2,Ogre,2.0,A group of 2 Ogre(s) confronts a party of 5 adventurers at level 13.,Possible
encounter_3948,4,19,6,Ogre,2.0,A group of 6 Ogre(s) confronts a party of 4 adventurers at level 19.,Possible
encounter_1891,2,4,7,Young Red Dragon,10.0,A group of 7 Young Red Dragon(s) confronts a party of 2 adventurers at level 4.,Not Possible
encounter_2988,2,18,3,Goblin,0.25,A group of 3 Goblin(s) confronts a party of 2 adventurers at level 18.,Possible
encounter_4925,3,19,3,Goblin,0.25,A group of 3 Goblin(s) confronts a party of 3 adventurers at level 19.,Possible
encounter_3298,2,17,4,Ogre,2.0,A group of 4 Ogre(s) confronts a party of 2 adventurers at level 17.,Possible
encounter_905,4,1,5,Young Red Dragon,10.0,A group of 5 Young Red Dragon(s) confronts a party of 4 adventurers at level 1.,Not Possible
encounter_4610,4,7,9,Ogre,2.0,A group of 9 Ogre(s) confronts a party of 4 adventurers at level 7.,Possible
encounter_1280,2,1,1,Goblin,0.25,A group of 1 Goblin(s) confronts a party of 2 adventurers at level 1.,Possible
encounter_934,5,10,5,Orc,0.5,A group of 5 Orc(s) confronts a party of 5 adventurers at level 10.,Possible
encounter_4900,2,15,9,Young Red Dragon,10.0,A group of 9 Young Red Dragon(s) confronts a party of 2 adventurers at level 15.,Not Possible
encounter_2309,2,10,9,Orc,0.5,A group of 9 Orc(s) confronts a party of 2 adventurers at level 10.,Possible
encounter_1556,4,8,2,Troll,5.0,A group of 2 Troll(s) confronts a party of 4 adventurers at level 8.,Possible
encounter_4534,2,3,3,Ogre,2.0,A group of 3 Ogre(s) confronts a party of 2 adventurers at level 3.,Possible
encounter_3191,5,11,6,Young Red Dragon,10.0,A group of 6 Young Red Dragon(s) confronts a party of 5 adventurers at level 11.,Not Possible
encounter_4442,4,15,1,Bugbear,1.0,A group of 1 Bugbear(s) confronts a party of 4 adventurers at level 15.,Possible
encounter_707,4,13,1,Bugbear,1.0,A group of 1 Bugbear(s) confronts a party of 4 adventurers at level 13.,Possible
encounter_4691,4,14,6,Troll,5.0,A group of 6 Troll(s) confronts a party of 4 adventurers at level 14.,Possible
encounter_3071,2,6,8,Goblin,0.25,A group of 8 Goblin(s) confronts a party of 2 adventurers at level 6.,Possible
encounter_746,3,14,1,Troll,5.0,A group of 1 Troll(s) confronts a party of 3 adventurers at level 14.,Possible
encounter_3595,4,9,1,Troll,5.0,A group of 1 Troll(s) confronts a party of 4 adventurers at level 9.,Possible
encounter_1940,3,10,5,Young Red Dragon,10.0,A group of 5 Young Red Dragon(s) confronts a party of 3 adventurers at level 10.,Not Possible
encounter_4401,5,9,1,Young Red Dragon,10.0,A group of 1 Young Red Dragon(s) confronts a party of 5 adventurers at level 9.,Possible
encounter_2863,1,5,7,Troll,5.0,A group of 7 Troll(s) confronts a party of 1 adventurers at level 5.,Not Possible
encounter_3997,4,12,9,Orc,0.5,A group of 9 Orc(s) confronts a party of 4 adventurers at level 12.,Possible
encounter_514,2,7,1,Goblin,0.25,A group of 1 Goblin(s) confronts a party of 2 adventurers at level 7.,Possible
encounter_82,5,4,3,Young Red Dragon,10.0,A group of 3 Young Red Dragon(s) confronts a party of 5 adventurers at level 4.,Not Possible
encounter_4977,5,14,3,Young Red Dragon,10.0,A group of 3 Young Red Dragon(s) confronts a party of 5 adventurers at level 14.,Possible
encounter_1309,2,12,9,Young Red Dragon,10.0,A group of 9 Young Red Dragon(s) confronts a party of 2 adventurers at level 12.,Not Possible
encounter_4615,4,9,2,Troll,5.0,A group of 2 Troll(s) confronts a party of 4 adventurers at level 9.,Possible
encounter_915,3,18,8,Goblin,0.25,A group of 8 Goblin(s) confronts a party of 3 adventurers at level 18.,Possible
encounter_3453,5,4,9,Goblin,0.25,A group of 9 Goblin(s) confronts a party of 5 adventurers at level 4.,Possible
encounter_3696,2,18,5,Ogre,2.0,A group of 5 Ogre(s) confronts a party of 2 adventurers at level 18.,Possible
encounter_4805,1,15,1,Troll,5.0,A group of 1 Troll(s) confronts a party of 1 adventurers at level 15.,Possible
encounter_3157,5,7,5,Ogre,2.0,A group of 5 Ogre(s) confronts a party of 5 adventurers at level 7.,Possible
encounter_2199,3,19,8,Bugbear,1.0,A group of 8 Bugbear(s) confronts a party of 3 adventurers at level 19.,Possible
encounter_4233,5,16,7,Goblin,0.25,A group of 7 Goblin(s) confronts a party of 5 adventurers at level 16.,Possible
encounter_775,5,16,1,Goblin,0.25,A group of 1 Goblin(s) confronts a party of 5 adventurers at level 16.,Possible
encounter_330,5,2,9,Ogre,2.0,A group of 9 Ogre(s) confronts a party of 5 adventurers at level 2.,Not Possible
encounter_2055,2,5,8,Orc,0.5,A group of 8 Orc(s) confronts a party of 2 adventurers at level 5.,Possible
encounter_2002,5,1,9,Young Red Dragon,10.0,A group of 9 Young Red Dragon(s) confronts a party of 5 adventurers at level 1.,Not Possible
encounter_944,3,18,2,Orc,0.5,A group of 2 Orc(s) confronts a party of 3 adventurers at level 18.,Possible
encounter_823,4,4,3,Young Red Dragon,10.0,A group of 3 Young Red Dragon(s) confronts a party of 4 adventurers at level 4.,Not Possible
encounter_4528,3,8,2,Bugbear,1.0,A group of 2 Bugbear(s) confronts a party of 3 adventurers at level 8.,Possible
encounter_910,3,8,3,Bugbear,1.0,A group of 3 Bugbear(s) confronts a party of 3 adventurers at level 8.,Possible
encounter_2517,2,2,6,Young Red Dragon,10.0,A group of 6 Young Red Dragon(s) confronts a party of 2 adventurers at level 2.,Not Possible
encounter_182,5,11,1,Young Red Dragon,10.0,A group of 1 Young Red Dragon(s) confronts a party of 5 adventurers at level 11.,Possible
encounter_165,5,16,5,Bugbear,1.0,A group of 5 Bugbear(s) confronts a party of 5 adventurers at level 16.,Possible
encounter_1524,1,8,3,Orc,0.5,A group of 3 Orc(s) confronts a party of 1 adventurers at level 8.,Possible
encounter_452,2,4,2,Troll,5.0,A group of 2 Troll(s) confronts a party of 2 adventurers at level 4.,Not Possible
encounter_2539,5,3,6,Troll,5.0,A group of 6 Troll(s) confronts a party of 5 adventurers at level 3.,Not Possible
encounter_4138,2,12,8,Ogre,2.0,A group of 8 Ogre(s) confronts a party of 2 adventurers at level 12.,Possible
encounter_4776,1,17,5,Bugbear,1.0,A group of 5 Bugbear(s) confronts a party of 1 adventurers at level 17.,Possible
encounter_1312,1,9,9,Goblin,0.25,A group of 9 Goblin(s) confronts a party of 1 adventurers at level 9.,Possible
encounter_3150,1,5,8,Bugbear,1.0,A group of 8 Bugbear(s) confronts a party of 1 adventurers at level 5.,Not Possible
encounter_1112,5,11,8,Goblin,0.25,A group of 8 Goblin(s) confronts a party of 5 adventurers at level 11.,Possible
encounter_4548,5,7,5,Orc,0.5,A group of 5 Orc(s) confronts a party of 5 adventurers at level 7.,Possible
encounter_4086,3,19,8,Ogre,2.0,A group of 8 Ogre(s) confronts a party of 3 adventurers at level 19.,Possible
encounter_3490,4,3,5,Young Red Dragon,10.0,A group of 5 Young Red Dragon(s) confronts a party of 4 adventurers at level 3.,Not Possible
encounter_1288,3,4,6,Ogre,2.0,A group of 6 Ogre(s) confronts a party of 3 adventurers at level 4.,Possible
encounter_4178,1,1,1,Bugbear,1.0,A group of 1 Bugbear(s) confronts a party of 1 adventurers at level 1.,Possible
encounter_4646,5,16,2,Troll,5.0,A group of 2 Troll(s) confronts a party of 5 adventurers at level 16.,Possible
encounter_3681,2,8,4,Young Red Dragon,10.0,A group of 4 Young Red Dragon(s) confronts a party of 2 adventurers at level 8.,Not Possible
encounter_4512,4,13,2,Goblin,0.25,A group of 2 Goblin(s) confronts a party of 4 adventurers at level 13.,Possible
encounter_4169,4,12,5,Bugbear,1.0,A group of 5 Bugbear(s) confronts a party of 4 adventurers at level 12.,Possible
encounter_3301,5,17,5,Bugbear,1.0,A group of 5 Bugbear(s) confronts a party of 5 adventurers at level 17.,Possible
encounter_3311,5,17,3,Young Red Dragon,10.0,A group of 3 Young Red Dragon(s) confronts a party of 5 adventurers at level 17.,Possible
encounter_4557,3,3,7,Bugbear,1.0,A group of 7 Bugbear(s) confronts a party of 3 adventurers at level 3.,Possible
encounter_3126,5,7,2,Ogre,2.0,A group of 2 Ogre(s) confronts a party of 5 adventurers at level 7.,Possible
encounter_328,4,4,5,Ogre,2.0,A group of 5 Ogre(s) confronts a party of 4 adventurers at level 4.,Possible
encounter_1791,2,10,5,Bugbear,1.0,A group of 5 Bugbear(s) confronts a party of 2 adventurers at level 10.,Possible
encounter_2491,2,17,5,Bugbear,1.0,A group of 5 Bugbear(s) confronts a party of 2 adventurers at level 17.,Possible
encounter_2007,1,7,5,Ogre,2.0,A group of 5 Ogre(s) confronts a party of 1 adventurers at level 7.,Not Possible
encounter_2008,3,8,7,Goblin,0.25,A group of 7 Goblin(s) confronts a party of 3 adventurers at level 8.,Possible
encounter_1859,4,17,2,Young Red Dragon,10.0,A group of 2 Young Red Dragon(s) confronts a party of 4 adventurers at level 17.,Possible
encounter_4686,1,10,5,Orc,0.5,A group of 5 Orc(s) confronts a party of 1 adventurers at level 10.,Possible
encounter_313,4,16,4,Ogre,2.0,A group of 4 Ogre(s) confronts a party of 4 adventurers at level 16.,Possible
encounter_833,5,14,7,Orc,0.5,A group of 7 Orc(s) confronts a party of 5 adventurers at level 14.,Possible
encounter_3080,1,8,1,Young Red Dragon,10.0,A group of 1 Young Red Dragon(s) confronts a party of 1 adventurers at level 8.,Not Possible
encounter_4718,2,16,2,Troll,5.0,A group of 2 Troll(s) confronts a party of 2 adventurers at level 16.,Possible
encounter_3463,4,9,6,Bugbear,1.0,A group of 6 Bugbear(s) confronts a party of 4 adventurers at level 9.,Possible
encounter_1202,4,11,7,Ogre,2.0,A group of 7 Ogre(s) confronts a party of 4 adventurers at level 11.,Possible
encounter_4392,1,1,6,Bugbear,1.0,A group of 6 Bugbear(s) confronts a party of 1 adventurers at level 1.,Not Possible
encounter_3548,2,5,5,Orc,0.5,A group of 5 Orc(s) confronts a party of 2 adventurers at level 5.,Possible
encounter_4923,2,6,7,Bugbear,1.0,A group of 7 Bugbear(s) confronts a party of 2 adventurers at level 6.,Possible
encounter_2135,5,1,7,Young Red Dragon,10.0,A group of 7 Young Red Dragon(s) confronts a party of 5 adventurers at level 1.,Not Possible
encounter_3452,4,10,8,Orc,0.5,A group of 8 Orc(s) confronts a party of 4 adventurers at level 10.,Possible
encounter_2210,1,9,9,Young Red Dragon,10.0,A group of 9 Young Red Dragon(s) confronts a party of 1 adventurers at level 9.,Not Possible
encounter_1902,2,13,9,Young Red Dragon,10.0,A group of 9 Young Red Dragon(s) confronts a party of 2 adventurers at level 13.,Not Possible
encounter_1482,4,3,4,Young Red Dragon,10.0,A group of 4 Young Red Dragon(s) confronts a party of 4 adventurers at level 3.,Not Possible
encounter_778,1,16,7,Goblin,0.25,A group of 7 Goblin(s) confronts a party of 1 adventurers at level 16.,Possible
encounter_800,4,13,3,Orc,0.5,A group of 3 Orc(s) confronts a party of 4 adventurers at level 13.,Possible
encounter_3715,3,16,3,Ogre,2.0,A group of 3 Ogre(s) confronts a party of 3 adventurers at level 16.,Possible
encounter_3943,4,18,8,Young Red Dragon,10.0,A group of 8 Young Red Dragon(s) confronts a party of 4 adventurers at level 18.,Not Possible
encounter_55,1,16,1,Young Red Dragon,10.0,A group of 1 Young Red Dragon(s) confronts a party of 1 adventurers at level 16.,Possible
encounter_2973,1,1,3,Ogre,2.0,A group of 3 Ogre(s) confronts a party of 1 adventurers at level 1.,Not Possible
encounter_3336,4,18,9,Bugbear,1.0,A group of 9 Bugbear(s) confronts a party of 4 adventurers at level 18.,Possible
encounter_1921,2,10,3,Ogre,2.0,A group of 3 Ogre(s) confronts a party of 2 adventurers at level 10.,Possible
encounter_3716,2,13,6,Troll,5.0,A group of 6 Troll(s) confronts a party of 2 adventurers at level 13.,Not Possible
encounter_4647,2,13,6,Young Red Dragon,10.0,A group of 6 Young Red Dragon(s) confronts a party of 2 adventurers at level 13.,Not Possible
encounter_947,1,5,8,Ogre,2.0,A group of 8 Ogre(s) confronts a party of 1 adventurers at level 5.,Not Possible
encounter_1702,2,9,8,Ogre,2.0,A group of 8 Ogre(s) confronts a party of 2 adventurers at level 9.,Possible
encounter_3294,2,6,7,Goblin,0.25,A group of 7 Goblin(s) confronts a party of 2 adventurers at level 6.,Possible
encounter_2162,2,6,4,Orc,0.5,A group of 4 Orc(s) confronts a party of 2 adventurers at level 6.,Possible
encounter_1137,4,5,9,Goblin,0.25,A group of 9 Goblin(s) confronts a party of 4 adventurers at level 5.,Possible
encounter_988,3,11,7,Bugbear,1.0,A group of 7 Bugbear(s) confronts a party of 3 adventurers at level 11.,Possible
encounter_2550,3,9,9,Goblin,0.25,A group of 9 Goblin(s) confronts a party of 3 adventurers at level 9.,Possible
encounter_194,4,12,1,Troll,5.0,A group of 1 Troll(s) confronts a party of 4 adventurers at level 12.,Possible
encounter_3058,4,4,2,Troll,5.0,A group of 2 Troll(s) confronts a party of 4 adventurers at level 4.,Possible
encounter_3247,1,16,8,Ogre,2.0,A group of 8 Ogre(s) confronts a party of 1 adventurers at level 16.,Possible
encounter_1395,1,17,7,Orc,0.5,A group of 7 Orc(s) confronts a party of 1 adventurers at level 17.,Possible
encounter_2638,4,18,3,Orc,0.5,A group of 3 Orc(s) confronts a party of 4 adventurers at level 18.,Possible
encounter_769,5,11,6,Bugbear,1.0,A group of 6 Bugbear(s) confronts a party of 5 adventurers at level 11.,Possible
encounter_4703,1,6,4,Orc,0.5,A group of 4 Orc(s) confronts a party of 1 adventurers at level 6.,Possible
encounter_3091,1,6,7,Bugbear,1.0,A group of 7 Bugbear(s) confronts a party of 1 adventurers at level 6.,Not Possible
encounter_3496,1,8,6,Troll,5.0,A group of 6 Troll(s) confronts a party of 1 adventurers at level 8.,Not Possible
encounter_3216,5,19,3,Young Red Dragon,10.0,A group of 3 Young Red Dragon(s) confronts a party of 5 adventurers at level 19.,Possible
encounter_286,2,19,4,Young Red Dragon,10.0,A group of 4 Young Red Dragon(s) confronts a party of 2 adventurers at level 19.,Not Possible
encounter_4939,5,10,8,Goblin,0.25,A group of 8 Goblin(s) confronts a party of 5 adventurers at level 10.,Possible
encounter_429,5,12,2,Ogre,2.0,A group of 2 Ogre(s) confronts a party of 5 adventurers at level 12.,Possible
encounter_4449,5,14,2,Goblin,0.25,A group of 2 Goblin(s) confronts a party of 5 adventurers at level 14.,Possible
encounter_2333,3,7,4,Bugbear,1.0,A group of 4 Bugbear(s) confronts a party of 3 adventurers at level 7.,Possible
encounter_2718,3,4,3,Goblin,0.25,A group of 3 Goblin(s) confronts a party of 3 adventurers at level 4.,Possible
encounter_2080,5,18,2,Ogre,2.0,A group of 2 Ogre(s) confronts a party of 5 adventurers at level 18.,Possible
encounter_3390,2,5,6,Goblin,0.25,A group of 6 Goblin(s) confronts a party of 2 adventurers at level 5.,Possible
encounter_723,2,13,8,Ogre,2.0,A group of 8 Ogre(s) confronts a party of 2 adventurers at level 13.,Possible
encounter_952,4,6,9,Troll,5.0,A group of 9 Troll(s) confronts a party of 4 adventurers at level 6.,Not Possible
encounter_4384,5,16,3,Young Red Dragon,10.0,A group of 3 Young Red Dragon(s) confronts a party of 5 adventurers at level 16.,Possible
encounter_4367,1,18,7,Bugbear,1.0,A group of 7 Bugbear(s) confronts a party of 1 adventurers at level 18.,Possible
encounter_2263,3,9,5,Ogre,2.0,A group of 5 Ogre(s) confronts a party of 3 adventurers at level 9.,Possible
encounter_990,2,7,2,Young Red Dragon,10.0,A group of 2 Young Red Dragon(s) confronts a party of 2 adventurers at level 7.,Not Possible
encounter_3213,3,18,4,Goblin,0.25,A group of 4 Goblin(s) confronts a party of 3 adventurers at level 18.,Possible
encounter_1760,3,13,9,Troll,5.0,A group of 9 Troll(s) confronts a party of 3 adventurers at level 13.,Not Possible
encounter_4580,5,9,6,Troll,5.0,A group of 6 Troll(s) confronts a party of 5 adventurers at level 9.,Possible
encounter_327,3,18,4,Ogre,2.0,A group of 4 Ogre(s) confronts a party of 3 adventurers at level 18.,Possible
encounter_2609,4,14,3,Bugbear,1.0,A group of 3 Bugbear(s) confronts a party of 4 adventurers at level 14.,Possible
encounter_1384,4,11,6,Orc,0.5,A group of 6 Orc(s) confronts a party of 4 adventurers at level 11.,Possible
encounter_1725,1,18,8,Ogre,2.0,A group of 8 Ogre(s) confronts a party of 1 adventurers at level 18.,Possible
encounter_1087,2,10,6,Young Red Dragon,10.0,A group of 6 Young Red Dragon(s) confronts a party of 2 adventurers at level 10.,Not Possible
encounter_2524,1,16,8,Goblin,0.25,A group of 8 Goblin(s) confronts a party of 1 adventurers at level 16.,Possible
encounter_342,4,9,1,Bugbear,1.0,A group of 1 Bugbear(s) confronts a party of 4 adventurers at level 9.,Possible
encounter_3702,4,12,9,Troll,5.0,A group of 9 Troll(s) confronts a party of 4 adventurers at level 12.,Possible
encounter_148,5,16,5,Ogre,2.0,A group of 5 Ogre(s) confronts a party of 5 adventurers at level 16.,Possible
encounter_689,2,16,9,Orc,0.5,A group of 9 Orc(s) confronts a party of 2 adventurers at level 16.,Possible
encounter_3433,1,7,3,Bugbear,1.0,A group of 3 Bugbear(s) confronts a party of 1 adventurers at level 7.,Possible
encounter_1108,2,4,2,Troll,5.0,A group of 2 Troll(s) confronts a party of 2 adventurers at level 4.,Not Possible
encounter_849,2,6,2,Troll,5.0,A group of 2 Troll(s) confronts a party of 2 adventurers at level 6.,Possible
encounter_967,4,14,4,Orc,0.5,A group of 4 Orc(s) confronts a party of 4 adventurers at level 14.,Possible
encounter_4728,2,18,5,Bugbear,1.0,A group of 5 Bugbear(s) confronts a party of 2 adventurers at level 18.,Possible
encounter_1493,1,7,8,Ogre,2.0,A group of 8 Ogre(s) confronts a party of 1 adventurers at level 7.,Not Possible
encounter_3954,3,17,9,Troll,5.0,A group of 9 Troll(s) confronts a party of 3 adventurers at level 17.,Possible
encounter_2204,4,10,7,Troll,5.0,A group of 7 Troll(s) confronts a party of 4 adventurers at level 10.,Possible
encounter_2714,5,12,5,Ogre,2.0,A group of 5 Ogre(s) confronts a party of 5 adventurers at level 12.,Possible
encounter_662,3,18,2,Goblin,0.25,A group of 2 Goblin(s) confronts a party of 3 adventurers at level 18.,Possible
encounter_1003,5,6,2,Bugbear,1.0,A group of 2 Bugbear(s) confronts a party of 5 adventurers at level 6.,Possible
encounter_63,3,8,1,Bugbear,1.0,A group of 1 Bugbear(s) confronts a party of 3 adventurers at level 8.,Possible
encounter_285,3,13,8,Orc,0.5,A group of 8 Orc(s) confronts a party of 3 adventurers at level 13.,Possible
encounter_2225,3,4,5,Goblin,0.25,A group of 5 Goblin(s) confronts a party of 3 adventurers at level 4.,Possible
encounter_4707,1,10,3,Ogre,2.0,A group of 3 Ogre(s) confronts a party of 1 adventurers at level 10.,Possible
encounter_1880,2,2,2,Orc,0.5,A group of 2 Orc(s) confronts a party of 2 adventurers at level 2.,Possible
encounter_3573,2,6,7,Orc,0.5,A group of 7 Orc(s) confronts a party of 2 adventurers at level 6.,Possible
encounter_4858,4,9,8,Ogre,2.0,A group of 8 Ogre(s) confronts a party of 4 adventurers at level 9.,Possible
encounter_1204,2,11,7,Ogre,2.0,A group of 7 Ogre(s) confronts a party of 2 adventurers at level 11.,Possible
encounter_1991,3,10,1,Bugbear,1.0,A group of 1 Bugbear(s) confronts a party of 3 adventurers at level 10.,Possible
encounter_25,3,4,9,Ogre,2.0,A group of 9 Ogre(s) confronts a party of 3 adventurers at level 4.,Not Possible
encounter_4853,3,10,8,Ogre,2.0,A group of 8 Ogre(s) confronts a party of 3 adventurers at level 10.,Possible
encounter_4103,5,8,6,Orc,0.5,A group of 6 Orc(s) confronts a party of 5 adventurers at level 8.,Possible
encounter_4168,2,8,4,Goblin,0.25,A group of 4 Goblin(s) confronts a party of 2 adventurers at level 8.,Possible
encounter_763,1,1,1,Orc,0.5,A group of 1 Orc(s) confronts a party of 1 adventurers at level 1.,Possible
encounter_876,1,3,8,Orc,0.5,A group of 8 Orc(s) confronts a party of 1 adventurers at level 3.,Not Possible
encounter_4743,1,3,6,Young Red Dragon,10.0,A group of 6 Young Red Dragon(s) confronts a party of 1 adventurers at level 3.,Not Possible
encounter_939,5,9,8,Goblin,0.25,A group of 8 Goblin(s) confronts a party of 5 adventurers at level 9.,Possible
encounter_2688,4,17,2,Orc,0.5,A group of 2 Orc(s) confronts a party of 4 adventurers at level 17.,Possible
encounter_3601,4,16,3,Young Red Dragon,10.0,A group of 3 Young Red Dragon(s) confronts a party of 4 adventurers at level 16.,Possible
encounter_2395,1,19,3,Young Red Dragon,10.0,A group of 3 Young Red Dragon(s) confronts a party of 1 adventurers at level 19.,Not Possible
encounter_4568,5,19,7,Orc,0.5,A group of 7 Orc(s) confronts a party of 5 adventurers at level 19.,Possible
encounter_4981,5,18,3,Orc,0.5,A group of 3 Orc(s) confronts a party of 5 adventurers at level 18.,Possible
encounter_4125,4,17,1,Bugbear,1.0,A group of 1 Bugbear(s) confronts a party of 4 adventurers at level 17.,Possible
encounter_4565,1,11,2,Young Red Dragon,10.0,A group of 2 Young Red Dragon(s) confronts a party of 1 adventurers at level 11.,Not Possible
encounter_386,4,16,9,Young Red Dragon,10.0,A group of 9 Young Red Dragon(s) confronts a party of 4 adventurers at level 16.,Not Possible
encounter_3878,3,7,2,Orc,0.5,A group of 2 Orc(s) confronts a party of 3 adventurers at level 7.,Possible
encounter_4371,4,1,5,Orc,0.5,A group of 5 Orc(s) confronts a party of 4 adventurers at level 1.,Possible
encounter_4570,1,10,6,Troll,5.0,A group of 6 Troll(s) confronts a party of 1 adventurers at level 10.,Not Possible
encounter_537,4,18,3,Troll,5.0,A group of 3 Troll(s) confronts a party of 4 adventurers at level 18.,Possible
encounter_2292,1,9,4,Bugbear,1.0,A group of 4 Bugbear(s) confronts a party of 1 adventurers at level 9.,Possible
encounter_4666,5,8,8,Goblin,0.25,A group of 8 Goblin(s) confronts a party of 5 adventurers at level 8.,Possible
encounter_3875,3,11,9,Young Red Dragon,10.0,A group of 9 Young Red Dragon(s) confronts a party of 3 adventurers at level 11.,Not Possible
encounter_937,2,18,2,Bugbear,1.0,A group of 2 Bugbear(s) confronts a party of 2 adventurers at level 18.,Possible
encounter_3738,3,15,6,Bugbear,1.0,A group of 6 Bugbear(s) confronts a party of 3 adventurers at level 15.,Possible
encounter_4729,3,13,3,Young Red Dragon,10.0,A group of 3 Young Red Dragon(s) confronts a party of 3 adventurers at level 13.,Possible
encounter_2361,2,10,1,Young Red Dragon,10.0,A group of 1 Young Red Dragon(s) confronts a party of 2 adventurers at level 10.,Possible
encounter_3508,4,2,6,Orc,0.5,A group of 6 Orc(s) confronts a party of 4 adventurers at level 2.,Possible
encounter_202,1,9,7,Goblin,0.25,A group of 7 Goblin(s) confronts a party of 1 adventurers at level 9.,Possible
encounter_3209,2,4,1,Young Red Dragon,10.0,A group of 1 Young Red Dragon(s) confronts a party of 2 adventurers at level 4.,Not Possible
encounter_1333,4,7,2,Ogre,2.0,A group of 2 Ogre(s) confronts a party of 4 adventurers at level 7.,Possible
encounter_3017,3,3,5,Ogre,2.0,A group of 5 Ogre(s) confronts a party of 3 adventurers at level 3.,Not Possible
encounter_3503,4,15,2,Bugbear,1.0,A group of 2 Bugbear(s) confronts a party of 4 adventurers at level 15.,Possible
encounter_2709,2,3,9,Bugbear,1.0,A group of 9 Bugbear(s) confronts a party of 2 adventurers at level 3.,Not Possible
encounter_4022,3,4,6,Troll,5.0,A group of 6 Troll(s) confronts a party of 3 adventurers at level 4.,Not Possible
encounter_1855,5,19,4,Troll,5.0,A group of 4 Troll(s) confronts a party of 5 adventurers at level 19.,Possible
encounter_4470,1,19,5,Young Red Dragon,10.0,A group of 5 Young Red Dragon(s) confronts a party of 1 adventurers at level 19.,Not Possible
encounter_2873,3,11,3,Ogre,2.0,A group of 3 Ogre(s) confronts a party of 3 adventurers at level 11.,Possible
encounter_3031,4,16,4,Bugbear,1.0,A group of 4 Bugbear(s) confronts a party of 4 adventurers at level 16.,Possible
encounter_1206,4,17,5,Bugbear,1.0,A group of 5 Bugbear(s) confronts a party of 4 adventurers at level 17.,Possible
encounter_1646,3,15,6,Troll,5.0,A group of 6 Troll(s) confronts a party of 3 adventurers at level 15.,Possible
encounter_3418,5,1,6,Bugbear,1.0,A group of 6 Bugbear(s) confronts a party of 5 adventurers at level 1.,Not Possible
encounter_3477,4,11,8,Young Red Dragon,10.0,A group of 8 Young Red Dragon(s) confronts a party of 4 adventurers at level 11.,Not Possible
encounter_2862,2,2,3,Orc,0.5,A group of 3 Orc(s) confronts a party of 2 adventurers at level 2.,Possible
encounter_1793,4,10,8,Bugbear,1.0,A group of 8 Bugbear(s) confronts a party of 4 adventurers at level 10.,Possible
encounter_3798,3,13,4,Ogre,2.0,A group of 4 Ogre(s) confronts a party of 3 adventurers at level 13.,Possible
encounter_3369,2,18,1,Bugbear,1.0,A group of 1 Bugbear(s) confronts a party of 2 adventurers at level 18.,Possible
encounter_3368,1,15,8,Goblin,0.25,A group of 8 Goblin(s) confronts a party of 1 adventurers at level 15.,Possible
encounter_3534,4,5,6,Goblin,0.25,A group of 6 Goblin(s) confronts a party of 4 adventurers at level 5.,Possible
encounter_3450,4,15,3,Young Red Dragon,10.0,A group of 3 Young Red Dragon(s) confronts a party of 4 adventurers at level 15.,Possible
encounter_604,3,14,5,Troll,5.0,A group of 5 Troll(s) confronts a party of 3 adventurers at level 14.,Possible
encounter_3057,4,17,7,Ogre,2.0,A group of 7 Ogre(s) confronts a party of 4 adventurers at level 17.,Possible
encounter_4532,3,15,4,Troll,5.0,A group of 4 Troll(s) confronts a party of 3 adventurers at level 15.,Possible
encounter_127,4,3,2,Orc,0.5,A group of 2 Orc(s) confronts a party of 4 adventurers at level 3.,Possible
encounter_3877,4,6,3,Ogre,2.0,A group of 3 Ogre(s) confronts a party of 4 adventurers at level 6.,Possible
encounter_2936,1,5,3,Young Red Dragon,10.0,A group of 3 Young Red Dragon(s) confronts a party of 1 adventurers at level 5.,Not Possible
encounter_3532,4,3,7,Orc,0.5,A group of 7 Orc(s) confronts a party of 4 adventurers at level 3.,Possible
encounter_2731,1,12,7,Young Red Dragon,10.0,A group of 7 Young Red Dragon(s) confronts a party of 1 adventurers at level 12.,Not Possible
encounter_828,1,15,3,Young Red Dragon,10.0,A group of 3 Young Red Dragon(s) confronts a party of 1 adventurers at level 15.,Not Possible
encounter_1640,4,5,9,Bugbear,1.0,A group of 9 Bugbear(s) confronts a party of 4 adventurers at level 5.,Possible
encounter_985,3,13,2,Troll,5.0,A group of 2 Troll(s) confronts a party of 3 adventurers at level 13.,Possible
encounter_3282,1,17,2,Young Red Dragon,10.0,A group of 2 Young Red Dragon(s) confronts a party of 1 adventurers at level 17.,Not Possible
encounter_4972,1,9,1,Ogre,2.0,A group of 1 Ogre(s) confronts a party of 1 adventurers at level 9.,Possible
encounter_2189,1,1,4,Young Red Dragon,10.0,A group of 4 Young Red Dragon(s) confronts a party of 1 adventurers at level 1.,Not Possible
encounter_4613,4,9,7,Orc,0.5,A group of 7 Orc(s) confronts a party of 4 adventurers at level 9.,Possible
encounter_2444,5,7,3,Young Red Dragon,10.0,A group of 3 Young Red Dragon(s) confronts a party of 5 adventurers at level 7.,Possible
encounter_363,4,11,9,Ogre,2.0,A group of 9 Ogre(s) confronts a party of 4 adventurers at level 11.,Possible
encounter_2350,3,1,1,Ogre,2.0,A group of 1 Ogre(s) confronts a party of 3 adventurers at level 1.,Possible
encounter_346,5,19,5,Young Red Dragon,10.0,A group of 5 Young Red Dragon(s) confronts a party of 5 adventurers at level 19.,Possible
encounter_815,2,15,8,Goblin,0.25,A group of 8 Goblin(s) confronts a party of 2 adventurers at level 15.,Possible
encounter_3206,2,19,3,Ogre,2.0,A group of 3 Ogre(s) confronts a party of 2 adventurers at level 19.,Possible
encounter_4161,3,8,4,Young Red Dragon,10.0,A group of 4 Young Red Dragon(s) confronts a party of 3 adventurers at level 8.,Not Possible
encounter_4796,5,6,8,Troll,5.0,A group of 8 Troll(s) confronts a party of 5 adventurers at level 6.,Not Possible
encounter_3326,2,15,3,Young Red Dragon,10.0,A group of 3 Young Red Dragon(s) confronts a party of 2 adventurers at level 15.,Possible
encounter_4107,2,1,8,Bugbear,1.0,A group of 8 Bugbear(s) confronts a party of 2 adventurers at level 1.,Not Possible
encounter_2117,2,17,3,Young Red Dragon,10.0,A group of 3 Young Red Dragon(s) confronts a party of 2 adventurers at level 17.,Possible
encounter_1835,3,14,3,Bugbear,1.0,A group of 3 Bugbear(s) confronts a party of 3 adventurers at level 14.,Possible
encounter_794,4,5,2,Bugbear,1.0,A group of 2 Bugbear(s) confronts a party of 4 adventurers at level 5.,Possible
encounter_4947,2,19,1,Young Red Dragon,10.0,A group of 1 Young Red Dragon(s) confronts a party of 2 adventurers at level 19.,Possible
encounter_2675,3,2,6,Bugbear,1.0,A group of 6 Bugbear(s) confronts a party of 3 adventurers at level 2.,Possible
encounter_95,4,4,2,Young Red Dragon,10.0,A group of 2 Young Red Dragon(s) confronts a party of 4 adventurers at level 4.,Not Possible
encounter_3757,2,7,7,Bugbear,1.0,A group of 7 Bugbear(s) confronts a party of 2 adventurers at level 7.,Possible
encounter_2892,1,16,5,Goblin,0.25,A group of 5 Goblin(s) confronts a party of 1 adventurers at level 16.,Possible
encounter_2372,4,10,2,Young Red Dragon,10.0,A group of 2 Young Red Dragon(s) confronts a party of 4 adventurers at level 10.,Possible
encounter_4150,3,5,7,Troll,5.0,A group of 7 Troll(s) confronts a party of 3 adventurers at level 5.,Not Possible
encounter_4433,4,5,8,Ogre,2.0,A group of 8 Ogre(s) confronts a party of 4 adventurers at level 5.,Possible
encounter_3229,2,1,9,Troll,5.0,A group of 9 Troll(s) confronts a party of 2 adventurers at level 1.,Not Possible
encounter_2854,1,1,2,Troll,5.0,A group of 2 Troll(s) confronts a party of 1 adventurers at level 1.,Not Possible
encounter_2913,4,17,4,Troll,5.0,A group of 4 Troll(s) confronts a party of 4 adventurers at level 17.,Possible
encounter_1866,4,13,3,Bugbear,1.0,A group of 3 Bugbear(s) confronts a party of 4 adventurers at level 13.,Possible
encounter_1858,5,10,8,Bugbear,1.0,A group of 8 Bugbear(s) confronts a party of 5 adventurers at level 10.,Possible
encounter_2646,4,7,2,Goblin,0.25,A group of 2 Goblin(s) confronts a party of 4 adventurers at level 7.,Possible
encounter_2244,1,2,3,Young Red Dragon,10.0,A group of 3 Young Red Dragon(s) confronts a party of 1 adventurers at level 2.,Not Possible
encounter_2337,5,8,6,Goblin,0.25,A group of 6 Goblin(s) confronts a party of 5 adventurers at level 8.,Possible
encounter_951,3,12,3,Goblin,0.25,A group of 3 Goblin(s) confronts a party of 3 adventurers at level 12.,Possible
encounter_3069,2,9,7,Bugbear,1.0,A group of 7 Bugbear(s) confronts a party of 2 adventurers at level 9.,Possible
encounter_1121,4,3,5,Young Red Dragon,10.0,A group of 5 Young Red Dragon(s) confronts a party of 4 adventurers at level 3.,Not Possible
encounter_2598,3,6,5,Young Red Dragon,10.0,A group of 5 Young Red Dragon(s) confronts a party of 3 adventurers at level 6.,Not Possible
encounter_2205,3,19,2,Orc,0.5,A group of 2 Orc(s) confronts a party of 3 adventurers at level 19.,Possible
encounter_420,5,16,4,Orc,0.5,A group of 4 Orc(s) confronts a party of 5 adventurers at level 16.,Possible
encounter_923,4,18,4,Ogre,2.0,A group of 4 Ogre(s) confronts a party of 4 adventurers at level 18.,Possible
encounter_1255,1,6,2,Bugbear,1.0,A group of 2 Bugbear(s) confronts a party of 1 adventurers at level 6.,Possible
encounter_478,1,6,7,Ogre,2.0,A group of 7 Ogre(s) confronts a party of 1 adventurers at level 6.,Not Possible
encounter_2036,1,19,4,Young Red Dragon,10.0,A group of 4 Young Red Dragon(s) confronts a party of 1 adventurers at level 19.,Not Possible
encounter_1203,4,10,4,Ogre,2.0,A group of 4 Ogre(s) confronts a party of 4 adventurers at level 10.,Possible
encounter_2627,5,15,5,Orc,0.5,A group of 5 Orc(s) confronts a party of 5 adventurers at level 15.,Possible
encounter_4819,4,18,6,Bugbear,1.0,A group of 6 Bugbear(s) confronts a party of 4 adventurers at level 18.,Possible
encounter_1971,4,8,6,Troll,5.0,A group of 6 Troll(s) confronts a party of 4 adventurers at level 8.,Possible
encounter_3111,2,1,1,Goblin,0.25,A group of 1 Goblin(s) confronts a party of 2 adventurers at level 1.,Possible
encounter_4019,2,13,1,Goblin,0.25,A group of 1 Goblin(s) confronts a party of 2 adventurers at level 13.,Possible
encounter_2152,1,10,1,Orc,0.5,A group of 1 Orc(s) confronts a party of 1 adventurers at level 10.,Possible
encounter_3688,3,16,7,Bugbear,1.0,A group of 7 Bugbear(s) confronts a party of 3 adventurers at level 16.,Possible
encounter_1998,1,15,5,Troll,5.0,A group of 5 Troll(s) confronts a party of 1 adventurers at level 15.,Not Possible
encounter_4034,1,1,6,Bugbear,1.0,A group of 6 Bugbear(s) confronts a party of 1 adventurers at level 1.,Not Possible
encounter_3055,2,19,7,Troll,5.0,A group of 7 Troll(s) confronts a party of 2 adventurers at level 19.,Possible
encounter_1249,2,13,4,Troll,5.0,A group of 4 Troll(s) confronts a party of 2 adventurers at level 13.,Possible
encounter_2193,2,3,7,Bugbear,1.0,A group of 7 Bugbear(s) confronts a party of 2 adventurers at level 3.,Not Possible
encounter_2713,3,15,8,Bugbear,1.0,A group of 8 Bugbear(s) confronts a party of 3 adventurers at level 15.,Possible
encounter_993,4,1,1,Troll,5.0,A group of 1 Troll(s) confronts a party of 4 adventurers at level 1.,Not Possible
encounter_2191,3,15,2,Ogre,2.0,A group of 2 Ogre(s) confronts a party of 3 adventurers at level 15.,Possible
encounter_3763,5,6,5,Young Red Dragon,10.0,A group of 5 Young Red Dragon(s) confronts a party of 5 adventurers at level 6.,Not Possible
encounter_3598,5,14,8,Goblin,0.25,A group of 8 Goblin(s) confronts a party of 5 adventurers at level 14.,Possible
encounter_1319,2,9,1,Orc,0.5,A group of 1 Orc(s) confronts a party of 2 adventurers at level 9.,Possible
encounter_1864,4,11,2,Orc,0.5,A group of 2 Orc(s) confronts a party of 4 adventurers at level 11.,Possible
encounter_2344,5,12,3,Orc,0.5,A group of 3 Orc(s) confronts a party of 5 adventurers at level 12.,Possible
encounter_2450,3,12,3,Troll,5.0,A group of 3 Troll(s) confronts a party of 3 adventurers at level 12.,Possible
encounter_2137,3,17,5,Young Red Dragon,10.0,A group of 5 Young Red Dragon(s) confronts a party of 3 adventurers at level 17.,Possible
encounter_1066,1,13,7,Ogre,2.0,A group of 7 Ogre(s) confronts a party of 1 adventurers at level 13.,Not Possible
encounter_4961,4,16,1,Young Red Dragon,10.0,A group of 1 Young Red Dragon(s) confronts a party of 4 adventurers at level 16.,Possible
encounter_2622,2,11,6,Young Red Dragon,10.0,A group of 6 Young Red Dragon(s) confronts a party of 2 adventurers at level 11.,Not Possible
encounter_78,4,2,2,Orc,0.5,A group of 2 Orc(s) confronts a party of 4 adventurers at level 2.,Possible
encounter_2899,3,7,4,Troll,5.0,A group of 4 Troll(s) confronts a party of 3 adventurers at level 7.,Possible
encounter_1315,3,13,6,Bugbear,1.0,A group of 6 Bugbear(s) confronts a party of 3 adventurers at level 13.,Possible
encounter_4373,4,8,1,Ogre,2.0,A group of 1 Ogre(s) confronts a party of 4 adventurers at level 8.,Possible
encounter_873,2,14,8,Bugbear,1.0,A group of 8 Bugbear(s) confronts a party of 2 adventurers at level 14.,Possible
encounter_3851,1,11,6,Goblin,0.25,A group of 6 Goblin(s) confronts a party of 1 adventurers at level 11.,Possible
encounter_4788,5,11,1,Goblin,0.25,A group of 1 Goblin(s) confronts a party of 5 adventurers at level 11.,Possible
encounter_2966,5,2,9,Bugbear,1.0,A group of 9 Bugbear(s) confronts a party of 5 adventurers at level 2.,Possible
encounter_3392,5,19,5,Troll,5.0,A group of 5 Troll(s) confronts a party of 5 adventurers at level 19.,Possible
encounter_2561,5,10,1,Orc,0.5,A group of 1 Orc(s) confronts a party of 5 adventurers at level 10.,Possible
encounter_4897,1,5,9,Bugbear,1.0,A group of 9 Bugbear(s) confronts a party of 1 adventurers at level 5.,Not Possible
encounter_2636,1,18,6,Troll,5.0,A group of 6 Troll(s) confronts a party of 1 adventurers at level 18.,Not Possible
encounter_3531,4,17,4,Goblin,0.25,A group of 4 Goblin(s) confronts a party of 4 adventurers at level 17.,Possible
encounter_376,5,10,4,Young Red Dragon,10.0,A group of 4 Young Red Dragon(s) confronts a party of 5 adventurers at level 10.,Possible
encounter_1909,5,19,2,Troll,5.0,A group of 2 Troll(s) confronts a party of 5 adventurers at level 19.,Possible
encounter_4333,3,6,6,Orc,0.5,A group of 6 Orc(s) confronts a party of 3 adventurers at level 6.,Possible
encounter_4380,3,12,4,Goblin,0.25,A group of 4 Goblin(s) confronts a party of 3 adventurers at level 12.,Possible
encounter_4028,3,11,8,Young Red Dragon,10.0,A group of 8 Young Red Dragon(s) confronts a party of 3 adventurers at level 11.,Not Possible
encounter_1605,2,4,3,Ogre,2.0,A group of 3 Ogre(s) confronts a party of 2 adventurers at level 4.,Possible
encounter_1119,4,7,9,Troll,5.0,A group of 9 Troll(s) confronts a party of 4 adventurers at level 7.,Not Possible
encounter_3678,2,11,7,Bugbear,1.0,A group of 7 Bugbear(s) confronts a party of 2 adventurers at level 11.,Possible
encounter_3491,5,19,6,Orc,0.5,A group of 6 Orc(s) confronts a party of 5 adventurers at level 19.,Possible
encounter_4865,1,3,5,Young Red Dragon,10.0,A group of 5 Young Red Dragon(s) confronts a party of 1 adventurers at level 3.,Not Possible
encounter_2959,5,15,2,Orc,0.5,A group of 2 Orc(s) confronts a party of 5 adventurers at level 15.,Possible
encounter_1995,5,5,3,Goblin,0.25,A group of 3 Goblin(s) confronts a party of 5 adventurers at level 5.,Possible
encounter_4956,4,2,8,Troll,5.0,A group of 8 Troll(s) confronts a party of 4 adventurers at level 2.,Not Possible
encounter_4356,2,13,8,Bugbear,1.0,A group of 8 Bugbear(s) confronts a party of 2 adventurers at level 13.,Possible
encounter_2377,3,15,5,Orc,0.5,A group of 5 Orc(s) confronts a party of 3 adventurers at level 15.,Possible
encounter_1343,4,2,8,Orc,0.5,A group of 8 Orc(s) confronts a party of 4 adventurers at level 2.,Possible
encounter_321,4,14,6,Ogre,2.0,A group of 6 Ogre(s) confronts a party of 4 adventurers at level 14.,Possible
encounter_1620,4,17,6,Orc,0.5,A group of 6 Orc(s) confronts a party of 4 adventurers at level 17.,Possible
encounter_3714,5,2,1,Goblin,0.25,A group of 1 Goblin(s) confronts a party of 5 adventurers at level 2.,Possible
encounter_2061,4,16,2,Orc,0.5,A group of 2 Orc(s) confronts a party of 4 adventurers at level 16.,Possible
encounter_2220,4,6,5,Young Red Dragon,10.0,A group of 5 Young Red Dragon(s) confronts a party of 4 adventurers at level 6.,Not Possible
encounter_1674,3,9,9,Young Red Dragon,10.0,A group of 9 Young Red Dragon(s) confronts a party of 3 adventurers at level 9.,Not Possible
encounter_261,4,19,5,Troll,5.0,A group of 5 Troll(s) confronts a party of 4 adventurers at level 19.,Possible
encounter_4418,1,12,1,Orc,0.5,A group of 1 Orc(s) confronts a party of 1 adventurers at level 12.,Possible
encounter_2040,3,15,7,Bugbear,1.0,A group of 7 Bugbear(s) confronts a party of 3 adventurers at level 15.,Possible
encounter_902,1,8,4,Ogre,2.0,A group of 4 Ogre(s) confronts a party of 1 adventurers at level 8.,Possible
encounter_3745,1,6,1,Ogre,2.0,A group of 1 Ogre(s) confronts a party of 1 adventurers at level 6.,Possible
encounter_2027,5,17,6,Orc,0.5,A group of 6 Orc(s) confronts a party of 5 adventurers at level 17.,Possible
encounter_1918,1,10,1,Bugbear,1.0,A group of 1 Bugbear(s) confronts a party of 1 adventurers at level 10.,Possible
encounter_1829,2,7,2,Ogre,2.0,A group of 2 Ogre(s) confronts a party of 2 adventurers at level 7.,Possible
encounter_1574,3,13,4,Young Red Dragon,10.0,A group of 4 Young Red Dragon(s) confronts a party of 3 adventurers at level 13.,Not Possible
encounter_4395,5,11,3,Orc,0.5,A group of 3 Orc(s) confronts a party of 5 adventurers at level 11.,Possible
encounter_4209,2,9,8,Young Red Dragon,10.0,A group of 8 Young Red Dragon(s) confronts a party of 2 adventurers at level 9.,Not Possible
encounter_225,2,18,3,Ogre,2.0,A group of 3 Ogre(s) confronts a party of 2 adventurers at level 18.,Possible
encounter_724,3,2,5,Ogre,2.0,A group of 5 Ogre(s) confronts a party of 3 adventurers at level 2.,Not Possible
encounter_4486,3,7,4,Young Red Dragon,10.0,A group of 4 Young Red Dragon(s) confronts a party of 3 adventurers at level 7.,Not Possible
encounter_1142,5,9,4,Ogre,2.0,A group of 4 Ogre(s) confronts a party of 5 adventurers at level 9.,Possible
encounter_2763,5,11,5,Troll,5.0,A group of 5 Troll(s) confronts a party of 5 adventurers at level 11.,Possible
encounter_847,4,9,6,Ogre,2.0,A group of 6 Ogre(s) confronts a party of 4 adventurers at level 9.,Possible
encounter_2552,4,12,5,Troll,5.0,A group of 5 Troll(s) confronts a party of 4 adventurers at level 12.,Possible
encounter_2929,3,15,2,Troll,5.0,A group of 2 Troll(s) confronts a party of 3 adventurers at level 15.,Possible
encounter_118,5,13,6,Orc,0.5,A group of 6 Orc(s) confronts a party of 5 adventurers at level 13.,Possible
encounter_646,4,13,8,Ogre,2.0,A group of 8 Ogre(s) confronts a party of 4 adventurers at level 13.,Possible
encounter_4,4,17,7,Goblin,0.25,A group of 7 Goblin(s) confronts a party of 4 adventurers at level 17.,Possible
encounter_4171,4,19,9,Ogre,2.0,A group of 9 Ogre(s) confronts a party of 4 adventurers at level 19.,Possible
encounter_468,2,12,9,Young Red Dragon,10.0,A group of 9 Young Red Dragon(s) confronts a party of 2 adventurers at level 12.,Not Possible
encounter_6,1,9,9,Young Red Dragon,10.0,A group of 9 Young Red Dragon(s) confronts a party of 1 adventurers at level 9.,Not Possible
encounter_920,5,5,3,Ogre,2.0,A group of 3 Ogre(s) confronts a party of 5 adventurers at level 5.,Possible
encounter_2596,5,17,4,Goblin,0.25,A group of 4 Goblin(s) confronts a party of 5 adventurers at level 17.,Possible
encounter_1064,2,16,7,Orc,0.5,A group of 7 Orc(s) confronts a party of 2 adventurers at level 16.,Possible
encounter_2591,1,13,1,Young Red Dragon,10.0,A group of 1 Young Red Dragon(s) confronts a party of 1 adventurers at level 13.,Possible
encounter_243,2,7,8,Troll,5.0,A group of 8 Troll(s) confronts a party of 2 adventurers at level 7.,Not Possible
encounter_1161,2,19,8,Bugbear,1.0,A group of 8 Bugbear(s) confronts a party of 2 adventurers at level 19.,Possible
encounter_2871,4,18,7,Young Red Dragon,10.0,A group of 7 Young Red Dragon(s) confronts a party of 4 adventurers at level 18.,Possible
encounter_3736,5,3,4,Ogre,2.0,A group of 4 Ogre(s) confronts a party of 5 adventurers at level 3.,Possible
encounter_2398,1,12,7,Troll,5.0,A group of 7 Troll(s) confronts a party of 1 adventurers at level 12.,Not Possible
encounter_3518,4,13,2,Ogre,2.0,A group of 2 Ogre(s) confronts a party of 4 adventurers at level 13.,Possible
encounter_3422,2,19,7,Goblin,0.25,A group of 7 Goblin(s) confronts a party of 2 adventurers at level 19.,Possible
encounter_2564,3,2,9,Bugbear,1.0,A group of 9 Bugbear(s) confronts a party of 3 adventurers at level 2.,Not Possible
encounter_1606,4,13,5,Ogre,2.0,A group of 5 Ogre(s) confronts a party of 4 adventurers at level 13.,Possible
encounter_4829,1,9,7,Troll,5.0,A group of 7 Troll(s) confronts a party of 1 adventurers at level 9.,Not Possible
encounter_2325,4,9,4,Orc,0.5,A group of 4 Orc(s) confronts a party of 4 adventurers at level 9.,Possible
encounter_2710,3,14,4,Ogre,2.0,A group of 4 Ogre(s) confronts a party of 3 adventurers at level 14.,Possible
encounter_4399,2,8,3,Ogre,2.0,A group of 3 Ogre(s) confronts a party of 2 adventurers at level 8.,Possible
encounter_1313,3,14,5,Troll,5.0,A group of 5 Troll(s) confronts a party of 3 adventurers at level 14.,Possible
encounter_3449,4,2,4,Troll,5.0,A group of 4 Troll(s) confronts a party of 4 adventurers at level 2.,Not Possible
encounter_3813,3,4,4,Bugbear,1.0,A group of 4 Bugbear(s) confronts a party of 3 adventurers at level 4.,Possible
encounter_4656,2,9,8,Goblin,0.25,A group of 8 Goblin(s) confronts a party of 2 adventurers at level 9.,Possible
encounter_2363,2,18,4,Young Red Dragon,10.0,A group of 4 Young Red Dragon(s) confronts a party of 2 adventurers at level 18.,Not Possible
encounter_1976,3,16,8,Ogre,2.0,A group of 8 Ogre(s) confronts a party of 3 adventurers at level 16.,Possible
encounter_3515,5,13,2,Goblin,0.25,A group of 2 Goblin(s) confronts a party of 5 adventurers at level 13.,Possible
encounter_1762,4,12,8,Orc,0.5,A group of 8 Orc(s) confronts a party of 4 adventurers at level 12.,Possible
encounter_2740,5,18,6,Bugbear,1.0,A group of 6 Bugbear(s) confronts a party of 5 adventurers at level 18.,Possible
encounter_4845,3,2,8,Ogre,2.0,A group of 8 Ogre(s) confronts a party of 3 adventurers at level 2.,Not Possible
encounter_2473,5,2,8,Bugbear,1.0,A group of 8 Bugbear(s) confronts a party of 5 adventurers at level 2.,Possible
encounter_4008,4,16,8,Bugbear,1.0,A group of 8 Bugbear(s) confronts a party of 4 adventurers at level 16.,Possible
encounter_1494,4,13,8,Ogre,2.0,A group of 8 Ogre(s) confronts a party of 4 adventurers at level 13.,Possible
encounter_4207,4,14,9,Ogre,2.0,A group of 9 Ogre(s) confronts a party of 4 adventurers at level 14.,Possible
encounter_2159,5,16,9,Goblin,0.25,A group of 9 Goblin(s) confronts a party of 5 adventurers at level 16.,Possible
encounter_1170,2,19,1,Ogre,2.0,A group of 1 Ogre(s) confronts a party of 2 adventurers at level 19.,Possible
encounter_4517,1,8,9,Bugbear,1.0,A group of 9 Bugbear(s) confronts a party of 1 adventurers at level 8.,Not Possible
encounter_233,4,17,2,Orc,0.5,A group of 2 Orc(s) confronts a party of 4 adventurers at level 17.,Possible
encounter_67,5,12,1,Ogre,2.0,A group of 1 Ogre(s) confronts a party of 5 adventurers at level 12.,Possible
encounter_1604,3,18,2,Ogre,2.0,A group of 2 Ogre(s) confronts a party of 3 adventurers at level 18.,Possible
encounter_3284,5,7,5,Ogre,2.0,A group of 5 Ogre(s) confronts a party of 5 adventurers at level 7.,Possible
encounter_3597,3,16,5,Goblin,0.25,A group of 5 Goblin(s) confronts a party of 3 adventurers at level 16.,Possible
encounter_126,5,3,2,Troll,5.0,A group of 2 Troll(s) confronts a party of 5 adventurers at level 3.,Possible
encounter_1297,2,13,6,Ogre,2.0,A group of 6 Ogre(s) confronts a party of 2 adventurers at level 13.,Possible
encounter_1977,4,11,9,Troll,5.0,A group of 9 Troll(s) confronts a party of 4 adventurers at level 11.,Not Possible
encounter_4518,2,8,7,Young Red Dragon,10.0,A group of 7 Young Red Dragon(s) confronts a party of 2 adventurers at level 8.,Not Possible
encounter_4482,5,10,2,Bugbear,1.0,A group of 2 Bugbear(s) confronts a party of 5 adventurers at level 10.,Possible
encounter_2076,1,15,4,Ogre,2.0,A group of 4 Ogre(s) confronts a party of 1 adventurers at level 15.,Possible
encounter_3087,4,13,7,Bugbear,1.0,A group of 7 Bugbear(s) confronts a party of 4 adventurers at level 13.,Possible
encounter_4346,5,13,3,Orc,0.5,A group of 3 Orc(s) confronts a party of 5 adventurers at level 13.,Possible
encounter_3346,3,7,4,Bugbear,1.0,A group of 4 Bugbear(s) confronts a party of 3 adventurers at level 7.,Possible
encounter_4465,4,4,6,Young Red Dragon,10.0,A group of 6 Young Red Dragon(s) confronts a party of 4 adventurers at level 4.,Not Possible
encounter_2798,5,10,4,Ogre,2.0,A group of 4 Ogre(s) confronts a party of 5 adventurers at level 10.,Possible
encounter_919,1,13,4,Young Red Dragon,10.0,A group of 4 Young Red Dragon(s) confronts a party of 1 adventurers at level 13.,Not Possible
encounter_1647,4,15,6,Orc,0.5,A group of 6 Orc(s) confronts a party of 4 adventurers at level 15.,Possible
encounter_365,3,9,4,Orc,0.5,A group of 4 Orc(s) confronts a party of 3 adventurers at level 9.,Possible
encounter_3288,4,3,5,Goblin,0.25,A group of 5 Goblin(s) confronts a party of 4 adventurers at level 3.,Possible
encounter_2126,4,9,6,Troll,5.0,A group of 6 Troll(s) confronts a party of 4 adventurers at level 9.,Possible
encounter_4124,3,5,8,Bugbear,1.0,A group of 8 Bugbear(s) confronts a party of 3 adventurers at level 5.,Possible
encounter_526,2,3,7,Goblin,0.25,A group of 7 Goblin(s) confronts a party of 2 adventurers at level 3.,Possible
encounter_56,4,15,6,Troll,5.0,A group of 6 Troll(s) confronts a party of 4 adventurers at level 15.,Possible
encounter_639,3,12,1,Troll,5.0,A group of 1 Troll(s) confronts a party of 3 adventurers at level 12.,Possible
encounter_303,1,6,6,Bugbear,1.0,A group of 6 Bugbear(s) confronts a party of 1 adventurers at level 6.,Possible
encounter_2767,2,15,3,Troll,5.0,A group of 3 Troll(s) confronts a party of 2 adventurers at level 15.,Possible
encounter_1277,1,1,1,Orc,0.5,A group of 1 Orc(s) confronts a party of 1 adventurers at level 1.,Possible
encounter_2056,2,14,8,Goblin,0.25,A group of 8 Goblin(s) confronts a party of 2 adventurers at level 14.,Possible
encounter_3645,5,11,9,Orc,0.5,A group of 9 Orc(s) confronts a party of 5 adventurers at level 11.,Possible
encounter_4144,4,4,3,Young Red Dragon,10.0,A group of 3 Young Red Dragon(s) confronts a party of 4 adventurers at level 4.,Not Possible
encounter_2879,5,16,7,Orc,0.5,A group of 7 Orc(s) confronts a party of 5 adventurers at level 16.,Possible
encounter_4203,3,1,9,Young Red Dragon,10.0,A group of 9 Young Red Dragon(s) confronts a party of 3 adventurers at level 1.,Not Possible
encounter_2287,1,17,6,Troll,5.0,A group of 6 Troll(s) confronts a party of 1 adventurers at level 17.,Not Possible
encounter_2262,2,4,9,Orc,0.5,A group of 9 Orc(s) confronts a party of 2 adventurers at level 4.,Possible
encounter_2297,4,8,5,Young Red Dragon,10.0,A group of 5 Young Red Dragon(s) confronts a party of 4 adventurers at level 8.,Not Possible
encounter_1754,5,16,3,Goblin,0.25,A group of 3 Goblin(s) confronts a party of 5 adventurers at level 16.,Possible
encounter_1969,5,3,8,Young Red Dragon,10.0,A group of 8 Young Red Dragon(s) confronts a party of 5 adventurers at level 3.,Not Possible
encounter_4352,3,11,3,Orc,0.5,A group of 3 Orc(s) confronts a party of 3 adventurers at level 11.,Possible
encounter_3118,3,9,4,Young Red Dragon,10.0,A group of 4 Young Red Dragon(s) confronts a party of 3 adventurers at level 9.,Not Possible
encounter_2394,5,19,9,Orc,0.5,A group of 9 Orc(s) confronts a party of 5 adventurers at level 19.,Possible
encounter_524,1,13,1,Goblin,0.25,A group of 1 Goblin(s) confronts a party of 1 adventurers at level 13.,Possible
encounter_3901,2,8,6,Bugbear,1.0,A group of 6 Bugbear(s) confronts a party of 2 adventurers at level 8.,Possible
encounter_3123,5,6,2,Bugbear,1.0,A group of 2 Bugbear(s) confronts a party of 5 adventurers at level 6.,Possible
encounter_4157,1,4,2,Troll,5.0,A group of 2 Troll(s) confronts a party of 1 adventurers at level 4.,Not Possible
encounter_1970,1,6,2,Goblin,0.25,A group of 2 Goblin(s) confronts a party of 1 adventurers at level 6.,Possible
encounter_672,3,8,2,Troll,5.0,A group of 2 Troll(s) confronts a party of 3 adventurers at level 8.,Possible
encounter_4189,5,18,9,Young Red Dragon,10.0,A group of 9 Young Red Dragon(s) confronts a party of 5 adventurers at level 18.,Possible
encounter_667,5,4,6,Ogre,2.0,A group of 6 Ogre(s) confronts a party of 5 adventurers at level 4.,Possible
encounter_4339,2,12,7,Ogre,2.0,A group of 7 Ogre(s) confronts a party of 2 adventurers at level 12.,Possible
encounter_1888,4,2,1,Orc,0.5,A group of 1 Orc(s) confronts a party of 4 adventurers at level 2.,Possible
encounter_3267,1,11,1,Orc,0.5,A group of 1 Orc(s) confronts a party of 1 adventurers at level 11.,Possible
encounter_281,4,7,4,Goblin,0.25,A group of 4 Goblin(s) confronts a party of 4 adventurers at level 7.,Possible
encounter_1720,2,13,7,Bugbear,1.0,A group of 7 Bugbear(s) confronts a party of 2 adventurers at level 13.,Possible
encounter_2948,5,6,8,Bugbear,1.0,A group of 8 Bugbear(s) confronts a party of 5 adventurers at level 6.,Possible
encounter_900,5,9,1,Young Red Dragon,10.0,A group of 1 Young Red Dragon(s) confronts a party of 5 adventurers at level 9.,Possible
encounter_4851,2,15,1,Young Red Dragon,10.0,A group of 1 Young Red Dragon(s) confronts a party of 2 adventurers at level 15.,Possible
encounter_761,2,9,1,Troll,5.0,A group of 1 Troll(s) confronts a party of 2 adventurers at level 9.,Possible
encounter_1907,3,7,4,Ogre,2.0,A group of 4 Ogre(s) confronts a party of 3 adventurers at level 7.,Possible
encounter_4043,5,12,3,Young Red Dragon,10.0,A group of 3 Young Red Dragon(s) confronts a party of 5 adventurers at level 12.,Possible
encounter_3824,4,17,5,Ogre,2.0,A group of 5 Ogre(s) confronts a party of 4 adventurers at level 17.,Possible
encounter_4139,4,3,9,Orc,0.5,A group of 9 Orc(s) confronts a party of 4 adventurers at level 3.,Possible
encounter_3819,2,4,4,Orc,0.5,A group of 4 Orc(s) confronts a party of 2 adventurers at level 4.,Possible
encounter_4301,3,9,5,Troll,5.0,A group of 5 Troll(s) confronts a party of 3 adventurers at level 9.,Possible
encounter_2594,4,13,7,Bugbear,1.0,A group of 7 Bugbear(s) confronts a party of 4 adventurers at level 13.,Possible
encounter_4165,4,5,3,Orc,0.5,A group of 3 Orc(s) confronts a party of 4 adventurers at level 5.,Possible
encounter_3032,4,4,4,Orc,0.5,A group of 4 Orc(s) confronts a party of 4 adventurers at level 4.,Possible
encounter_3580,3,2,2,Young Red Dragon,10.0,A group of 2 Young Red Dragon(s) confronts a party of 3 adventurers at level 2.,Not Possible
encounter_2833,4,14,1,Bugbear,1.0,A group of 1 Bugbear(s) confronts a party of 4 adventurers at level 14.,Possible
encounter_3473,1,12,5,Young Red Dragon,10.0,A group of 5 Young Red Dragon(s) confronts a party of 1 adventurers at level 12.,Not Possible
encounter_138,1,15,5,Bugbear,1.0,A group of 5 Bugbear(s) confronts a party of 1 adventurers at level 15.,Possible
encounter_2181,1,11,5,Young Red Dragon,10.0,A group of 5 Young Red Dragon(s) confronts a party of 1 adventurers at level 11.,Not Possible
encounter_2129,5,6,5,Troll,5.0,A group of 5 Troll(s) confronts a party of 5 adventurers at level 6.,Possible
encounter_3178,4,12,8,Ogre,2.0,A group of 8 Ogre(s) confronts a party of 4 adventurers at level 12.,Possible
encounter_4368,1,1,3,Young Red Dragon,10.0,A group of 3 Young Red Dragon(s) confronts a party of 1 adventurers at level 1.,Not Possible
encounter_4262,5,13,4,Orc,0.5,A group of 4 Orc(s) confronts a party of 5 adventurers at level 13.,Possible
encounter_4345,5,2,7,Young Red Dragon,10.0,A group of 7 Young Red Dragon(s) confronts a party of 5 adventurers at level 2.,Not Possible
encounter_1332,2,9,8,Goblin,0.25,A group of 8 Goblin(s) confronts a party of 2 adventurers at level 9.,Possible
encounter_2018,3,11,7,Ogre,2.0,A group of 7 Ogre(s) confronts a party of 3 adventurers at level 11.,Possible
encounter_2483,1,3,6,Troll,5.0,A group of 6 Troll(s) confronts a party of 1 adventurers at level 3.,Not Possible
encounter_1359,1,11,2,Ogre,2.0,A group of 2 Ogre(s) confronts a party of 1 adventurers at level 11.,Possible
encounter_1330,2,12,3,Goblin,0.25,A group of 3 Goblin(s) confronts a party of 2 adventurers at level 12.,Possible
encounter_2151,1,13,5,Bugbear,1.0,A group of 5 Bugbear(s) confronts a party of 1 adventurers at level 13.,Possible
encounter_2123,1,11,1,Bugbear,1.0,A group of 1 Bugbear(s) confronts a party of 1 adventurers at level 11.,Possible
encounter_3982,5,8,4,Bugbear,1.0,A group of 4 Bugbear(s) confronts a party of 5 adventurers at level 8.,Possible
encounter_1253,5,4,1,Troll,5.0,A group of 1 Troll(s) confronts a party of 5 adventurers at level 4.,Possible
encounter_3279,1,15,8,Orc,0.5,A group of 8 Orc(s) confronts a party of 1 adventurers at level 15.,Possible
encounter_3375,3,13,4,Orc,0.5,A group of 4 Orc(s) confronts a party of 3 adventurers at level 13.,Possible
encounter_2815,1,6,8,Bugbear,1.0,A group of 8 Bugbear(s) confronts a party of 1 adventurers at level 6.,Not Possible
encounter_1849,1,1,1,Ogre,2.0,A group of 1 Ogre(s) confronts a party of 1 adventurers at level 1.,Not Possible
encounter_3038,5,14,2,Ogre,2.0,A group of 2 Ogre(s) confronts a party of 5 adventurers at level 14.,Possible
encounter_389,1,18,6,Bugbear,1.0,A group of 6 Bugbear(s) confronts a party of 1 adventurers at level 18.,Possible
encounter_236,4,13,9,Goblin,0.25,A group of 9 Goblin(s) confronts a party of 4 adventurers at level 13.,Possible
encounter_1078,4,17,1,Ogre,2.0,A group of 1 Ogre(s) confronts a party of 4 adventurers at level 17.,Possible
encounter_1985,1,3,4,Orc,0.5,A group of 4 Orc(s) confronts a party of 1 adventurers at level 3.,Possible
encounter_4364,2,3,8,Bugbear,1.0,A group of 8 Bugbear(s) confronts a party of 2 adventurers at level 3.,Not Possible
encounter_3963,5,11,4,Troll,5.0,A group of 4 Troll(s) confronts a party of 5 adventurers at level 11.,Possible
encounter_771,5,16,3,Bugbear,1.0,A group of 3 Bugbear(s) confronts a party of 5 adventurers at level 16.,Possible
encounter_2166,2,15,9,Bugbear,1.0,A group of 9 Bugbear(s) confronts a party of 2 adventurers at level 15.,Possible
encounter_674,4,19,6,Ogre,2.0,A group of 6 Ogre(s) confronts a party of 4 adventurers at level 19.,Possible
encounter_250,5,4,7,Troll,5.0,A group of 7 Troll(s) confronts a party of 5 adventurers at level 4.,Not Possible
encounter_1575,3,18,8,Bugbear,1.0,A group of 8 Bugbear(s) confronts a party of 3 adventurers at level 18.,Possible
encounter_3420,3,2,8,Bugbear,1.0,A group of 8 Bugbear(s) confronts a party of 3 adventurers at level 2.,Not Possible
encounter_2082,1,6,8,Young Red Dragon,10.0,A group of 8 Young Red Dragon(s) confronts a party of 1 adventurers at level 6.,Not Possible
encounter_1824,2,14,6,Goblin,0.25,A group of 6 Goblin(s) confronts a party of 2 adventurers at level 14.,Possible
encounter_717,2,4,4,Bugbear,1.0,A group of 4 Bugbear(s) confronts a party of 2 adventurers at level 4.,Possible
encounter_4669,4,7,6,Young Red Dragon,10.0,A group of 6 Young Red Dragon(s) confronts a party of 4 adventurers at level 7.,Not Possible
encounter_2049,4,18,1,Bugbear,1.0,A group of 1 Bugbear(s) confronts a party of 4 adventurers at level 18.,Possible
encounter_4179,3,17,8,Bugbear,1.0,A group of 8 Bugbear(s) confronts a party of 3 adventurers at level 17.,Possible
encounter_2725,3,7,9,Young Red Dragon,10.0,A group of 9 Young Red Dragon(s) confronts a party of 3 adventurers at level 7.,Not Possible
encounter_4522,2,8,1,Troll,5.0,A group of 1 Troll(s) confronts a party of 2 adventurers at level 8.,Possible
encounter_1461,4,2,8,Bugbear,1.0,A group of 8 Bugbear(s) confronts a party of 4 adventurers at level 2.,Possible
encounter_1669,2,3,2,Ogre,2.0,A group of 2 Ogre(s) confronts a party of 2 adventurers at level 3.,Possible
encounter_2757,5,3,1,Troll,5.0,A group of 1 Troll(s) confronts a party of 5 adventurers at level 3.,Possible
encounter_2001,5,11,3,Bugbear,1.0,A group of 3 Bugbear(s) confronts a party of 5 adventurers at level 11.,Possible
encounter_405,2,13,3,Goblin,0.25,A group of 3 Goblin(s) confronts a party of 2 adventurers at level 13.,Possible
encounter_385,5,14,7,Orc,0.5,A group of 7 Orc(s) confronts a party of 5 adventurers at level 14.,Possible
encounter_4536,5,17,3,Ogre,2.0,A group of 3 Ogre(s) confronts a party of 5 adventurers at level 17.,Possible
encounter_2153,3,12,1,Orc,0.5,A group of 1 Orc(s) confronts a party of 3 adventurers at level 12.,Possible
encounter_1634,5,11,5,Goblin,0.25,A group of 5 Goblin(s) confronts a party of 5 adventurers at level 11.,Possible
encounter_4587,3,16,6,Goblin,0.25,A group of 6 Goblin(s) confronts a party of 3 adventurers at level 16.,Possible
encounter_3926,5,3,6,Goblin,0.25,A group of 6 Goblin(s) confronts a party of 5 adventurers at level 3.,Possible
encounter_4159,1,17,2,Goblin,0.25,A group of 2 Goblin(s) confronts a party of 1 adventurers at level 17.,Possible
encounter_224,2,15,7,Troll,5.0,A group of 7 Troll(s) confronts a party of 2 adventurers at level 15.,Not Possible
encounter_2194,5,19,7,Troll,5.0,A group of 7 Troll(s) confronts a party of 5 adventurers at level 19.,Possible
encounter_3137,3,7,7,Troll,5.0,A group of 7 Troll(s) confronts a party of 3 adventurers at level 7.,Not Possible
encounter_1825,5,3,2,Goblin,0.25,A group of 2 Goblin(s) confronts a party of 5 adventurers at level 3.,Possible
encounter_4601,3,10,1,Orc,0.5,A group of 1 Orc(s) confronts a party of 3 adventurers at level 10.,Possible
encounter_798,1,1,9,Goblin,0.25,A group of 9 Goblin(s) confronts a party of 1 adventurers at level 1.,Not Possible
encounter_2872,5,5,8,Ogre,2.0,A group of 8 Ogre(s) confronts a party of 5 adventurers at level 5.,Possible
encounter_10,1,15,1,Orc,0.5,A group of 1 Orc(s) confronts a party of 1 adventurers at level 15.,Possible
encounter_1945,5,19,2,Troll,5.0,A group of 2 Troll(s) confronts a party of 5 adventurers at level 19.,Possible
encounter_1839,3,13,8,Troll,5.0,A group of 8 Troll(s) confronts a party of 3 adventurers at level 13.,Not Possible
encounter_256,3,12,2,Ogre,2.0,A group of 2 Ogre(s) confronts a party of 3 adventurers at level 12.,Possible
encounter_4509,4,18,8,Young Red Dragon,10.0,A group of 8 Young Red Dragon(s) confronts a party of 4 adventurers at level 18.,Not Possible
encounter_1582,4,13,1,Goblin,0.25,A group of 1 Goblin(s) confronts a party of 4 adventurers at level 13.,Possible
encounter_2957,1,9,7,Young Red Dragon,10.0,A group of 7 Young Red Dragon(s) confronts a party of 1 adventurers at level 9.,Not Possible
encounter_925,3,18,7,Young Red Dragon,10.0,A group of 7 Young Red Dragon(s) confronts a party of 3 adventurers at level 18.,Not Possible
encounter_4430,3,9,5,Troll,5.0,A group of 5 Troll(s) confronts a party of 3 adventurers at level 9.,Possible
encounter_2509,1,7,1,Goblin,0.25,A group of 1 Goblin(s) confronts a party of 1 adventurers at level 7.,Possible
encounter_3776,3,5,3,Goblin,0.25,A group of 3 Goblin(s) confronts a party of 3 adventurers at level 5.,Possible
encounter_4137,1,19,8,Young Red Dragon,10.0,A group of 8 Young Red Dragon(s) confronts a party of 1 adventurers at level 19.,Not Possible
encounter_2780,4,3,9,Orc,0.5,A group of 9 Orc(s) confronts a party of 4 adventurers at level 3.,Possible
encounter_540,3,9,3,Orc,0.5,A group of 3 Orc(s) confronts a party of 3 adventurers at level 9.,Possible
encounter_2746,2,13,8,Young Red Dragon,10.0,A group of 8 Young Red Dragon(s) confronts a party of 2 adventurers at level 13.,Not Possible
encounter_4499,3,2,2,Ogre,2.0,A group of 2 Ogre(s) confronts a party of 3 adventurers at level 2.,Possible
encounter_4572,3,16,7,Troll,5.0,A group of 7 Troll(s) confronts a party of 3 adventurers at level 16.,Possible
encounter_1146,5,9,1,Bugbear,1.0,A group of 1 Bugbear(s) confronts a party of 5 adventurers at level 9.,Possible
encounter_668,2,17,7,Young Red Dragon,10.0,A group of 7 Young Red Dragon(s) confronts a party of 2 adventurers at level 17.,Not Possible
encounter_3020,5,15,1,Bugbear,1.0,A group of 1 Bugbear(s) confronts a party of 5 adventurers at level 15.,Possible
encounter_358,4,19,6,Bugbear,1.0,A group of 6 Bugbear(s) confronts a party of 4 adventurers at level 19.,Possible
encounter_2832,5,15,1,Troll,5.0,A group of 1 Troll(s) confronts a party of 5 adventurers at level 15.,Possible
encounter_2784,1,10,6,Ogre,2.0,A group of 6 Ogre(s) confronts a party of 1 adventurers at level 10.,Not Possible
encounter_1354,1,5,7,Young Red Dragon,10.0,A group of 7 Young Red Dragon(s) confronts a party of 1 adventurers at level 5.,Not Possible
encounter_471,4,11,8,Ogre,2.0,A group of 8 Ogre(s) confronts a party of 4 adventurers at level 11.,Possible
encounter_2704,2,16,1,Orc,0.5,A group of 1 Orc(s) confronts a party of 2 adventurers at level 16.,Possible
encounter_3331,2,3,2,Orc,0.5,A group of 2 Orc(s) confronts a party of 2 adventurers at level 3.,Possible
encounter_3638,1,13,4,Troll,5.0,A group of 4 Troll(s) confronts a party of 1 adventurers at level 13.,Not Possible
encounter_1397,3,7,1,Ogre,2.0,A group of 1 Ogre(s) confronts a party of 3 adventurers at level 7.,Possible
encounter_3585,1,1,3,Bugbear,1.0,A group of 3 Bugbear(s) confronts a party of 1 adventurers at level 1.,Not Possible
encounter_4487,5,9,3,Orc,0.5,A group of 3 Orc(s) confronts a party of 5 adventurers at level 9.,Possible
encounter_3377,2,1,3,Troll,5.0,A group of 3 Troll(s) confronts a party of 2 adventurers at level 1.,Not Possible
encounter_1257,4,1,4,Goblin,0.25,A group of 4 Goblin(s) confronts a party of 4 adventurers at level 1.,Possible
encounter_3513,5,18,7,Young Red Dragon,10.0,A group of 7 Young Red Dragon(s) confronts a party of 5 adventurers at level 18.,Possible
encounter_1251,3,8,4,Goblin,0.25,A group of 4 Goblin(s) confronts a party of 3 adventurers at level 8.,Possible
encounter_4808,3,13,5,Orc,0.5,A group of 5 Orc(s) confronts a party of 3 adventurers at level 13.,Possible
encounter_4299,3,6,5,Ogre,2.0,A group of 5 Ogre(s) confronts a party of 3 adventurers at level 6.,Possible
encounter_3285,1,12,1,Goblin,0.25,A group of 1 Goblin(s) confronts a party of 1 adventurers at level 12.,Possible
encounter_2934,1,7,9,Orc,0.5,A group of 9 Orc(s) confronts a party of 1 adventurers at level 7.,Possible
encounter_4176,2,8,5,Ogre,2.0,A group of 5 Ogre(s) confronts a party of 2 adventurers at level 8.,Possible
encounter_1853,3,6,9,Young Red Dragon,10.0,A group of 9 Young Red Dragon(s) confronts a party of 3 adventurers at level 6.,Not Possible
encounter_4870,5,5,4,Young Red Dragon,10.0,A group of 4 Young Red Dragon(s) confronts a party of 5 adventurers at level 5.,Not Possible
encounter_2106,3,6,1,Orc,0.5,A group of 1 Orc(s) confronts a party of 3 adventurers at level 6.,Possible
encounter_134,3,3,3,Goblin,0.25,A group of 3 Goblin(s) confronts a party of 3 adventurers at level 3.,Possible
encounter_929,4,5,5,Goblin,0.25,A group of 5 Goblin(s) confronts a party of 4 adventurers at level 5.,Possible
encounter_824,1,18,1,Orc,0.5,A group of 1 Orc(s) confronts a party of 1 adventurers at level 18.,Possible
encounter_4544,5,14,3,Troll,5.0,A group of 3 Troll(s) confronts a party of 5 adventurers at level 14.,Possible
encounter_1532,3,15,5,Goblin,0.25,A group of 5 Goblin(s) confronts a party of 3 adventurers at level 15.,Possible
encounter_1215,3,4,9,Troll,5.0,A group of 9 Troll(s) confronts a party of 3 adventurers at level 4.,Not Possible
encounter_505,1,8,3,Troll,5.0,A group of 3 Troll(s) confronts a party of 1 adventurers at level 8.,Not Possible
encounter_4286,3,15,7,Troll,5.0,A group of 7 Troll(s) confronts a party of 3 adventurers at level 15.,Possible
encounter_1997,4,1,8,Goblin,0.25,A group of 8 Goblin(s) confronts a party of 4 adventurers at level 1.,Possible
encounter_3073,1,6,1,Troll,5.0,A group of 1 Troll(s) confronts a party of 1 adventurers at level 6.,Possible
encounter_1959,1,14,8,Ogre,2.0,A group of 8 Ogre(s) confronts a party of 1 adventurers at level 14.,Not Possible
encounter_1385,2,18,4,Bugbear,1.0,A group of 4 Bugbear(s) confronts a party of 2 adventurers at level 18.,Possible
encounter_895,1,17,5,Young Red Dragon,10.0,A group of 5 Young Red Dragon(s) confronts a party of 1 adventurers at level 17.,Not Possible
encounter_456,2,8,8,Ogre,2.0,A group of 8 Ogre(s) confronts a party of 2 adventurers at level 8.,Possible
encounter_4880,1,10,6,Ogre,2.0,A group of 6 Ogre(s) confronts a party of 1 adventurers at level 10.,Not Possible
encounter_3710,2,7,4,Bugbear,1.0,A group of 4 Bugbear(s) confronts a party of 2 adventurers at level 7.,Possible
encounter_4619,2,15,9,Orc,0.5,A group of 9 Orc(s) confronts a party of 2 adventurers at level 15.,Possible
encounter_4269,2,7,4,Young Red Dragon,10.0,A group of 4 Young Red Dragon(s) confronts a party of 2 adventurers at level 7.,Not Possible
encounter_3523,2,17,1,Orc,0.5,A group of 1 Orc(s) confronts a party of 2 adventurers at level 17.,Possible
encounter_4135,4,19,6,Troll,5.0,A group of 6 Troll(s) confronts a party of 4 adventurers at level 19.,Possible
encounter_3603,3,17,1,Orc,0.5,A group of 1 Orc(s) confronts a party of 3 adventurers at level 17.,Possible
encounter_714,3,7,2,Ogre,2.0,A group of 2 Ogre(s) confronts a party of 3 adventurers at level 7.,Possible
encounter_4187,5,12,2,Troll,5.0,A group of 2 Troll(s) confronts a party of 5 adventurers at level 12.,Possible
encounter_2215,2,4,6,Troll,5.0,A group of 6 Troll(s) confronts a party of 2 adventurers at level 4.,Not Possible
encounter_2924,4,14,3,Orc,0.5,A group of 3 Orc(s) confronts a party of 4 adventurers at level 14.,Possible
encounter_1811,3,18,6,Young Red Dragon,10.0,A group of 6 Young Red Dragon(s) confronts a party of 3 adventurers at level 18.,Not Possible
encounter_3487,3,11,1,Bugbear,1.0,A group of 1 Bugbear(s) confronts a party of 3 adventurers at level 11.,Possible
encounter_3142,3,18,7,Troll,5.0,A group of 7 Troll(s) confronts a party of 3 adventurers at level 18.,Possible
encounter_1828,5,6,1,Troll,5.0,A group of 1 Troll(s) confronts a party of 5 adventurers at level 6.,Possible
encounter_1156,3,14,6,Troll,5.0,A group of 6 Troll(s) confronts a party of 3 adventurers at level 14.,Possible
encounter_1325,2,12,8,Bugbear,1.0,A group of 8 Bugbear(s) confronts a party of 2 adventurers at level 12.,Possible
encounter_4313,4,15,4,Troll,5.0,A group of 4 Troll(s) confronts a party of 4 adventurers at level 15.,Possible
encounter_511,5,6,2,Orc,0.5,A group of 2 Orc(s) confronts a party of 5 adventurers at level 6.,Possible
encounter_1681,5,15,8,Young Red Dragon,10.0,A group of 8 Young Red Dragon(s) confronts a party of 5 adventurers at level 15.,Not Possible
encounter_500,5,11,9,Bugbear,1.0,A group of 9 Bugbear(s) confronts a party of 5 adventurers at level 11.,Possible
encounter_4537,4,4,4,Troll,5.0,A group of 4 Troll(s) confronts a party of 4 adventurers at level 4.,Not Possible
encounter_1857,3,16,1,Troll,5.0,A group of 1 Troll(s) confronts a party of 3 adventurers at level 16.,Possible
encounter_1389,5,18,9,Orc,0.5,A group of 9 Orc(s) confronts a party of 5 adventurers at level 18.,Possible
encounter_3720,4,7,2,Young Red Dragon,10.0,A group of 2 Young Red Dragon(s) confronts a party of 4 adventurers at level 7.,Possible
encounter_2387,1,8,5,Ogre,2.0,A group of 5 Ogre(s) confronts a party of 1 adventurers at level 8.,Not Possible
encounter_3237,4,15,9,Ogre,2.0,A group of 9 Ogre(s) confronts a party of 4 adventurers at level 15.,Possible
encounter_1541,3,5,1,Troll,5.0,A group of 1 Troll(s) confronts a party of 3 adventurers at level 5.,Possible
encounter_1218,4,17,5,Goblin,0.25,A group of 5 Goblin(s) confronts a party of 4 adventurers at level 17.,Possible
encounter_2682,1,13,4,Ogre,2.0,A group of 4 Ogre(s) confronts a party of 1 adventurers at level 13.,Possible
encounter_2994,4,13,1,Orc,0.5,A group of 1 Orc(s) confronts a party of 4 adventurers at level 13.,Possible
encounter_1192,2,1,3,Bugbear,1.0,A group of 3 Bugbear(s) confronts a party of 2 adventurers at level 1.,Not Possible
encounter_1543,3,13,2,Troll,5.0,A group of 2 Troll(s) confronts a party of 3 adventurers at level 13.,Possible
encounter_3302,5,2,4,Bugbear,1.0,A group of 4 Bugbear(s) confronts a party of 5 adventurers at level 2.,Possible
encounter_3325,2,4,3,Goblin,0.25,A group of 3 Goblin(s) confronts a party of 2 adventurers at level 4.,Possible
encounter_2540,3,3,4,Ogre,2.0,A group of 4 Ogre(s) confronts a party of 3 adventurers at level 3.,Possible
encounter_954,5,3,8,Young Red Dragon,10.0,A group of 8 Young Red Dragon(s) confronts a party of 5 adventurers at level 3.,Not Possible
encounter_4331,1,18,8,Bugbear,1.0,A group of 8 Bugbear(s) confronts a party of 1 adventurers at level 18.,Possible
encounter_733,3,1,8,Young Red Dragon,10.0,A group of 8 Young Red Dragon(s) confronts a party of 3 adventurers at level 1.,Not Possible
encounter_1157,4,8,1,Bugbear,1.0,A group of 1 Bugbear(s) confronts a party of 4 adventurers at level 8.,Possible
encounter_3295,2,5,6,Goblin,0.25,A group of 6 Goblin(s) confronts a party of 2 adventurers at level 5.,Possible
encounter_2983,4,15,7,Orc,0.5,A group of 7 Orc(s) confronts a party of 4 adventurers at level 15.,Possible
encounter_2157,2,10,8,Goblin,0.25,A group of 8 Goblin(s) confronts a party of 2 adventurers at level 10.,Possible
encounter_1063,2,16,8,Young Red Dragon,10.0,A group of 8 Young Red Dragon(s) confronts a party of 2 adventurers at level 16.,Not Possible
encounter_2617,2,4,3,Young Red Dragon,10.0,A group of 3 Young Red Dragon(s) confronts a party of 2 adventurers at level 4.,Not Possible
encounter_1168,1,18,5,Goblin,0.25,A group of 5 Goblin(s) confronts a party of 1 adventurers at level 18.,Possible
encounter_3223,3,4,3,Young Red Dragon,10.0,A group of 3 Young Red Dragon(s) confronts a party of 3 adventurers at level 4.,Not Possible
encounter_3637,3,8,2,Bugbear,1.0,A group of 2 Bugbear(s) confronts a party of 3 adventurers at level 8.,Possible
encounter_2939,5,18,9,Orc,0.5,A group of 9 Orc(s) confronts a party of 5 adventurers at level 18.,Possible
encounter_4492,3,5,3,Bugbear,1.0,A group of 3 Bugbear(s) confronts a party of 3 adventurers at level 5.,Possible
encounter_3141,2,19,7,Young Red Dragon,10.0,A group of 7 Young Red Dragon(s) confronts a party of 2 adventurers at level 19.,Not Possible
encounter_144,4,18,3,Bugbear,1.0,A group of 3 Bugbear(s) confronts a party of 4 adventurers at level 18.,Possible
encounter_3578,5,19,6,Ogre,2.0,A group of 6 Ogre(s) confronts a party of 5 adventurers at level 19.,Possible
encounter_2783,2,4,7,Orc,0.5,A group of 7 Orc(s) confronts a party of 2 adventurers at level 4.,Possible
encounter_718,4,9,1,Troll,5.0,A group of 1 Troll(s) confronts a party of 4 adventurers at level 9.,Possible
encounter_1820,3,7,8,Young Red Dragon,10.0,A group of 8 Young Red Dragon(s) confronts a party of 3 adventurers at level 7.,Not Possible
encounter_2503,1,13,3,Bugbear,1.0,A group of 3 Bugbear(s) confronts a party of 1 adventurers at level 13.,Possible
encounter_4361,5,12,1,Orc,0.5,A group of 1 Orc(s) confronts a party of 5 adventurers at level 12.,Possible
encounter_4172,5,3,9,Young Red Dragon,10.0,A group of 9 Young Red Dragon(s) confronts a party of 5 adventurers at level 3.,Not Possible
encounter_396,3,19,6,Young Red Dragon,10.0,A group of 6 Young Red Dragon(s) confronts a party of 3 adventurers at level 19.,Not Possible
encounter_4837,4,4,4,Young Red Dragon,10.0,A group of 4 Young Red Dragon(s) confronts a party of 4 adventurers at level 4.,Not Possible
encounter_4493,4,7,3,Ogre,2.0,A group of 3 Ogre(s) confronts a party of 4 adventurers at level 7.,Possible
encounter_1366,2,16,7,Ogre,2.0,A group of 7 Ogre(s) confronts a party of 2 adventurers at level 16.,Possible
encounter_4559,1,7,4,Young Red Dragon,10.0,A group of 4 Young Red Dragon(s) confronts a party of 1 adventurers at level 7.,Not Possible
encounter_596,2,7,6,Bugbear,1.0,A group of 6 Bugbear(s) confronts a party of 2 adventurers at level 7.,Possible
encounter_3953,5,14,9,Orc,0.5,A group of 9 Orc(s) confronts a party of 5 adventurers at level 14.,Possible
encounter_2915,2,10,3,Bugbear,1.0,A group of 3 Bugbear(s) confronts a party of 2 adventurers at level 10.,Possible
encounter_2327,2,15,1,Orc,0.5,A group of 1 Orc(s) confronts a party of 2 adventurers at level 15.,Possible
encounter_3767,5,17,7,Goblin,0.25,A group of 7 Goblin(s) confronts a party of 5 adventurers at level 17.,Possible
encounter_3441,4,1,1,Bugbear,1.0,A group of 1 Bugbear(s) confronts a party of 4 adventurers at level 1.,Possible
encounter_3852,1,10,1,Orc,0.5,A group of 1 Orc(s) confronts a party of 1 adventurers at level 10.,Possible
encounter_4133,2,6,3,Bugbear,1.0,A group of 3 Bugbear(s) confronts a party of 2 adventurers at level 6.,Possible
encounter_4592,3,5,1,Orc,0.5,A group of 1 Orc(s) confronts a party of 3 adventurers at level 5.,Possible
encounter_2144,2,18,1,Ogre,2.0,A group of 1 Ogre(s) confronts a party of 2 adventurers at level 18.,Possible
encounter_1572,4,3,3,Young Red Dragon,10.0,A group of 3 Young Red Dragon(s) confronts a party of 4 adventurers at level 3.,Not Possible
encounter_4080,3,11,5,Goblin,0.25,A group of 5 Goblin(s) confronts a party of 3 adventurers at level 11.,Possible
encounter_1123,4,1,7,Young Red Dragon,10.0,A group of 7 Young Red Dragon(s) confronts a party of 4 adventurers at level 1.,Not Possible
encounter_2787,5,16,6,Orc,0.5,A group of 6 Orc(s) confronts a party of 5 adventurers at level 16.,Possible
encounter_2968,1,13,2,Troll,5.0,A group of 2 Troll(s) confronts a party of 1 adventurers at level 13.,Possible
encounter_2505,1,11,5,Bugbear,1.0,A group of 5 Bugbear(s) confronts a party of 1 adventurers at level 11.,Possible
encounter_3466,3,14,5,Ogre,2.0,A group of 5 Ogre(s) confronts a party of 3 adventurers at level 14.,Possible
encounter_676,4,18,8,Bugbear,1.0,A group of 8 Bugbear(s) confronts a party of 4 adventurers at level 18.,Possible
encounter_2809,2,12,9,Young Red Dragon,10.0,A group of 9 Young Red Dragon(s) confronts a party of 2 adventurers at level 12.,Not Possible
encounter_3349,3,3,2,Orc,0.5,A group of 2 Orc(s) confronts a party of 3 adventurers at level 3.,Possible
encounter_729,5,13,7,Ogre,2.0,A group of 7 Ogre(s) confronts a party of 5 adventurers at level 13.,Possible
encounter_413,1,17,1,Goblin,0.25,A group of 1 Goblin(s) confronts a party of 1 adventurers at level 17.,Possible
encounter_3147,1,4,8,Bugbear,1.0,A group of 8 Bugbear(s) confronts a party of 1 adventurers at level 4.,Not Possible
encounter_1517,4,13,4,Goblin,0.25,A group of 4 Goblin(s) confronts a party of 4 adventurers at level 13.,Possible
encounter_826,1,6,7,Bugbear,1.0,A group of 7 Bugbear(s) confronts a party of 1 adventurers at level 6.,Not Possible
encounter_3268,4,2,6,Orc,0.5,A group of 6 Orc(s) confronts a party of 4 adventurers at level 2.,Possible
encounter_3975,5,17,9,Bugbear,1.0,A group of 9 Bugbear(s) confronts a party of 5 adventurers at level 17.,Possible
encounter_617,1,13,4,Goblin,0.25,A group of 4 Goblin(s) confronts a party of 1 adventurers at level 13.,Possible
encounter_115,4,17,7,Troll,5.0,A group of 7 Troll(s) confronts a party of 4 adventurers at level 17.,Possible
encounter_418,2,4,3,Ogre,2.0,A group of 3 Ogre(s) confronts a party of 2 adventurers at level 4.,Possible
encounter_3070,2,4,3,Bugbear,1.0,A group of 3 Bugbear(s) confronts a party of 2 adventurers at level 4.,Possible
encounter_1626,5,14,2,Orc,0.5,A group of 2 Orc(s) confronts a party of 5 adventurers at level 14.,Possible
encounter_4951,2,19,2,Goblin,0.25,A group of 2 Goblin(s) confronts a party of 2 adventurers at level 19.,Possible
encounter_4186,1,7,5,Bugbear,1.0,A group of 5 Bugbear(s) confronts a party of 1 adventurers at level 7.,Possible
encounter_2897,5,17,4,Young Red Dragon,10.0,A group of 4 Young Red Dragon(s) confronts a party of 5 adventurers at level 17.,Possible
encounter_4672,3,13,5,Young Red Dragon,10.0,A group of 5 Young Red Dragon(s) confronts a party of 3 adventurers at level 13.,Not Possible
encounter_2083,3,3,3,Ogre,2.0,A group of 3 Ogre(s) confronts a party of 3 adventurers at level 3.,Possible
encounter_754,4,1,8,Orc,0.5,A group of 8 Orc(s) confronts a party of 4 adventurers at level 1.,Possible
encounter_2547,1,1,2,Orc,0.5,A group of 2 Orc(s) confronts a party of 1 adventurers at level 1.,Possible
encounter_3970,5,17,7,Ogre,2.0,A group of 7 Ogre(s) confronts a party of 5 adventurers at level 17.,Possible
encounter_3374,5,3,1,Troll,5.0,A group of 1 Troll(s) confronts a party of 5 adventurers at level 3.,Possible
encounter_4108,1,4,3,Young Red Dragon,10.0,A group of 3 Young Red Dragon(s) confronts a party of 1 adventurers at level 4.,Not Possible
encounter_2445,4,6,7,Troll,5.0,A group of 7 Troll(s) confronts a party of 4 adventurers at level 6.,Not Possible
encounter_4381,4,2,2,Young Red Dragon,10.0,A group of 2 Young Red Dragon(s) confronts a party of 4 adventurers at level 2.,Not Possible
encounter_1067,1,7,1,Young Red Dragon,10.0,A group of 1 Young Red Dragon(s) confronts a party of 1 adventurers at level 7.,Not Possible
encounter_3914,2,5,7,Goblin,0.25,A group of 7 Goblin(s) confronts a party of 2 adventurers at level 5.,Possible
encounter_3499,2,18,4,Bugbear,1.0,A group of 4 Bugbear(s) confronts a party of 2 adventurers at level 18.,Possible
encounter_2739,4,7,6,Orc,0.5,A group of 6 Orc(s) confronts a party of 4 adventurers at level 7.,Possible
encounter_4001,2,15,1,Ogre,2.0,A group of 1 Ogre(s) confronts a party of 2 adventurers at level 15.,Possible
encounter_1569,5,13,9,Orc,0.5,A group of 9 Orc(s) confronts a party of 5 adventurers at level 13.,Possible
encounter_2428,3,2,3,Young Red Dragon,10.0,A group of 3 Young Red Dragon(s) confronts a party of 3 adventurers at level 2.,Not Possible
encounter_3747,1,6,3,Ogre,2.0,A group of 3 Ogre(s) confronts a party of 1 adventurers at level 6.,Possible
encounter_4640,1,14,8,Troll,5.0,A group of 8 Troll(s) confronts a party of 1 adventurers at level 14.,Not Possible
encounter_1688,2,1,5,Ogre,2.0,A group of 5 Ogre(s) confronts a party of 2 adventurers at level 1.,Not Possible
encounter_852,2,5,5,Young Red Dragon,10.0,A group of 5 Young Red Dragon(s) confronts a party of 2 adventurers at level 5.,Not Possible
encounter_3547,5,10,8,Goblin,0.25,A group of 8 Goblin(s) confronts a party of 5 adventurers at level 10.,Possible
encounter_896,2,10,9,Ogre,2.0,A group of 9 Ogre(s) confronts a party of 2 adventurers at level 10.,Possible
encounter_4593,5,19,2,Ogre,2.0,A group of 2 Ogre(s) confronts a party of 5 adventurers at level 19.,Possible
encounter_336,2,15,1,Young Red Dragon,10.0,A group of 1 Young Red Dragon(s) confronts a party of 2 adventurers at level 15.,Possible
encounter_2840,2,14,8,Goblin,0.25,A group of 8 Goblin(s) confronts a party of 2 adventurers at level 14.,Possible
encounter_3088,4,8,4,Troll,5.0,A group of 4 Troll(s) confronts a party of 4 adventurers at level 8.,Possible
encounter_1349,2,7,9,Young Red Dragon,10.0,A group of 9 Young Red Dragon(s) confronts a party of 2 adventurers at level 7.,Not Possible
encounter_1016,2,11,7,Young Red Dragon,10.0,A group of 7 Young Red Dragon(s) confronts a party of 2 adventurers at level 11.,Not Possible
encounter_2817,5,9,9,Young Red Dragon,10.0,A group of 9 Young Red Dragon(s) confronts a party of 5 adventurers at level 9.,Not Possible
encounter_1632,1,10,5,Ogre,2.0,A group of 5 Ogre(s) confronts a party of 1 adventurers at level 10.,Possible
encounter_2490,2,6,2,Goblin,0.25,A group of 2 Goblin(s) confronts a party of 2 adventurers at level 6.,Possible
encounter_3731,4,3,4,Bugbear,1.0,A group of 4 Bugbear(s) confronts a party of 4 adventurers at level 3.,Possible
encounter_3252,2,16,1,Ogre,2.0,A group of 1 Ogre(s) confronts a party of 2 adventurers at level 16.,Possible
encounter_4635,2,5,4,Goblin,0.25,A group of 4 Goblin(s) confronts a party of 2 adventurers at level 5.,Possible
encounter_2071,4,7,2,Orc,0.5,A group of 2 Orc(s) confronts a party of 4 adventurers at level 7.,Possible
encounter_4453,3,10,6,Goblin,0.25,A group of 6 Goblin(s) confronts a party of 3 adventurers at level 10.,Possible
encounter_4883,3,11,8,Young Red Dragon,10.0,A group of 8 Young Red Dragon(s) confronts a party of 3 adventurers at level 11.,Not Possible
encounter_1636,1,6,4,Young Red Dragon,10.0,A group of 4 Young Red Dragon(s) confronts a party of 1 adventurers at level 6.,Not Possible
encounter_2480,4,5,6,Orc,0.5,A group of 6 Orc(s) confronts a party of 4 adventurers at level 5.,Possible
encounter_2266,3,2,3,Orc,0.5,A group of 3 Orc(s) confronts a party of 3 adventurers at level 2.,Possible
encounter_2960,4,17,8,Troll,5.0,A group of 8 Troll(s) confronts a party of 4 adventurers at level 17.,Possible
encounter_4732,2,16,5,Ogre,2.0,A group of 5 Ogre(s) confronts a party of 2 adventurers at level 16.,Possible
encounter_3060,3,5,9,Troll,5.0,A group of 9 Troll(s) confronts a party of 3 adventurers at level 5.,Not Possible
encounter_2142,1,16,5,Bugbear,1.0,A group of 5 Bugbear(s) confronts a party of 1 adventurers at level 16.,Possible
encounter_3119,5,9,5,Bugbear,1.0,A group of 5 Bugbear(s) confronts a party of 5 adventurers at level 9.,Possible
encounter_4726,2,18,2,Ogre,2.0,A group of 2 Ogre(s) confronts a party of 2 adventurers at level 18.,Possible
encounter_4046,5,9,8,Troll,5.0,A group of 8 Troll(s) confronts a party of 5 adventurers at level 9.,Possible
encounter_3357,3,9,3,Ogre,2.0,A group of 3 Ogre(s) confronts a party of 3 adventurers at level 9.,Possible
encounter_2745,4,9,9,Ogre,2.0,A group of 9 Ogre(s) confronts a party of 4 adventurers at level 9.,Possible
encounter_3507,2,1,1,Troll,5.0,A group of 1 Troll(s) confronts a party of 2 adventurers at level 1.,Not Possible
encounter_1680,2,12,2,Young Red Dragon,10.0,A group of 2 Young Red Dragon(s) confronts a party of 2 adventurers at level 12.,Possible
encounter_4250,5,5,5,Young Red Dragon,10.0,A group of 5 Young Red Dragon(s) confronts a party of 5 adventurers at level 5.,Not Possible
encounter_3148,3,18,5,Troll,5.0,A group of 5 Troll(s) confronts a party of 3 adventurers at level 18.,Possible
encounter_2295,5,3,4,Orc,0.5,A group of 4 Orc(s) confronts a party of 5 adventurers at level 3.,Possible
encounter_581,4,5,3,Ogre,2.0,A group of 3 Ogre(s) confronts a party of 4 adventurers at level 5.,Possible
encounter_1471,2,17,9,Bugbear,1.0,A group of 9 Bugbear(s) confronts a party of 2 adventurers at level 17.,Possible
encounter_4071,5,6,1,Troll,5.0,A group of 1 Troll(s) confronts a party of 5 adventurers at level 6.,Possible
encounter_3344,4,10,2,Orc,0.5,A group of 2 Orc(s) confronts a party of 4 adventurers at level 10.,Possible
encounter_4584,2,12,5,Orc,0.5,A group of 5 Orc(s) confronts a party of 2 adventurers at level 12.,Possible
encounter_3673,3,7,1,Orc,0.5,A group of 1 Orc(s) confronts a party of 3 adventurers at level 7.,Possible
encounter_560,1,16,1,Troll,5.0,A group of 1 Troll(s) confronts a party of 1 adventurers at level 16.,Possible
encounter_2850,3,9,8,Troll,5.0,A group of 8 Troll(s) confronts a party of 3 adventurers at level 9.,Not Possible
encounter_513,1,8,5,Orc,0.5,A group of 5 Orc(s) confronts a party of 1 adventurers at level 8.,Possible
encounter_1082,5,18,3,Ogre,2.0,A group of 3 Ogre(s) confronts a party of 5 adventurers at level 18.,Possible
encounter_1665,1,8,6,Ogre,2.0,A group of 6 Ogre(s) confronts a party of 1 adventurers at level 8.,Not Possible
encounter_1013,4,1,4,Troll,5.0,A group of 4 Troll(s) confronts a party of 4 adventurers at level 1.,Not Possible
encounter_1932,5,15,3,Ogre,2.0,A group of 3 Ogre(s) confronts a party of 5 adventurers at level 15.,Possible
encounter_1151,3,16,7,Goblin,0.25,A group of 7 Goblin(s) confronts a party of 3 adventurers at level 16.,Possible
encounter_2839,3,15,6,Ogre,2.0,A group of 6 Ogre(s) confronts a party of 3 adventurers at level 15.,Possible
encounter_117,4,11,6,Goblin,0.25,A group of 6 Goblin(s) confronts a party of 4 adventurers at level 11.,Possible
encounter_741,3,4,3,Orc,0.5,A group of 3 Orc(s) confronts a party of 3 adventurers at level 4.,Possible
encounter_4807,2,8,7,Troll,5.0,A group of 7 Troll(s) confronts a party of 2 adventurers at level 8.,Not Possible
encounter_3676,3,6,1,Ogre,2.0,A group of 1 Ogre(s) confronts a party of 3 adventurers at level 6.,Possible
encounter_831,4,6,2,Troll,5.0,A group of 2 Troll(s) confronts a party of 4 adventurers at level 6.,Possible
encounter_120,5,16,8,Troll,5.0,A group of 8 Troll(s) confronts a party of 5 adventurers at level 16.,Possible
encounter_4854,2,6,3,Bugbear,1.0,A group of 3 Bugbear(s) confronts a party of 2 adventurers at level 6.,Possible
encounter_4739,3,19,5,Troll,5.0,A group of 5 Troll(s) confronts a party of 3 adventurers at level 19.,Possible
encounter_636,1,13,3,Bugbear,1.0,A group of 3 Bugbear(s) confronts a party of 1 adventurers at level 13.,Possible
encounter_4466,1,16,2,Goblin,0.25,A group of 2 Goblin(s) confronts a party of 1 adventurers at level 16.,Possible
encounter_4365,1,8,5,Bugbear,1.0,A group of 5 Bugbear(s) confronts a party of 1 adventurers at level 8.,Possible
encounter_4143,1,9,8,Young Red Dragon,10.0,A group of 8 Young Red Dragon(s) confronts a party of 1 adventurers at level 9.,Not Possible
encounter_992,2,13,7,Ogre,2.0,A group of 7 Ogre(s) confronts a party of 2 adventurers at level 13.,Possible
encounter_877,4,6,7,Bugbear,1.0,A group of 7 Bugbear(s) confronts a party of 4 adventurers at level 6.,Possible
encounter_5,4,12,2,Orc,0.5,A group of 2 Orc(s) confronts a party of 4 adventurers at level 12.,Possible
encounter_3052,2,16,4,Ogre,2.0,A group of 4 Ogre(s) confronts a party of 2 adventurers at level 16.,Possible
encounter_3125,2,16,8,Bugbear,1.0,A group of 8 Bugbear(s) confronts a party of 2 adventurers at level 16.,Possible
encounter_2661,3,4,8,Bugbear,1.0,A group of 8 Bugbear(s) confronts a party of 3 adventurers at level 4.,Possible
encounter_2492,5,1,8,Young Red Dragon,10.0,A group of 8 Young Red Dragon(s) confronts a party of 5 adventurers at level 1.,Not Possible
encounter_3855,3,18,5,Ogre,2.0,A group of 5 Ogre(s) confronts a party of 3 adventurers at level 18.,Possible
encounter_1716,1,17,6,Bugbear,1.0,A group of 6 Bugbear(s) confronts a party of 1 adventurers at level 17.,Possible
encounter_1149,2,1,3,Troll,5.0,A group of 3 Troll(s) confronts a party of 2 adventurers at level 1.,Not Possible
encounter_3262,5,15,3,Young Red Dragon,10.0,A group of 3 Young Red Dragon(s) confronts a party of 5 adventurers at level 15.,Possible
encounter_575,4,13,1,Young Red Dragon,10.0,A group of 1 Young Red Dragon(s) confronts a party of 4 adventurers at level 13.,Possible
encounter_3770,5,11,3,Orc,0.5,A group of 3 Orc(s) confronts a party of 5 adventurers at level 11.,Possible
encounter_3737,3,15,1,Troll,5.0,A group of 1 Troll(s) confronts a party of 3 adventurers at level 15.,Possible
encounter_4147,2,1,7,Troll,5.0,A group of 7 Troll(s) confronts a party of 2 adventurers at level 1.,Not Possible
encounter_854,3,15,9,Goblin,0.25,A group of 9 Goblin(s) confronts a party of 3 adventurers at level 15.,Possible
encounter_1983,1,12,8,Ogre,2.0,A group of 8 Ogre(s) confronts a party of 1 adventurers at level 12.,Not Possible
encounter_2775,4,2,7,Bugbear,1.0,A group of 7 Bugbear(s) confronts a party of 4 adventurers at level 2.,Possible
encounter_1167,4,3,3,Ogre,2.0,A group of 3 Ogre(s) confronts a party of 4 adventurers at level 3.,Possible
encounter_972,2,17,2,Bugbear,1.0,A group of 2 Bugbear(s) confronts a party of 2 adventurers at level 17.,Possible
encounter_2702,2,16,7,Goblin,0.25,A group of 7 Goblin(s) confronts a party of 2 adventurers at level 16.,Possible
encounter_4496,4,9,4,Goblin,0.25,A group of 4 Goblin(s) confronts a party of 4 adventurers at level 9.,Possible
encounter_3848,5,5,7,Troll,5.0,A group of 7 Troll(s) confronts a party of 5 adventurers at level 5.,Not Possible
encounter_2369,1,1,9,Young Red Dragon,10.0,A group of 9 Young Red Dragon(s) confronts a party of 1 adventurers at level 1.,Not Possible
encounter_4116,3,18,2,Ogre,2.0,A group of 2 Ogre(s) confronts a party of 3 adventurers at level 18.,Possible
encounter_4132,1,12,1,Troll,5.0,A group of 1 Troll(s) confronts a party of 1 adventurers at level 12.,Possible
encounter_2951,4,15,4,Ogre,2.0,A group of 4 Ogre(s) confronts a party of 4 adventurers at level 15.,Possible
encounter_525,5,1,7,Bugbear,1.0,A group of 7 Bugbear(s) confronts a party of 5 adventurers at level 1.,Not Possible
encounter_2456,2,8,6,Goblin,0.25,A group of 6 Goblin(s) confronts a party of 2 adventurers at level 8.,Possible
encounter_1842,1,8,3,Orc,0.5,A group of 3 Orc(s) confronts a party of 1 adventurers at level 8.,Possible
encounter_538,1,6,6,Goblin,0.25,A group of 6 Goblin(s) confronts a party of 1 adventurers at level 6.,Possible
encounter_2807,3,3,6,Young Red Dragon,10.0,A group of 6 Young Red Dragon(s) confronts a party of 3 adventurers at level 3.,Not Possible
encounter_4342,3,1,3,Troll,5.0,A group of 3 Troll(s) confronts a party of 3 adventurers at level 1.,Not Possible
encounter_3176,4,9,7,Orc,0.5,A group of 7 Orc(s) confronts a party of 4 adventurers at level 9.,Possible
encounter_785,2,4,6,Ogre,2.0,A group of 6 Ogre(s) confronts a party of 2 adventurers at level 4.,Not Possible
encounter_4058,1,18,1,Goblin,0.25,A group of 1 Goblin(s) confronts a party of 1 adventurers at level 18.,Possible
encounter_1410,3,4,5,Ogre,2.0,A group of 5 Ogre(s) confronts a party of 3 adventurers at level 4.,Possible
encounter_2538,4,11,1,Orc,0.5,A group of 1 Orc(s) confronts a party of 4 adventurers at level 11.,Possible
encounter_155,1,16,1,Bugbear,1.0,A group of 1 Bugbear(s) confronts a party of 1 adventurers at level 16.,Possible
encounter_3010,4,8,4,Ogre,2.0,A group of 4 Ogre(s) confronts a party of 4 adventurers at level 8.,Possible
encounter_1687,3,2,4,Bugbear,1.0,A group of 4 Bugbear(s) confronts a party of 3 adventurers at level 2.,Possible
encounter_2902,1,4,8,Troll,5.0,A group of 8 Troll(s) confronts a party of 1 adventurers at level 4.,Not Possible
encounter_4950,5,13,9,Young Red Dragon,10.0,A group of 9 Young Red Dragon(s) confronts a party of 5 adventurers at level 13.,Not Possible
encounter_3864,4,14,4,Goblin,0.25,A group of 4 Goblin(s) confronts a party of 4 adventurers at level 14.,Possible
encounter_2734,5,1,1,Ogre,2.0,A group of 1 Ogre(s) confronts a party of 5 adventurers at level 1.,Possible
encounter_1896,4,10,3,Ogre,2.0,A group of 3 Ogre(s) confronts a party of 4 adventurers at level 10.,Possible
encounter_570,2,12,4,Goblin,0.25,A group of 4 Goblin(s) confronts a party of 2 adventurers at level 12.,Possible
encounter_1817,1,9,5,Troll,5.0,A group of 5 Troll(s) confronts a party of 1 adventurers at level 9.,Not Possible
encounter_2066,3,17,4,Ogre,2.0,A group of 4 Ogre(s) confronts a party of 3 adventurers at level 17.,Possible
encounter_128,1,12,5,Goblin,0.25,A group of 5 Goblin(s) confronts a party of 1 adventurers at level 12.,Possible
encounter_3395,3,8,2,Ogre,2.0,A group of 2 Ogre(s) confronts a party of 3 adventurers at level 8.,Possible
encounter_3328,3,7,6,Bugbear,1.0,A group of 6 Bugbear(s) confronts a party of 3 adventurers at level 7.,Possible
encounter_4987,5,13,5,Bugbear,1.0,A group of 5 Bugbear(s) confronts a party of 5 adventurers at level 13.,Possible
encounter_2976,5,1,1,Ogre,2.0,A group of 1 Ogre(s) confronts a party of 5 adventurers at level 1.,Possible
encounter_981,1,6,1,Young Red Dragon,10.0,A group of 1 Young Red Dragon(s) confronts a party of 1 adventurers at level 6.,Not Possible
encounter_2301,4,19,1,Orc,0.5,A group of 1 Orc(s) confronts a party of 4 adventurers at level 19.,Possible
encounter_191,3,3,2,Young Red Dragon,10.0,A group of 2 Young Red Dragon(s) confronts a party of 3 adventurers at level 3.,Not Possible
encounter_1140,4,3,2,Ogre,2.0,A group of 2 Ogre(s) confronts a party of 4 adventurers at level 3.,Possible
encounter_700,1,14,2,Troll,5.0,A group of 2 Troll(s) confronts a party of 1 adventurers at level 14.,Possible
encounter_4781,4,19,6,Troll,5.0,A group of 6 Troll(s) confronts a party of 4 adventurers at level 19.,Possible
encounter_607,5,19,6,Troll,5.0,A group of 6 Troll(s) confronts a party of 5 adventurers at level 19.,Possible
encounter_4277,5,11,8,Troll,5.0,A group of 8 Troll(s) confronts a party of 5 adventurers at level 11.,Possible
encounter_302,3,14,3,Goblin,0.25,A group of 3 Goblin(s) confronts a party of 3 adventurers at level 14.,Possible
encounter_3421,5,18,7,Goblin,0.25,A group of 7 Goblin(s) confronts a party of 5 adventurers at level 18.,Possible
encounter_4821,5,2,3,Orc,0.5,A group of 3 Orc(s) confronts a party of 5 adventurers at level 2.,Possible
encounter_1061,3,2,6,Bugbear,1.0,A group of 6 Bugbear(s) confronts a party of 3 adventurers at level 2.,Possible
encounter_2566,5,10,3,Bugbear,1.0,A group of 3 Bugbear(s) confronts a party of 5 adventurers at level 10.,Possible
encounter_4995,5,14,4,Orc,0.5,A group of 4 Orc(s) confronts a party of 5 adventurers at level 14.,Possible
encounter_1070,1,3,2,Orc,0.5,A group of 2 Orc(s) confronts a party of 1 adventurers at level 3.,Possible
encounter_2525,3,19,4,Goblin,0.25,A group of 4 Goblin(s) confronts a party of 3 adventurers at level 19.,Possible
encounter_2206,4,18,9,Orc,0.5,A group of 9 Orc(s) confronts a party of 4 adventurers at level 18.,Possible
encounter_1244,2,17,8,Ogre,2.0,A group of 8 Ogre(s) confronts a party of 2 adventurers at level 17.,Possible
encounter_17,4,1,1,Troll,5.0,A group of 1 Troll(s) confronts a party of 4 adventurers at level 1.,Not Possible
encounter_3121,1,17,3,Ogre,2.0,A group of 3 Ogre(s) confronts a party of 1 adventurers at level 17.,Possible
encounter_4643,3,16,3,Bugbear,1.0,A group of 3 Bugbear(s) confronts a party of 3 adventurers at level 16.,Possible
encounter_816,4,16,8,Young Red Dragon,10.0,A group of 8 Young Red Dragon(s) confronts a party of 4 adventurers at level 16.,Not Possible
encounter_3068,4,15,9,Goblin,0.25,A group of 9 Goblin(s) confronts a party of 4 adventurers at level 15.,Possible
encounter_4785,4,13,1,Troll,5.0,A group of 1 Troll(s) confronts a party of 4 adventurers at level 13.,Possible
encounter_960,5,7,7,Troll,5.0,A group of 7 Troll(s) confronts a party of 5 adventurers at level 7.,Possible
encounter_226,4,5,9,Bugbear,1.0,A group of 9 Bugbear(s) confronts a party of 4 adventurers at level 5.,Possible
encounter_3355,4,5,1,Ogre,2.0,A group of 1 Ogre(s) confronts a party of 4 adventurers at level 5.,Possible
encounter_2486,5,6,1,Goblin,0.25,A group of 1 Goblin(s) confronts a party of 5 adventurers at level 6.,Possible
encounter_563,1,16,1,Goblin,0.25,A group of 1 Goblin(s) confronts a party of 1 adventurers at level 16.,Possible
encounter_3437,3,9,6,Young Red Dragon,10.0,A group of 6 Young Red Dragon(s) confronts a party of 3 adventurers at level 9.,Not Possible
encounter_1694,1,18,6,Goblin,0.25,A group of 6 Goblin(s) confronts a party of 1 adventurers at level 18.,Possible
encounter_1046,3,11,7,Goblin,0.25,A group of 7 Goblin(s) confronts a party of 3 adventurers at level 11.,Possible
encounter_3447,3,17,7,Troll,5.0,A group of 7 Troll(s) confronts a party of 3 adventurers at level 17.,Possible
encounter_4566,5,5,8,Bugbear,1.0,A group of 8 Bugbear(s) confronts a party of 5 adventurers at level 5.,Possible
encounter_955,5,14,8,Young Red Dragon,10.0,A group of 8 Young Red Dragon(s) confronts a party of 5 adventurers at level 14.,Not Possible
encounter_4986,1,7,1,Bugbear,1.0,A group of 1 Bugbear(s) confronts a party of 1 adventurers at level 7.,Possible
encounter_2736,2,18,8,Ogre,2.0,A group of 8 Ogre(s) confronts a party of 2 adventurers at level 18.,Possible
encounter_4904,5,9,4,Troll,5.0,A group of 4 Troll(s) confronts a party of 5 adventurers at level 9.,Possible
encounter_4736,2,1,3,Goblin,0.25,A group of 3 Goblin(s) confronts a party of 2 adventurers at level 1.,Possible
encounter_4824,4,9,2,Young Red Dragon,10.0,A group of 2 Young Red Dragon(s) confronts a party of 4 adventurers at level 9.,Possible
encounter_1219,4,11,5,Bugbear,1.0,A group of 5 Bugbear(s) confronts a party of 4 adventurers at level 11.,Possible
encounter_1528,1,6,9,Orc,0.5,A group of 9 Orc(s) confronts a party of 1 adventurers at level 6.,Possible
encounter_3988,2,12,4,Goblin,0.25,A group of 4 Goblin(s) confronts a party of 2 adventurers at level 12.,Possible
encounter_1301,3,16,5,Troll,5.0,A group of 5 Troll(s) confronts a party of 3 adventurers at level 16.,Possible
encounter_4892,5,11,4,Bugbear,1.0,A group of 4 Bugbear(s) confronts a party of 5 adventurers at level 11.,Possible
encounter_161,5,2,9,Bugbear,1.0,A group of 9 Bugbear(s) confronts a party of 5 adventurers at level 2.,Possible
encounter_4068,1,16,3,Young Red Dragon,10.0,A group of 3 Young Red Dragon(s) confronts a party of 1 adventurers at level 16.,Not Possible
encounter_957,1,15,3,Goblin,0.25,A group of 3 Goblin(s) confronts a party of 1 adventurers at level 15.,Possible
encounter_3792,3,17,3,Orc,0.5,A group of 3 Orc(s) confronts a party of 3 adventurers at level 17.,Possible
encounter_3235,5,7,9,Young Red Dragon,10.0,A group of 9 Young Red Dragon(s) confronts a party of 5 adventurers at level 7.,Not Possible
encounter_2870,4,4,5,Troll,5.0,A group of 5 Troll(s) confronts a party of 4 adventurers at level 4.,Not Possible
encounter_3778,5,1,1,Ogre,2.0,A group of 1 Ogre(s) confronts a party of 5 adventurers at level 1.,Possible
encounter_4434,2,1,2,Young Red Dragon,10.0,A group of 2 Young Red Dragon(s) confronts a party of 2 adventurers at level 1.,Not Possible
encounter_2962,2,17,7,Bugbear,1.0,A group of 7 Bugbear(s) confronts a party of 2 adventurers at level 17.,Possible
encounter_2201,5,2,9,Bugbear,1.0,A group of 9 Bugbear(s) confronts a party of 5 adventurers at level 2.,Possible
encounter_99,2,18,8,Goblin,0.25,A group of 8 Goblin(s) confronts a party of 2 adventurers at level 18.,Possible
encounter_2558,3,11,5,Ogre,2.0,A group of 5 Ogre(s) confronts a party of 3 adventurers at level 11.,Possible
encounter_3184,5,19,3,Ogre,2.0,A group of 3 Ogre(s) confronts a party of 5 adventurers at level 19.,Possible
encounter_254,2,12,2,Orc,0.5,A group of 2 Orc(s) confronts a party of 2 adventurers at level 12.,Possible
encounter_3924,1,3,9,Goblin,0.25,A group of 9 Goblin(s) confronts a party of 1 adventurers at level 3.,Possible
encounter_4200,3,15,7,Goblin,0.25,A group of 7 Goblin(s) confronts a party of 3 adventurers at level 15.,Possible
encounter_1446,3,1,9,Bugbear,1.0,A group of 9 Bugbear(s) confronts a party of 3 adventurers at level 1.,Not Possible
encounter_1649,1,3,6,Young Red Dragon,10.0,A group of 6 Young Red Dragon(s) confronts a party of 1 adventurers at level 3.,Not Possible
encounter_4683,3,1,1,Orc,0.5,A group of 1 Orc(s) confronts a party of 3 adventurers at level 1.,Possible
encounter_4724,4,18,2,Orc,0.5,A group of 2 Orc(s) confronts a party of 4 adventurers at level 18.,Possible
encounter_3992,1,2,5,Ogre,2.0,A group of 5 Ogre(s) confronts a party of 1 adventurers at level 2.,Not Possible
encounter_1697,3,15,1,Goblin,0.25,A group of 1 Goblin(s) confronts a party of 3 adventurers at level 15.,Possible
encounter_3192,5,8,7,Orc,0.5,A group of 7 Orc(s) confronts a party of 5 adventurers at level 8.,Possible
encounter_4500,4,11,5,Young Red Dragon,10.0,A group of 5 Young Red Dragon(s) confronts a party of 4 adventurers at level 11.,Not Possible
encounter_1155,3,16,6,Orc,0.5,A group of 6 Orc(s) confronts a party of 3 adventurers at level 16.,Possible
encounter_2256,2,18,6,Young Red Dragon,10.0,A group of 6 Young Red Dragon(s) confronts a party of 2 adventurers at level 18.,Not Possible
encounter_1683,5,18,3,Goblin,0.25,A group of 3 Goblin(s) confronts a party of 5 adventurers at level 18.,Possible
encounter_3171,4,11,1,Troll,5.0,A group of 1 Troll(s) confronts a party of 4 adventurers at level 11.,Possible
encounter_2057,1,10,9,Troll,5.0,A group of 9 Troll(s) confronts a party of 1 adventurers at level 10.,Not Possible
encounter_4091,2,7,6,Troll,5.0,A group of 6 Troll(s) confronts a party of 2 adventurers at level 7.,Not Possible
encounter_3109,3,3,4,Goblin,0.25,A group of 4 Goblin(s) confronts a party of 3 adventurers at level 3.,Possible
encounter_4549,4,7,4,Ogre,2.0,A group of 4 Ogre(s) confronts a party of 4 adventurers at level 7.,Possible
encounter_3724,1,12,9,Troll,5.0,A group of 9 Troll(s) confronts a party of 1 adventurers at level 12.,Not Possible
encounter_2050,3,1,5,Ogre,2.0,A group of 5 Ogre(s) confronts a party of 3 adventurers at level 1.,Not Possible
encounter_3644,3,8,9,Orc,0.5,A group of 9 Orc(s) confronts a party of 3 adventurers at level 8.,Possible
encounter_4928,3,11,8,Orc,0.5,A group of 8 Orc(s) confronts a party of 3 adventurers at level 11.,Possible
encounter_624,2,14,3,Young Red Dragon,10.0,A group of 3 Young Red Dragon(s) confronts a party of 2 adventurers at level 14.,Not Possible
encounter_263,1,15,8,Orc,0.5,A group of 8 Orc(s) confronts a party of 1 adventurers at level 15.,Possible
encounter_3370,5,14,4,Orc,0.5,A group of 4 Orc(s) confronts a party of 5 adventurers at level 14.,Possible
encounter_4062,5,14,6,Troll,5.0,A group of 6 Troll(s) confronts a party of 5 adventurers at level 14.,Possible
encounter_1803,2,11,1,Ogre,2.0,A group of 1 Ogre(s) confronts a party of 2 adventurers at level 11.,Possible
encounter_4737,1,16,4,Goblin,0.25,A group of 4 Goblin(s) confronts a party of 1 adventurers at level 16.,Possible
encounter_4993,1,19,4,Orc,0.5,A group of 4 Orc(s) confronts a party of 1 adventurers at level 19.,Possible
encounter_2386,2,7,3,Young Red Dragon,10.0,A group of 3 Young Red Dragon(s) confronts a party of 2 adventurers at level 7.,Not Possible
encounter_1960,2,3,8,Young Red Dragon,10.0,A group of 8 Young Red Dragon(s) confronts a party of 2 adventurers at level 3.,Not Possible
encounter_2977,3,8,1,Bugbear,1.0,A group of 1 Bugbear(s) confronts a party of 3 adventurers at level 8.,Possible
encounter_489,1,10,9,Orc,0.5,A group of 9 Orc(s) confronts a party of 1 adventurers at level 10.,Possible
encounter_1844,5,7,5,Ogre,2.0,A group of 5 Ogre(s) confronts a party of 5 adventurers at level 7.,Possible
encounter_1735,2,12,6,Troll,5.0,A group of 6 Troll(s) confronts a party of 2 adventurers at level 12.,Not Possible
encounter_2912,1,12,4,Orc,0.5,A group of 4 Orc(s) confronts a party of 1 adventurers at level 12.,Possible
encounter_3220,4,2,5,Ogre,2.0,A group of 5 Ogre(s) confronts a party of 4 adventurers at level 2.,Not Possible
encounter_147,4,10,6,Troll,5.0,A group of 6 Troll(s) confronts a party of 4 adventurers at level 10.,Possible
encounter_1987,1,2,8,Goblin,0.25,A group of 8 Goblin(s) confronts a party of 1 adventurers at level 2.,Possible
encounter_1370,1,2,1,Ogre,2.0,A group of 1 Ogre(s) confronts a party of 1 adventurers at level 2.,Possible
encounter_2812,5,7,1,Goblin,0.25,A group of 1 Goblin(s) confronts a party of 5 adventurers at level 7.,Possible
encounter_660,3,8,3,Troll,5.0,A group of 3 Troll(s) confronts a party of 3 adventurers at level 8.,Possible
encounter_1795,2,4,9,Ogre,2.0,A group of 9 Ogre(s) confronts a party of 2 adventurers at level 4.,Not Possible
encounter_2512,4,11,7,Goblin,0.25,A group of 7 Goblin(s) confronts a party of 4 adventurers at level 11.,Possible
encounter_3398,1,13,7,Ogre,2.0,A group of 7 Ogre(s) confronts a party of 1 adventurers at level 13.,Not Possible
encounter_4283,3,12,9,Ogre,2.0,A group of 9 Ogre(s) confronts a party of 3 adventurers at level 12.,Possible
encounter_1148,1,8,5,Young Red Dragon,10.0,A group of 5 Young Red Dragon(s) confronts a party of 1 adventurers at level 8.,Not Possible
encounter_3273,1,7,2,Orc,0.5,A group of 2 Orc(s) confronts a party of 1 adventurers at level 7.,Possible
encounter_609,4,17,3,Bugbear,1.0,A group of 3 Bugbear(s) confronts a party of 4 adventurers at level 17.,Possible
encounter_3583,3,9,6,Troll,5.0,A group of 6 Troll(s) confronts a party of 3 adventurers at level 9.,Not Possible
encounter_1931,3,18,8,Bugbear,1.0,A group of 8 Bugbear(s) confronts a party of 3 adventurers at level 18.,Possible
encounter_198,1,19,8,Orc,0.5,A group of 8 Orc(s) confronts a party of 1 adventurers at level 19.,Possible
encounter_2932,5,6,3,Ogre,2.0,A group of 3 Ogre(s) confronts a party of 5 adventurers at level 6.,Possible
encounter_2328,5,14,5,Goblin,0.25,A group of 5 Goblin(s) confronts a party of 5 adventurers at level 14.,Possible
encounter_4390,5,2,2,Bugbear,1.0,A group of 2 Bugbear(s) confronts a party of 5 adventurers at level 2.,Possible
encounter_767,1,18,6,Troll,5.0,A group of 6 Troll(s) confronts a party of 1 adventurers at level 18.,Not Possible
encounter_4497,3,17,9,Troll,5.0,A group of 9 Troll(s) confronts a party of 3 adventurers at level 17.,Possible
encounter_4219,4,18,6,Troll,5.0,A group of 6 Troll(s) confronts a party of 4 adventurers at level 18.,Possible
encounter_3256,5,1,6,Bugbear,1.0,A group of 6 Bugbear(s) confronts a party of 5 adventurers at level 1.,Not Possible
encounter_203,2,17,5,Troll,5.0,A group of 5 Troll(s) confronts a party of 2 adventurers at level 17.,Possible
encounter_3511,1,11,5,Troll,5.0,A group of 5 Troll(s) confronts a party of 1 adventurers at level 11.,Not Possible
encounter_1734,5,11,1,Troll,5.0,A group of 1 Troll(s) confronts a party of 5 adventurers at level 11.,Possible
encounter_2778,3,15,4,Orc,0.5,A group of 4 Orc(s) confronts a party of 3 adventurers at level 15.,Possible
encounter_1708,3,16,6,Troll,5.0,A group of 6 Troll(s) confronts a party of 3 adventurers at level 16.,Possible
encounter_3475,3,15,1,Goblin,0.25,A group of 1 Goblin(s) confronts a party of 3 adventurers at level 15.,Possible
encounter_855,5,9,2,Goblin,0.25,A group of 2 Goblin(s) confronts a party of 5 adventurers at level 9.,Possible
encounter_4738,3,19,2,Ogre,2.0,A group of 2 Ogre(s) confronts a party of 3 adventurers at level 19.,Possible
encounter_4098,1,9,2,Goblin,0.25,A group of 2 Goblin(s) confronts a party of 1 adventurers at level 9.,Possible
encounter_2161,2,4,2,Goblin,0.25,A group of 2 Goblin(s) confronts a party of 2 adventurers at level 4.,Possible
encounter_699,1,12,5,Goblin,0.25,A group of 5 Goblin(s) confronts a party of 1 adventurers at level 12.,Possible
encounter_4948,3,14,5,Troll,5.0,A group of 5 Troll(s) confronts a party of 3 adventurers at level 14.,Possible
encounter_3000,3,2,4,Goblin,0.25,A group of 4 Goblin(s) confronts a party of 3 adventurers at level 2.,Possible
encounter_3697,3,17,7,Troll,5.0,A group of 7 Troll(s) confronts a party of 3 adventurers at level 17.,Possible
encounter_1637,3,11,8,Bugbear,1.0,A group of 8 Bugbear(s) confronts a party of 3 adventurers at level 11.,Possible
encounter_3458,4,14,8,Orc,0.5,A group of 8 Orc(s) confronts a party of 4 adventurers at level 14.,Possible
encounter_3582,3,15,2,Ogre,2.0,A group of 2 Ogre(s) confronts a party of 3 adventurers at level 15.,Possible
encounter_1292,4,10,2,Orc,0.5,A group of 2 Orc(s) confronts a party of 4 adventurers at level 10.,Possible
encounter_4660,5,19,6,Orc,0.5,A group of 6 Orc(s) confronts a party of 5 adventurers at level 19.,Possible
encounter_1854,1,4,1,Bugbear,1.0,A group of 1 Bugbear(s) confronts a party of 1 adventurers at level 4.,Possible
encounter_3764,5,9,1,Orc,0.5,A group of 1 Orc(s) confronts a party of 5 adventurers at level 9.,Possible
encounter_3305,5,16,3,Goblin,0.25,A group of 3 Goblin(s) confronts a party of 5 adventurers at level 16.,Possible
encounter_4913,1,1,7,Troll,5.0,A group of 7 Troll(s) confronts a party of 1 adventurers at level 1.,Not Possible
encounter_3744,2,4,1,Young Red Dragon,10.0,A group of 1 Young Red Dragon(s) confronts a party of 2 adventurers at level 4.,Not Possible
encounter_3446,1,1,7,Troll,5.0,A group of 7 Troll(s) confronts a party of 1 adventurers at level 1.,Not Possible
encounter_1999,3,14,6,Bugbear,1.0,A group of 6 Bugbear(s) confronts a party of 3 adventurers at level 14.,Possible
encounter_664,2,3,1,Bugbear,1.0,A group of 1 Bugbear(s) confronts a party of 2 adventurers at level 3.,Possible
encounter_4780,1,19,9,Orc,0.5,A group of 9 Orc(s) confronts a party of 1 adventurers at level 19.,Possible
encounter_3749,4,18,8,Ogre,2.0,A group of 8 Ogre(s) confronts a party of 4 adventurers at level 18.,Possible
encounter_4414,5,2,6,Orc,0.5,A group of 6 Orc(s) confronts a party of 5 adventurers at level 2.,Possible
encounter_4745,5,12,6,Young Red Dragon,10.0,A group of 6 Young Red Dragon(s) confronts a party of 5 adventurers at level 12.,Possible
encounter_710,5,3,8,Goblin,0.25,A group of 8 Goblin(s) confronts a party of 5 adventurers at level 3.,Possible
encounter_1283,4,3,1,Goblin,0.25,A group of 1 Goblin(s) confronts a party of 4 adventurers at level 3.,Possible
encounter_2676,4,4,6,Young Red Dragon,10.0,A group of 6 Young Red Dragon(s) confronts a party of 4 adventurers at level 4.,Not Possible
encounter_4030,4,2,5,Goblin,0.25,A group of 5 Goblin(s) confronts a party of 4 adventurers at level 2.,Possible
encounter_1307,2,5,6,Young Red Dragon,10.0,A group of 6 Young Red Dragon(s) confronts a party of 2 adventurers at level 5.,Not Possible
encounter_2238,2,1,3,Troll,5.0,A group of 3 Troll(s) confronts a party of 2 adventurers at level 1.,Not Possible
encounter_3303,5,8,5,Goblin,0.25,A group of 5 Goblin(s) confronts a party of 5 adventurers at level 8.,Possible
encounter_2039,3,1,5,Bugbear,1.0,A group of 5 Bugbear(s) confronts a party of 3 adventurers at level 1.,Not Possible
encounter_1530,5,10,8,Goblin,0.25,A group of 8 Goblin(s) confronts a party of 5 adventurers at level 10.,Possible
encounter_1664,3,10,5,Goblin,0.25,A group of 5 Goblin(s) confronts a party of 3 adventurers at level 10.,Possible
encounter_4935,4,10,4,Bugbear,1.0,A group of 4 Bugbear(s) confronts a party of 4 adventurers at level 10.,Possible
encounter_4954,1,7,2,Goblin,0.25,A group of 2 Goblin(s) confronts a party of 1 adventurers at level 7.,Possible
encounter_3628,1,3,8,Bugbear,1.0,A group of 8 Bugbear(s) confronts a party of 1 adventurers at level 3.,Not Possible
encounter_2694,1,7,3,Orc,0.5,A group of 3 Orc(s) confronts a party of 1 adventurers at level 7.,Possible
encounter_3061,1,15,1,Troll,5.0,A group of 1 Troll(s) confronts a party of 1 adventurers at level 15.,Possible
encounter_1598,5,12,5,Young Red Dragon,10.0,A group of 5 Young Red Dragon(s) confronts a party of 5 adventurers at level 12.,Possible
encounter_2730,1,8,2,Orc,0.5,A group of 2 Orc(s) confronts a party of 1 adventurers at level 8.,Possible
encounter_2626,1,19,7,Young Red Dragon,10.0,A group of 7 Young Red Dragon(s) confronts a party of 1 adventurers at level 19.,Not Possible
encounter_3158,2,14,5,Troll,5.0,A group of 5 Troll(s) confronts a party of 2 adventurers at level 14.,Possible
encounter_3315,3,7,1,Young Red Dragon,10.0,A group of 1 Young Red Dragon(s) confronts a party of 3 adventurers at level 7.,Possible
encounter_1723,3,8,3,Bugbear,1.0,A group of 3 Bugbear(s) confronts a party of 3 adventurers at level 8.,Possible
encounter_1060,3,8,6,Orc,0.5,A group of 6 Orc(s) confronts a party of 3 adventurers at level 8.,Possible
encounter_4637,1,14,8,Orc,0.5,A group of 8 Orc(s) confronts a party of 1 adventurers at level 14.,Possible
encounter_3243,2,17,9,Young Red Dragon,10.0,A group of 9 Young Red Dragon(s) confronts a party of 2 adventurers at level 17.,Not Possible
encounter_1679,3,4,9,Ogre,2.0,A group of 9 Ogre(s) confronts a party of 3 adventurers at level 4.,Not Possible
encounter_1758,5,11,4,Ogre,2.0,A group of 4 Ogre(s) confronts a party of 5 adventurers at level 11.,Possible
encounter_4192,1,17,5,Ogre,2.0,A group of 5 Ogre(s) confronts a party of 1 adventurers at level 17.,Possible
encounter_564,2,1,3,Troll,5.0,A group of 3 Troll(s) confronts a party of 2 adventurers at level 1.,Not Possible
encounter_2791,2,9,4,Orc,0.5,A group of 4 Orc(s) confronts a party of 2 adventurers at level 9.,Possible
encounter_864,4,3,8,Young Red Dragon,10.0,A group of 8 Young Red Dragon(s) confronts a party of 4 adventurers at level 3.,Not Possible
encounter_1485,2,5,5,Young Red Dragon,10.0,A group of 5 Young Red Dragon(s) confronts a party of 2 adventurers at level 5.,Not Possible
encounter_207,5,2,3,Bugbear,1.0,A group of 3 Bugbear(s) confronts a party of 5 adventurers at level 2.,Possible
encounter_4489,2,9,7,Goblin,0.25,A group of 7 Goblin(s) confronts a party of 2 adventurers at level 9.,Possible
encounter_871,1,16,7,Orc,0.5,A group of 7 Orc(s) confronts a party of 1 adventurers at level 16.,Possible
encounter_4494,4,13,7,Orc,0.5,A group of 7 Orc(s) confronts a party of 4 adventurers at level 13.,Possible
encounter_503,4,11,7,Bugbear,1.0,A group of 7 Bugbear(s) confronts a party of 4 adventurers at level 11.,Possible
encounter_1029,2,15,3,Bugbear,1.0,A group of 3 Bugbear(s) confronts a party of 2 adventurers at level 15.,Possible
encounter_3841,3,1,9,Troll,5.0,A group of 9 Troll(s) confronts a party of 3 adventurers at level 1.,Not Possible
encounter_2691,1,12,7,Bugbear,1.0,A group of 7 Bugbear(s) confronts a party of 1 adventurers at level 12.,Possible
encounter_1571,1,4,6,Orc,0.5,A group of 6 Orc(s) confronts a party of 1 adventurers at level 4.,Possible
encounter_2774,4,7,6,Orc,0.5,A group of 6 Orc(s) confronts a party of 4 adventurers at level 7.,Possible
encounter_2732,3,13,4,Ogre,2.0,A group of 4 Ogre(s) confronts a party of 3 adventurers at level 13.,Possible
encounter_805,1,1,3,Orc,0.5,A group of 3 Orc(s) confronts a party of 1 adventurers at level 1.,Not Possible
encounter_3646,3,6,6,Goblin,0.25,A group of 6 Goblin(s) confronts a party of 3 adventurers at level 6.,Possible
encounter_2455,2,12,8,Young Red Dragon,10.0,A group of 8 Young Red Dragon(s) confronts a party of 2 adventurers at level 12.,Not Possible
encounter_4599,2,1,4,Goblin,0.25,A group of 4 Goblin(s) confronts a party of 2 adventurers at level 1.,Possible
encounter_3105,1,17,6,Ogre,2.0,A group of 6 Ogre(s) confronts a party of 1 adventurers at level 17.,Possible
encounter_4876,4,7,7,Young Red Dragon,10.0,A group of 7 Young Red Dragon(s) confronts a party of 4 adventurers at level 7.,Not Possible
encounter_201,1,11,2,Troll,5.0,A group of 2 Troll(s) confronts a party of 1 adventurers at level 11.,Possible
encounter_3100,1,10,3,Young Red Dragon,10.0,A group of 3 Young Red Dragon(s) confronts a party of 1 adventurers at level 10.,Not Possible
encounter_2279,4,1,7,Ogre,2.0,A group of 7 Ogre(s) confronts a party of 4 adventurers at level 1.,Not Possible
encounter_3562,4,9,2,Troll,5.0,A group of 2 Troll(s) confronts a party of 4 adventurers at level 9.,Possible
encounter_4475,3,1,5,Ogre,2.0,A group of 5 Ogre(s) confronts a party of 3 adventurers at level 1.,Not Possible
encounter_4515,3,3,8,Orc,0.5,A group of 8 Orc(s) confronts a party of 3 adventurers at level 3.,Possible
encounter_392,2,5,9,Goblin,0.25,A group of 9 Goblin(s) confronts a party of 2 adventurers at level 5.,Possible
encounter_1496,3,5,3,Ogre,2.0,A group of 3 Ogre(s) confronts a party of 3 adventurers at level 5.,Possible
encounter_2696,5,9,6,Bugbear,1.0,A group of 6 Bugbear(s) confronts a party of 5 adventurers at level 9.,Possible
encounter_2028,2,3,8,Orc,0.5,A group of 8 Orc(s) confronts a party of 2 adventurers at level 3.,Possible
encounter_2569,2,6,9,Troll,5.0,A group of 9 Troll(s) confronts a party of 2 adventurers at level 6.,Not Possible
encounter_65,5,8,4,Ogre,2.0,A group of 4 Ogre(s) confronts a party of 5 adventurers at level 8.,Possible
encounter_3885,4,1,7,Troll,5.0,A group of 7 Troll(s) confronts a party of 4 adventurers at level 1.,Not Possible
encounter_2063,4,2,7,Bugbear,1.0,A group of 7 Bugbear(s) confronts a party of 4 adventurers at level 2.,Possible
encounter_493,3,14,3,Troll,5.0,A group of 3 Troll(s) confronts a party of 3 adventurers at level 14.,Possible
encounter_380,5,17,5,Bugbear,1.0,A group of 5 Bugbear(s) confronts a party of 5 adventurers at level 17.,Possible
encounter_4860,1,10,4,Young Red Dragon,10.0,A group of 4 Young Red Dragon(s) confronts a party of 1 adventurers at level 10.,Not Possible
encounter_3994,2,16,4,Troll,5.0,A group of 4 Troll(s) confronts a party of 2 adventurers at level 16.,Possible
encounter_4888,2,17,2,Bugbear,1.0,A group of 2 Bugbear(s) confronts a party of 2 adventurers at level 17.,Possible
encounter_1077,5,15,8,Ogre,2.0,A group of 8 Ogre(s) confronts a party of 5 adventurers at level 15.,Possible
encounter_879,2,6,6,Young Red Dragon,10.0,A group of 6 Young Red Dragon(s) confronts a party of 2 adventurers at level 6.,Not Possible
encounter_338,1,18,2,Orc,0.5,A group of 2 Orc(s) confronts a party of 1 adventurers at level 18.,Possible
encounter_1017,1,1,5,Orc,0.5,A group of 5 Orc(s) confronts a party of 1 adventurers at level 1.,Not Possible
encounter_1276,5,14,2,Ogre,2.0,A group of 2 Ogre(s) confronts a party of 5 adventurers at level 14.,Possible
encounter_3799,5,3,6,Orc,0.5,A group of 6 Orc(s) confronts a party of 5 adventurers at level 3.,Possible
encounter_4552,2,8,7,Young Red Dragon,10.0,A group of 7 Young Red Dragon(s) confronts a party of 2 adventurers at level 8.,Not Possible
encounter_3343,5,6,4,Bugbear,1.0,A group of 4 Bugbear(s) confronts a party of 5 adventurers at level 6.,Possible
encounter_4912,2,16,9,Bugbear,1.0,A group of 9 Bugbear(s) confronts a party of 2 adventurers at level 16.,Possible
encounter_996,2,2,9,Ogre,2.0,A group of 9 Ogre(s) confronts a party of 2 adventurers at level 2.,Not Possible
encounter_1982,3,10,7,Orc,0.5,A group of 7 Orc(s) confronts a party of 3 adventurers at level 10.,Possible
encounter_4298,2,3,3,Young Red Dragon,10.0,A group of 3 Young Red Dragon(s) confronts a party of 2 adventurers at level 3.,Not Possible
encounter_162,5,10,2,Ogre,2.0,A group of 2 Ogre(s) confronts a party of 5 adventurers at level 10.,Possible
encounter_4799,3,13,3,Troll,5.0,A group of 3 Troll(s) confronts a party of 3 adventurers at level 13.,Possible
encounter_1501,4,3,3,Young Red Dragon,10.0,A group of 3 Young Red Dragon(s) confronts a party of 4 adventurers at level 3.,Not Possible
encounter_3844,5,12,9,Troll,5.0,A group of 9 Troll(s) confronts a party of 5 adventurers at level 12.,Possible
encounter_2614,1,6,6,Young Red Dragon,10.0,A group of 6 Young Red Dragon(s) confronts a party of 1 adventurers at level 6.,Not Possible
encounter_3462,4,18,2,Young Red Dragon,10.0,A group of 2 Young Red Dragon(s) confronts a party of 4 adventurers at level 18.,Possible
encounter_1022,3,8,4,Young Red Dragon,10.0,A group of 4 Young Red Dragon(s) confronts a party of 3 adventurers at level 8.,Not Possible
encounter_3074,2,4,2,Orc,0.5,A group of 2 Orc(s) confronts a party of 2 adventurers at level 4.,Possible
encounter_3944,4,16,1,Orc,0.5,A group of 1 Orc(s) confronts a party of 4 adventurers at level 16.,Possible
encounter_1586,2,19,7,Orc,0.5,A group of 7 Orc(s) confronts a party of 2 adventurers at level 19.,Possible
encounter_1956,3,17,3,Young Red Dragon,10.0,A group of 3 Young Red Dragon(s) confronts a party of 3 adventurers at level 17.,Possible
encounter_3153,2,17,5,Troll,5.0,A group of 5 Troll(s) confronts a party of 2 adventurers at level 17.,Possible
encounter_35,1,19,5,Ogre,2.0,A group of 5 Ogre(s) confronts a party of 1 adventurers at level 19.,Possible
encounter_4015,2,3,7,Goblin,0.25,A group of 7 Goblin(s) confronts a party of 2 adventurers at level 3.,Possible
encounter_776,3,2,7,Ogre,2.0,A group of 7 Ogre(s) confronts a party of 3 adventurers at level 2.,Not Possible
encounter_2557,3,19,4,Orc,0.5,A group of 4 Orc(s) confronts a party of 3 adventurers at level 19.,Possible
encounter_1479,1,10,6,Goblin,0.25,A group of 6 Goblin(s) confronts a party of 1 adventurers at level 10.,Possible
encounter_1364,5,2,7,Troll,5.0,A group of 7 Troll(s) confronts a party of 5 adventurers at level 2.,Not Possible
encounter_2613,5,7,4,Troll,5.0,A group of 4 Troll(s) confronts a party of 5 adventurers at level 7.,Possible
encounter_2825,5,12,1,Young Red Dragon,10.0,A group of 1 Young Red Dragon(s) confronts a party of 5 adventurers at level 12.,Possible
encounter_2042,2,9,5,Troll,5.0,A group of 5 Troll(s) confronts a party of 2 adventurers at level 9.,Not Possible
encounter_242,5,1,7,Goblin,0.25,A group of 7 Goblin(s) confronts a party of 5 adventurers at level 1.,Possible
encounter_2062,1,7,7,Ogre,2.0,A group of 7 Ogre(s) confronts a party of 1 adventurers at level 7.,Not Possible
encounter_2364,3,3,4,Ogre,2.0,A group of 4 Ogre(s) confronts a party of 3 adventurers at level 3.,Possible
encounter_601,5,9,9,Young Red Dragon,10.0,A group of 9 Young Red Dragon(s) confronts a party of 5 adventurers at level 9.,Not Possible
encounter_2436,2,18,1,Ogre,2.0,A group of 1 Ogre(s) confronts a party of 2 adventurers at level 18.,Possible
encounter_2889,1,6,8,Troll,5.0,A group of 8 Troll(s) confronts a party of 1 adventurers at level 6.,Not Possible
encounter_647,5,17,7,Goblin,0.25,A group of 7 Goblin(s) confronts a party of 5 adventurers at level 17.,Possible
encounter_3891,1,9,1,Ogre,2.0,A group of 1 Ogre(s) confronts a party of 1 adventurers at level 9.,Possible
encounter_3557,1,14,9,Young Red Dragon,10.0,A group of 9 Young Red Dragon(s) confronts a party of 1 adventurers at level 14.,Not Possible
encounter_3203,2,8,6,Young Red Dragon,10.0,A group of 6 Young Red Dragon(s) confronts a party of 2 adventurers at level 8.,Not Possible
encounter_1529,1,1,9,Ogre,2.0,A group of 9 Ogre(s) confronts a party of 1 adventurers at level 1.,Not Possible
encounter_1268,2,18,4,Troll,5.0,A group of 4 Troll(s) confronts a party of 2 adventurers at level 18.,Possible
encounter_1900,3,16,4,Orc,0.5,A group of 4 Orc(s) confronts a party of 3 adventurers at level 16.,Possible
encounter_4659,2,14,2,Ogre,2.0,A group of 2 Ogre(s) confronts a party of 2 adventurers at level 14.,Possible
encounter_3006,4,13,1,Bugbear,1.0,A group of 1 Bugbear(s) confronts a party of 4 adventurers at level 13.,Possible
encounter_2735,3,4,6,Orc,0.5,A group of 6 Orc(s) confronts a party of 3 adventurers at level 4.,Possible
encounter_190,2,8,7,Young Red Dragon,10.0,A group of 7 Young Red Dragon(s) confronts a party of 2 adventurers at level 8.,Not Possible
encounter_1807,1,5,4,Goblin,0.25,A group of 4 Goblin(s) confronts a party of 1 adventurers at level 5.,Possible
encounter_976,1,13,9,Bugbear,1.0,A group of 9 Bugbear(s) confronts a party of 1 adventurers at level 13.,Possible
encounter_2748,3,7,7,Troll,5.0,A group of 7 Troll(s) confronts a party of 3 adventurers at level 7.,Not Possible
encounter_2048,2,11,1,Ogre,2.0,A group of 1 Ogre(s) confronts a party of 2 adventurers at level 11.,Possible
encounter_2559,5,8,6,Orc,0.5,A group of 6 Orc(s) confronts a party of 5 adventurers at level 8.,Possible
encounter_1083,1,9,4,Ogre,2.0,A group of 4 Ogre(s) confronts a party of 1 adventurers at level 9.,Possible
encounter_475,5,15,1,Orc,0.5,A group of 1 Orc(s) confronts a party of 5 adventurers at level 15.,Possible
encounter_2905,4,12,3,Young Red Dragon,10.0,A group of 3 Young Red Dragon(s) confronts a party of 4 adventurers at level 12.,Possible
encounter_4844,3,19,4,Goblin,0.25,A group of 4 Goblin(s) confronts a party of 3 adventurers at level 19.,Possible
encounter_4118,3,2,2,Bugbear,1.0,A group of 2 Bugbear(s) confronts a party of 3 adventurers at level 2.,Possible
encounter_3386,4,11,3,Orc,0.5,A group of 3 Orc(s) confronts a party of 4 adventurers at level 11.,Possible
encounter_4556,2,2,7,Orc,0.5,A group of 7 Orc(s) confronts a party of 2 adventurers at level 2.,Possible
encounter_1185,4,9,6,Ogre,2.0,A group of 6 Ogre(s) confronts a party of 4 adventurers at level 9.,Possible
encounter_2434,3,7,7,Troll,5.0,A group of 7 Troll(s) confronts a party of 3 adventurers at level 7.,Not Possible
encounter_2392,1,12,7,Bugbear,1.0,A group of 7 Bugbear(s) confronts a party of 1 adventurers at level 12.,Possible
encounter_770,2,17,9,Bugbear,1.0,A group of 9 Bugbear(s) confronts a party of 2 adventurers at level 17.,Possible
encounter_1686,5,6,2,Orc,0.5,A group of 2 Orc(s) confronts a party of 5 adventurers at level 6.,Possible
encounter_131,3,4,9,Orc,0.5,A group of 9 Orc(s) confronts a party of 3 adventurers at level 4.,Possible
encounter_2920,4,16,3,Goblin,0.25,A group of 3 Goblin(s) confronts a party of 4 adventurers at level 16.,Possible
encounter_3172,1,12,9,Troll,5.0,A group of 9 Troll(s) confronts a party of 1 adventurers at level 12.,Not Possible
encounter_3445,5,10,8,Orc,0.5,A group of 8 Orc(s) confronts a party of 5 adventurers at level 10.,Possible
encounter_4427,2,19,4,Troll,5.0,A group of 4 Troll(s) confronts a party of 2 adventurers at level 19.,Possible
encounter_467,4,18,1,Troll,5.0,A group of 1 Troll(s) confronts a party of 4 adventurers at level 18.,Possible
encounter_3093,5,8,3,Ogre,2.0,A group of 3 Ogre(s) confronts a party of 5 adventurers at level 8.,Possible
encounter_3773,2,1,2,Troll,5.0,A group of 2 Troll(s) confronts a party of 2 adventurers at level 1.,Not Possible
encounter_861,4,18,3,Orc,0.5,A group of 3 Orc(s) confronts a party of 4 adventurers at level 18.,Possible
